step,true_x,true_z,true_vx,true_vz,true_theta,true_theta_dot,true_fuel,est_x,est_z,est_vx,est_vz,est_theta,est_theta_dot,est_fuel,err_x,err_z,err_vx,err_vz,err_theta,err_theta_dot,err_fuel
0,0.31533265212048317,254.00015928613084,-0.48042781023384945,-5.0,0.07638920125138005,-0.019074019578565818,100.0,0.3172882786962147,254.0079286676399,-0.47696312343676284,-4.987507372589584,0.07536478765756982,-0.020174275948636747,100.15415567750881,0.001955626575731506,0.007769381509064033,0.0034646867970866135,0.012492627410416013,-0.001024413593810225,-0.0011002563700709296,0.1541556775088111
1,0.2914098145601075,253.74841160523297,-0.4765780270193833,-5.069878881769824,0.07506787866928029,-0.033778883705424215,99.97168093707919,0.29275258288985034,253.747736519353,-0.4900512229089697,-5.057126724526048,0.07416883787629258,-0.03274920940300475,100.00545857736783,0.0013427683297428383,-0.0006750858799762227,-0.013473195889586398,0.012752157243776097,-0.000899040792987707,0.0010296743024194657,0.033777640288647603
2,0.2676660794244016,253.49324030254218,-0.4733145033946262,-5.136944793476905,0.0730240930544951,-0.047972540885983385,99.94318183200659,0.26158359535852854,253.4898815456194,-0.4710876684644869,-5.147793350231597,0.07264662194676141,-0.04765390256052275,99.99764677773908,-0.006082484065873084,-0.0033587569227790937,0.0022268349301393098,-0.01084855675469143,-0.0003774711077336873,0.0003186383254606337,0.05446494573249083
3,0.24408471320062913,253.23481570325592,-0.4701337122418904,-5.200010970223287,0.07028267089944983,-0.06168434531582774,99.91442197893873,0.2331410888314804,253.23521592758374,-0.4552101620607727,-5.208375519604085,0.07054574501525357,-0.060882541651908165,99.93870760596202,-0.010943624369148724,0.0004002243278193873,0.014923550181117684,-0.008364549380798003,0.0002630741158037436,0.0008018036639195758,0.02428562702328918
4,0.22066718290264148,252.97330300142127,-0.4668095339879072,-5.260468776224889,0.06687352557259117,-0.07468146775851824,99.88549568101747,0.21277345318920984,252.97975545397327,-0.4717332453114737,-5.253243099050467,0.06742259344044976,-0.07469260561426445,99.89873898473552,-0.007893729713431635,0.006452452551997112,-0.004923711323566504,0.007225677174422351,0.0005490678678585909,-1.1137855746218284e-05,0.013243303718041943
5,0.19743875576112685,252.70881669602312,-0.46261480128050203,-5.318954408360309,0.0628444781589269,-0.0864804287880529,99.8564456442394,0.2091858224243406,252.71539560675595,-0.4827154294662464,-5.32075849753274,0.06216538885163425,-0.0866359506609099,99.89907459071087,0.011747066663213762,0.006578910732827126,-0.020100628185744374,-0.0018040891724311336,-0.0006790893072926435,-0.0001555218728570007,0.04262894647146709
6,0.1744576694606332,252.44148118181297,-0.45695728742712466,-5.374435796189058,0.058270171070639754,-0.0964918547434328,99.82720065848889,0.1849025380422396,252.44619755588695,-0.44303005938023443,-5.371396450287333,0.056814428475874035,-0.0969672950177968,99.83800491885061,0.010444868581606398,0.004716374073979068,0.013927228046890228,0.0030393459017252766,-0.0014557425947657188,-0.0004754402743639974,0.01080426036172355
7,0.15198267764727244,252.17142538114845,-0.4424100493152835,-5.42776456672358,0.053237125076202416,-0.10482998503406062,99.79781847261009,0.15610757152907623,252.16730391438477,-0.44464626690649517,-5.418752110970438,0.0536199896102576,-0.10355999306352486,99.80776106881983,0.004124893881803787,-0.004121466763677972,-0.0022362175912116755,0.009012455753142135,0.0003828645340551856,0.001269991970535761,0.009942596209739918
8,0.13007927769270597,251.89875556438128,-0.4341194736401179,-5.478996197347699,0.0478155450485875,-0.11203321607053586,99.76830409189063,0.12144494853071638,251.89057532544365,-0.4393997820351196,-5.466030255827725,0.04669606634513945,-0.11156967567313233,99.78639643770785,-0.008634329161989585,-0.008180238937626427,-0.005280308395001709,0.012965941519973434,-0.00111947870344805,0.00046354039740352515,0.018092345817223077
9,0.10869753733973711,251.62357572678943,-0.42156897293355056,-5.528163077264346,0.042092891454866006,-0.11687292767832404,99.73865646368264,0.10225782391546404,251.61507271072836,-0.42834799312917654,-5.530518192531258,0.042116996207938406,-0.1160858615161531,99.75312431596797,-0.006439713424273075,-0.008503016061069957,-0.006779020195625984,-0.0023551152669121223,2.4104753072400065e-05,0.0007870661621709324,0.014467852285321214
10,0.0880046256156749,251.34600758823476,-0.40658530013572786,-5.574527851980842,0.03616602387355755,-0.12020177557401412,99.70882774819499,0.08465415639156072,251.33873765718022,-0.4181702541830823,-5.555112743127689,0.037037044673621455,-0.12038828850821207,99.73635604108614,-0.0033504692241141804,-0.007269931054537437,-0.011584954047354434,0.019415108853152674,0.0008710208000639041,-0.00018651293419794102,0.027528292891148
11,0.0680707881797813,251.06614952172595,-0.39121601689613056,-5.619759310031399,0.030115365482682253,-0.12182456006099775,99.67893059610738,0.06638477370385928,251.06859316017773,-0.3920710533028439,-5.602585327679041,0.03012813129726233,-0.12335534951031575,99.70484500524823,-0.0016860144759220097,0.0024436384517798615,-0.0008550364067133609,0.01717398235235823,1.2765814580074919e-05,-0.001530789449318004,0.025914409140852968
12,0.048868093729107644,250.7840808593736,-0.3773409145756995,-5.662950135526535,0.024039467341126473,-0.12121136560123343,99.64890125227247,0.04885033720787559,250.7861482425381,-0.37979357875156816,-5.660959621308058,0.024367094039302373,-0.121617175367144,99.66906244717339,-1.7756521232051292e-05,0.0020673831645012797,-0.0024526641758686463,0.0019905142184768465,0.00032762669817590004,-0.00040580976591057805,0.02016119490092194
13,0.030403194663466564,250.49991534571123,-0.3617017007046856,-5.703632895592154,0.018041233209621626,-0.11871799965896046,99.61870897080912,0.025440868277347012,250.49530089840695,-0.35609108567364395,-5.727269091365101,0.017928469747100273,-0.11933386564859369,99.64106457992948,-0.0049623263861195525,-0.0046144473042772916,0.005610615031041655,-0.023636195772946955,-0.00011276346252135291,-0.0006158659896332297,0.022355609120353392
14,0.012691424888206976,250.2137867020015,-0.34720530933056565,-5.741474815298091,0.012219864856587447,-0.11413673446240669,99.58832975102845,0.003941409186860513,250.21460836696772,-0.3477731157899659,-5.740854982810713,0.011934738428903024,-0.11453518565913232,99.616076822023,-0.008750015701346463,0.000821664966224489,-0.0005678064594002441,0.000619832487377181,-0.00028512642768442273,-0.0003984511967256299,0.027747070994550427
15,-0.0041927581032937915,249.92578106633752,-0.32857831764279904,-5.778712081651946,0.0066768431745018696,-0.10758413282101642,99.5579151700402,-0.013633275483693977,249.92770763918534,-0.3270562053109752,-5.784030720516315,0.004983634206046084,-0.10942517185448894,99.58119218917464,-0.009440517380400186,0.001926572847821717,0.001522112331823866,-0.005318638864368452,-0.001693208968455786,-0.001841039033472519,0.023277019134440025
16,-0.02008131124755467,249.63596022414984,-0.30735383445245107,-5.81408274417152,0.00151779477462868,-0.09877780317391115,99.52737729765794,-0.023326470515447725,249.63897003098384,-0.32450503907115874,-5.815785910793906,0.0017245697568402107,-0.09891802296194113,99.55714449382666,-0.003245159267893056,0.003009806834000983,-0.01715120461870767,-0.0017031666223861208,0.0002067749822115307,-0.00014021978802998547,0.029767196168720034
17,-0.0349412455847226,249.3444129431186,-0.2873983759862742,-5.847771638846578,-0.0031754947347843255,-0.08895377720260908,99.49673495049396,-0.045394466737029716,249.3397862062927,-0.29798920234016973,-5.85730528449426,-0.003013520639957079,-0.08856331865666706,99.52305816836814,-0.010453221152307117,-0.004626736825912303,-0.010590826353895522,-0.00953364564768222,0.00016197409482724637,0.000390458545942024,0.026323217874178795
18,-0.048789112039952925,249.05123208042545,-0.2668322234808014,-5.879427518091268,-0.007341067674837337,-0.0776691403995114,99.46596096577193,-0.04671559679227596,249.0523873461968,-0.28550631990241565,-5.881840963010546,-0.005722897371127189,-0.07802367631887053,99.49115243105106,0.002073515247676967,0.0011552657713593817,-0.018674096421614272,-0.002413444919278085,0.0016181703037101477,-0.00035453591935913353,0.025191465279135627
19,-0.061476429261282335,248.75650228429166,-0.2409395457323596,-5.909731355479883,-0.01092295307872143,-0.06560627575585229,99.43510465911531,-0.05990894705317967,248.75447743826538,-0.25821244066791643,-5.895063378441469,-0.011776723796460775,-0.06376290085709907,99.46151452577674,0.001567482208102662,-0.002024846026273508,-0.017272894935556837,0.014667977038413937,-0.0008537707177393456,0.0018433748987532195,0.02640986666142453
20,-0.07289168448586789,248.4602766571914,-0.21589824037753938,-5.93926200162955,-0.013855956014756216,-0.051713841685539136,99.40419768823091,-0.05782966001848836,248.4675849470741,-0.2245160370912563,-5.952792347253301,-0.01394630762684912,-0.0518638437203161,99.42674223839428,0.015062024467379524,0.007308289882701047,-0.00861779671371693,-0.013530345623751217,-9.035161209290307e-05,-0.00015000203477696233,0.02254455016337431
21,-0.0830115747252988,248.16264336994809,-0.18907428211131527,-5.966041088698017,-0.01608102102064475,-0.03728875855000231,99.37311332533368,-0.0779465936445203,248.17015235719012,-0.19372063844117046,-5.966588145171585,-0.016776540715844668,-0.03675841992463781,99.38628422932453,0.005064981080778491,0.007508987242033527,-0.004646356329855189,-0.0005470564735681194,-0.0006955196951999171,0.0005303386253645015,0.013170903990854299
22,-0.09187646760116022,247.86369215431685,-0.16563717909514797,-5.991981883773837,-0.017566540973080063,-0.022132039547410214,99.34197841745443,-0.09132852876140272,247.8616717776585,-0.15870382957639229,-5.992731707316648,-0.0177424156260777,-0.021510561855843637,99.34912246778619,0.0005479388397574975,-0.002020376658350642,0.006933349518755683,-0.0007498235428107236,-0.00017587465299763808,0.0006214776915665771,0.007144050331760354
23,-0.09955041403737014,247.563479651491,-0.14138018997878946,-6.016495825851773,-0.018292296832621107,-0.006898194834231548,99.31075628903578,-0.1015875517686258,247.56491294331119,-0.1357300588529337,-6.005134683445279,-0.018345724777727668,-0.005978606200964458,99.32373720867086,-0.0020371377312556616,0.0014332918201773737,0.005650131125855745,0.011361142406493663,-5.342794510656071e-05,0.0009195886332670905,0.01298091963508341
24,-0.106067523354445,247.26206277156135,-0.11930109624652505,-6.040159985667046,-0.01825695027162749,0.00831205727397624,99.27948535113083,-0.11285991718588072,247.26457255530906,-0.11492470934090007,-6.020439838571027,-0.019111282462300316,0.00882901849013038,99.29813457204,-0.00679239383143572,0.0025097837477119356,0.004376386905624974,0.019720147096018437,-0.0008543321906728275,0.0005169612161541395,0.018649220909168207
25,-0.11149127061839109,246.9594865103984,-0.09758911373855099,-6.062874136959373,-0.01745968962924588,0.023578368421288097,99.24815709250124,-0.11546050513314834,246.95867880780264,-0.09517428161472548,-6.053697174091174,-0.01832038007802428,0.025175220803253455,99.27074240095743,-0.003969234514757253,-0.0008077025957504702,0.002414832123825511,0.00917696286819858,-0.0008606904487783971,0.001596852381965358,0.022585308456186226
26,-0.11582142483561805,246.65581833826033,-0.07549802912648304,-6.083839535069069,-0.015911361640862418,0.03835475111405044,99.21671983054785,-0.11315447718034934,246.66052134329473,-0.06285567176644813,-6.08909450976362,-0.01715346607327195,0.03755316125830843,99.235749369514,0.002666947655268717,0.004703005034400576,0.012642357360034912,-0.005254974694550718,-0.0012421044324095326,-0.0008015898557420104,0.01902953896615145
27,-0.11905161601746525,246.35114721517826,-0.05353477545944642,-6.1029951058307095,-0.013640201005735554,0.05249167429102411,99.18516908788997,-0.12392187610026394,246.35365973651543,-0.046070010425109664,-6.095896621340943,-0.011151521103440754,0.05237944104007654,99.19846939842448,-0.004870260082798686,0.0025125213371666177,0.007464765034336754,0.007098484489766577,0.0024886799022948002,-0.00011223325094757153,0.013300310534503978
28,-0.12128259592746322,246.0455362760631,-0.03547731343490208,-6.1214330189249635,-0.010719579616627508,0.06433318127329773,99.15358702708434,-0.12142872102393076,246.0431185884055,-0.0503592454360646,-6.117326925989386,-0.01172380179547483,0.06392100287501597,99.17213808184967,-0.00014612509646753924,-0.0024176876576120776,-0.014881932001162515,0.004106092935577621,-0.0010042221788473232,-0.00041217839828176783,0.018551054765325148
29,-0.12256866282983649,245.73903235925548,-0.015691032098048847,-6.138717289532356,-0.007204247887457223,0.07628008789351363,99.12192963808862,-0.13142402428276237,245.72814657114577,-0.021143828699062714,-6.151030893660677,-0.008578629064000864,0.07544806460322452,99.13613803740954,-0.008855361452925883,-0.010885788109703753,-0.0054527966010138665,-0.012313604128320499,-0.0013743811765436417,-0.0008320232902891134,0.014208399320921217
30,-0.12329777835134377,245.4317173329929,-0.013170207500084782,-6.153867985337536,-0.0033279100513143884,0.07877342555219972,99.09016293194504,-0.11226200148146644,245.43952419794675,-0.017192837301192802,-6.160027018548847,-0.003473666346071269,0.07766229415170414,99.09924130413366,0.011035776869877334,0.007806864953863624,-0.00402262980110802,-0.006159033211311282,-0.00014575629475688072,-0.0011111314004955825,0.009078372188611183
31,-0.12394574246400579,245.12366102285836,-0.012438519734140133,-6.168367568766433,0.0006262817380050158,0.07939424602057643,99.05835964904267,-0.12257218402207627,245.13200811557638,-0.017063246899593716,-6.1683835008557,-6.661604619928596e-05,0.08130396400976422,99.07665571719562,0.0013735584419295177,0.008347092718025806,-0.0046247271654535835,-1.5932089267423066e-05,-0.0006928977842043018,0.0019097179891877925,0.018296068152949374
32,-0.1240940098893924,244.8148894635619,0.006830289682862305,-6.1824890696026875,0.004785464972112306,0.0869730833437152,99.02651826861613,-0.11962038957659325,244.80555453684335,0.010854680382469416,-6.166804705428796,0.002604865126099032,0.0875885634613072,99.05415747319566,0.004473620312799145,-0.009334926718565839,0.004024390699607111,0.015684364173891296,-0.0021805998460132743,0.0006154801175919933,0.027639204579529064
33,-0.12416394470941539,244.50541759277152,-0.009304809359494386,-6.19635722665165,0.008886309933339215,0.07706071510536115,98.99466625686048,-0.12184349811594179,244.5177198827877,0.004984829096494959,-6.224467243733353,0.007838262841155519,0.07818731902323048,99.01398220338507,0.0023204465934735935,0.012302290016179995,0.014289638455989346,-0.02811001708170302,-0.0010480470921836963,0.001126603917869326,0.01931594652458557
34,-0.12509651311045214,244.19531832865718,-0.027717217276396786,-6.207585972623846,0.012447445498431086,0.06538470749831374,98.96263840884352,-0.1289210564508207,244.19370795596038,-0.03743994528421198,-6.211868176187714,0.011193525198676557,0.06203965593803764,98.98200663357333,-0.0038245433403685525,-0.0016103726968026422,-0.009722728007815196,-0.004282203563867881,-0.0012539202997545289,-0.003345051560276098,0.01936822472981703
35,-0.12606898195159266,243.88465543508937,-0.010918637581567758,-6.218921540562001,0.015815836400614333,0.06935092858901612,98.9306332892465,-0.12903528039094433,243.8862541136107,0.003120229442380551,-6.214326793926316,0.015710588749672905,0.07092739586790014,98.95379531755817,-0.0029662984393516723,0.0015986785213328858,0.014038867023948309,0.004594746635685709,-0.00010524765094142852,0.001576467278884025,0.02316202831167402
36,-0.12671268478502223,243.57344067483402,-0.0145675509615263,-6.229650334127116,0.019130180503760343,0.0632228355368243,98.89860797650249,-0.12277031624059356,243.57696961012417,0.01226729843606347,-6.211887778334322,0.019575298740180713,0.06416087451048229,98.91354596588744,0.0039423685444286705,0.003528935290148638,0.026834849397589768,0.0177625557927934,0.0004451182364203707,0.0009380389736579897,0.014937989384947059
37,-0.1275618725921045,243.26169320173355,-0.019164653200641875,-6.240229720879901,0.02210465378160696,0.05575609557704039,98.8665783802435,-0.12525574468527256,243.26607028503207,-0.024801235147803913,-6.240397254665423,0.02247543413526909,0.05518994383914966,98.88006079213278,0.002306127906831934,0.004377083298521711,-0.005636581947162038,-0.00016753378552181175,0.00037078035366212847,-0.0005661517378907355,0.013482411889285117
38,-0.1282413706078408,242.9494517239297,-0.007794784961312487,-6.249418676102816,0.02489244233776429,0.05575544666925272,98.83445443732664,-0.12079274504575872,242.95947790295637,0.014515716854772468,-6.249668893576552,0.026810565397914488,0.05485869518673775,98.84165976609576,0.007448625562082076,0.010026179026652926,0.022310501816084953,-0.00025021747373621395,0.001918123060150198,-0.0008967514825149736,0.007205328769117614
39,-0.12881266314027429,242.63676880653153,-0.014855036634104023,-6.257879088770388,0.027430999782403404,0.04578685111631181,98.80229246627563,-0.12319715806313059,242.63096029657714,-0.017965479164479773,-6.256955806992897,0.026840862457217618,0.04558525076526076,98.8099787110824,0.005615505077143701,-0.0058085099543916385,-0.00311044253037575,0.0009232817774913471,-0.0005901373251857855,-0.0002016003510510525,0.007686244806762943
40,-0.12921298204190668,242.32367676261174,-0.0009816954046836975,-6.265791094536249,0.02968353630001038,0.04431460958796729,98.7700958349848,-0.12220678509055218,242.32475834934823,-0.018448359366533995,-6.265963854165214,0.031010823821796762,0.04457185814175424,98.7798815526975,0.007006196951354501,0.0010815867364897258,-0.017466663961850298,-0.00017275962896512453,0.0013272875217863814,0.00025724855378694844,0.009785717712702535
41,-0.12904719587498908,242.01020666588437,0.007783647765429542,-6.273000513221874,0.031825618924283976,0.04136869538297646,98.7378606398233,-0.1331555207631827,242.00733027052198,0.02391887218291104,-6.2720492212230665,0.033622749484146564,0.04053368167581457,98.74074434726967,-0.004108324888193626,-0.002876395362392259,0.016135224417481497,0.0009512919988070578,0.0017971305598625878,-0.0008350137071618871,0.002883707446372341
42,-0.128876855944088,241.6963889817523,-0.0008292601521805616,-6.279688938605366,0.03358735740039881,0.029100843661616884,98.70559610567983,-0.13357127330925503,241.70260717174526,0.016040483644353697,-6.263530917755632,0.034132455119569194,0.02992977203864466,98.71106286799177,-0.004694417365167042,0.006218189992949874,0.016869743796534258,0.016158020849734278,0.0005450977191703843,0.0008289283770277767,0.005466762311939988
43,-0.12912867565543612,241.38223513062718,-0.009152069542501863,-6.286448225516638,0.03473528017158035,0.016816067185644528,98.67334334561649,-0.12899685155711707,241.38539089330635,-0.015075472467899021,-6.288934608117688,0.03419603738133459,0.017594754200048954,98.68192409910515,0.00013182409831904995,0.003155762679170948,-0.005923402925397158,-0.002486382601049719,-0.00053924279024576,0.0007786870144044257,0.008580753488658388
44,-0.1293051200618103,241.06777726136713,0.0021520659218443247,-6.291852784496677,0.03548177462290245,0.013043710867239655,98.64100422445105,-0.13038626583505958,241.07475757584723,-0.001054418667139883,-6.293853424916534,0.035399016080139845,0.014369837284816363,98.64891814960757,-0.0010811457732492757,0.006980314480102834,-0.0032064845889842077,-0.002000640419857369,-8.275854276260791e-05,0.001326126417576708,0.007913925156515234
45,-0.12897885422057445,240.75306149645078,0.01094205581710511,-6.296763822977567,0.03602837819499145,0.008820432016320288,98.60863854274176,-0.1346943872444671,240.75467063549647,-0.006634373578291193,-6.290535521113046,0.03546519779696,0.006203475368409658,98.61138090694404,-0.0057155330238926605,0.0016091390456836052,-0.017576429395396304,0.0062283018645210575,-0.0005631803980314515,-0.0026169566479106307,0.0027423642022768036
46,-0.1282053085549976,240.43810320181112,0.020026935682140375,-6.30155372844634,0.03636646262309236,0.004702945107715978,98.57627013201969,-0.13369635814593367,240.4368366092449,0.02693369900793971,-6.302355973450999,0.0363761864676051,0.005145238272314449,98.57592633819104,-0.005491049590936076,-0.0012665925662247446,0.006906763325799335,-0.0008022450046594187,9.723844512740665e-06,0.000442293164598471,-0.00034379382864813124
47,-0.12740405962755466,240.1229250337156,0.012016562217362312,-6.305558585136137,0.03627911614552456,-0.008196804210427878,98.54385537390658,-0.13088600173204154,240.13119025711438,0.014604545229183913,-6.300259704167475,0.03655446189595679,-0.007300464923098646,98.54806102823017,-0.0034819421044868792,0.008265223398780108,0.0025879830118216013,0.005298880968662267,0.00027534575043223347,0.0008963392873292328,0.00420565432358444
48,-0.12657178983167752,239.80755143736027,0.02123162237419125,-6.309370061480276,0.03575799680823558,-0.012647969281131162,98.51143364768878,-0.1329098921871664,239.81005040570588,0.007563730918506775,-6.326682798030157,0.03564281916286971,-0.012196531483827924,98.51416097186048,-0.006338102355488873,0.00249896834560559,-0.013667891455684474,-0.01731273654988108,-0.00011517764536587288,0.00045143779730323803,0.0027273241717011842
49,-0.1252447163452431,239.49202201165284,0.03179091714013244,-6.3117917686340155,0.03502448820609866,-0.01669237480434592,98.47892329611877,-0.1149048929350666,239.49992340731913,0.024179966157384564,-6.317663987972376,0.03500418481666401,-0.018892175472533378,98.48130110624841,0.010339823410176488,0.007901395666294775,-0.007610950982747878,-0.005872219338360907,-2.0303389434650487e-05,-0.0021998006681874585,0.002377810129644331
50,-0.12384105377205573,239.17636912397143,0.02426453041541417,-6.314311114575253,0.03388530513795208,-0.028874947921517246,98.4464263981694,-0.11100797510688148,239.17743894198972,0.021660582473288045,-6.310415567756684,0.034311819856597925,-0.02844394522462106,98.44509947487234,0.012833078665174247,0.0010698180182941996,-0.002603947942126126,0.0038955468185690734,0.00042651471864584706,0.00043100269689618637,-0.001326923297057192
51,-0.12239847763992172,238.86058880064948,0.03331549811207385,-6.31688538382322,0.032354660072580636,-0.03235085469334038,98.4139377163989,-0.1138151303246389,238.8617834898557,0.03152745682551699,-6.328163748252732,0.03187932140415617,-0.03140291930386071,98.4195466825439,0.008583347315282819,0.0011946892062155712,-0.0017880412865568587,-0.011278364429511356,-0.0004753386684244673,0.0009479353894796747,0.0056089661449902906
52,-0.12079268204590743,238.54470683737486,0.03076472798615057,-6.318381479252187,0.030462959811018347,-0.0433171557691511,98.38138427315498,-0.12411938920978327,238.5504713329728,0.029132295508090413,-6.334702170944816,0.031010253079479355,-0.04306890433449638,98.38842963013707,-0.0033267071638758416,0.005764495597929908,-0.001632432478060157,-0.01632069169262884,0.0005472932684610077,0.0002482514346547199,0.0070453569820898565
53,-0.11942496540337698,238.228763799377,0.02374821782759709,-6.319329172971804,0.02803476910789442,-0.05381047235580594,98.34879936513188,-0.13225575366422435,238.2289397206712,0.02719429363361682,-6.312125096178542,0.027568199309111918,-0.05450939529089561,98.35456958333201,-0.012830788260847367,0.00017592129421473146,0.00344607580601973,0.007204076793262182,-0.00046656979878250196,-0.00069892293508967,0.005770218200126465
54,-0.11837008857570108,237.9127567123318,0.018212170349651096,-6.32094308603162,0.025117257497240583,-0.06288999207034754,98.31626626919274,-0.12333790267738946,237.9144490949992,0.014757718309894245,-6.31640146094665,0.02573548402022796,-0.06250248907333043,98.32434822232887,-0.004967814101688381,0.0016923826674144493,-0.003454452039756851,0.004541625084970136,0.0006182265229873786,0.00038750299701710567,0.00808195313612714
55,-0.1171198527565821,237.59667753259194,0.03154221906995493,-6.3222042818773305,0.02197427780557722,-0.06282919559618695,98.28370786835625,-0.12183908812366945,237.59983438326225,0.03845123864035637,-6.3246218125236435,0.02315081435087052,-0.06206217157252552,98.29467801149639,-0.004719235367087349,0.003156850670308131,0.006909019570401444,-0.002417530646313004,0.001176536545293299,0.000767024023661432,0.010970143140141886
56,-0.11609214224201196,237.2805421522901,0.009281438359600824,-6.323210288009688,0.018436597830712928,-0.07867800339838468,98.25111278024121,-0.1261847173015447,237.28516635332434,0.024299117470218828,-6.318111847200169,0.01811939724141265,-0.0783958943426459,98.26643270881327,-0.010092575059532746,0.004624201034232556,0.015017679110618003,0.005098440809518934,-0.00031720058930027883,0.0002821090557387773,0.015319928572054664
57,-0.11555641908804526,236.96436878465852,0.011818650534537904,-6.323712854213278,0.01436736754403714,-0.08409120806864681,98.21852295518204,-0.11593684762449093,236.96196839454336,0.018858331757303455,-6.316568341146621,0.014914667473862497,-0.0829858514532057,98.23244899343442,-0.00038042853644566776,-0.002400390115155915,0.0070396812227655516,0.007144513066656977,0.0005472999298253567,0.0011053566154411165,0.013926038252378703
58,-0.11502182411064182,236.64817553251018,0.009217469773029284,-6.324005549871651,0.010057666900612942,-0.08829681766832116,98.18592463045586,-0.10481969217881633,236.64679043848395,-0.00556115502986573,-6.333350009081376,0.011910200744269073,-0.08849791223892822,98.19486430236637,0.010202131931825495,-0.0013850940262329914,-0.014778624802895013,-0.009344459209724931,0.001852533843656131,-0.00020109457060706049,0.008939671910511038
59,-0.11409783495015137,236.33198616827374,0.027392379971660726,-6.323545169220371,0.005777867328541756,-0.08289516521452628,98.15326641316135,-0.11421101823773779,236.33450208677345,0.02770003980350173,-6.3098635331096835,0.006069911406637818,-0.08075733103880796,98.15935386924367,-0.00011318328758641583,0.0025159184997107786,0.0003076598318410041,0.013681636110687734,0.0002920440780960617,0.00213783417571832,0.006087456082326526
60,-0.11327620444783426,236.0157997465522,0.005125314362493305,-6.323910820357207,0.0013965476553901507,-0.09235762171153797,98.1206633837197,-0.1178203129748281,236.0167633130296,0.0024809254321681486,-6.324852134416046,0.0009127599573508505,-0.09128638094969047,98.11947094613397,-0.0045441085269938425,0.0009635664773952612,-0.0026443889303251564,-0.0009413140588394597,-0.00048378769803930025,0.0010712407618475028,-0.001192437585729067
61,-0.11297030554964901,235.69962465805145,0.006739291235577687,-6.323078272150358,-0.0031962010067465487,-0.09135232477393002,98.08800585166787,-0.105224650474396,235.69962285101715,0.006785312919431443,-6.3318552259055565,-0.0029343987058116916,-0.0913326315848168,98.09066517699661,0.007745655075253016,-1.8070342946430173e-06,4.6021683853756e-05,-0.008776953755198491,0.0002618023009348571,1.9693189113212384e-05,0.0026593253287359175
62,-0.11253318419220996,235.38350553392513,0.010380056644715741,-6.321672043336141,-0.007705068737954158,-0.08900238447437432,98.05531489011803,-0.11476231073210659,235.38733577962782,0.008995097130014415,-6.310112630668192,-0.006415621490956536,-0.09061675957615922,98.05744031392327,-0.0022291265398966253,0.003830245702687307,-0.0013849595147013265,0.011559412667949687,0.001289447246997622,-0.0016143751017849012,0.0021254238052392793
63,-0.11194345630006604,235.0674401386468,0.012856629833877522,-6.3209287118090565,-0.012065118972488055,-0.08539962490698158,98.02267373510773,-0.11485057069053554,235.06014483660348,0.020997651867421155,-6.330374491216202,-0.01174060383829234,-0.08655309246333798,98.01896019557718,-0.0029071143904695063,-0.007295302043303309,0.008141022033543633,-0.009445779407145416,0.0003245151341957145,-0.0011534675563563968,-0.003713539530551202
64,-0.11160568767470248,234.75143616044912,0.00030285665574821506,-6.3192267699220555,-0.016409293097833507,-0.08836734010683653,97.98996226832311,-0.10548547315857476,234.755076563873,-0.0014862361867794827,-6.332671830058389,-0.017212868081804,-0.08793201564136535,97.98420869427203,0.006120214516127723,0.00364040342387284,-0.0017890928425276977,-0.013445060136333176,-0.0008035749839704932,0.0004353244654711763,-0.0057535740510843425
65,-0.111413475821299,234.43552899046097,0.007042062194506236,-6.317042829840635,-0.0206400801379177,-0.08086414149653118,97.95723252953591,-0.10987091101158132,234.43442364832282,0.017645824324030723,-6.32888242298216,-0.02091277734552488,-0.07965579074816181,97.94773387571892,0.001542564809717678,-0.0011053421381461703,0.010603762129524488,-0.011839593141524496,-0.0002726972076071803,0.0012083507483693634,-0.009498653816990554
66,-0.11122987360442178,234.11973191734518,-2.377938001061567e-05,-6.314834294169177,-0.024676684494377002,-0.08060003276184086,97.92450132068242,-0.10932302277031221,234.11746971617228,0.01611884271190165,-6.3352745951466325,-0.025499238928389012,-0.08152484424900895,97.91405345806419,0.0019068508341095747,-0.0022622011728969937,0.016142622091912265,-0.020440300977455195,-0.00082255443401201,-0.0009248114871680951,-0.010447862618235604
67,-0.11145833852862817,233.8040593475969,-0.009437550554247144,-6.312061794073698,-0.02865792901601448,-0.0786497481036583,97.89173929396931,-0.10492476400937281,233.8038830199379,-0.0033277186047382164,-6.303038838185301,-0.028582899915427173,-0.07865222109532395,97.880523542289,0.006533574519255361,-0.00017632765900543745,0.006109831949508928,0.009022955888397632,7.502910058730661e-05,-2.4729916656557327e-06,-0.01121575168031086
68,-0.11205410214637898,233.48849785884565,-0.014704143245619732,-6.310390282680848,-0.03251301460330831,-0.07555367538809514,97.85905701252598,-0.11857061178617144,233.4875128680038,-0.012316951100498,-6.313780649131525,-0.03344524533666604,-0.0763065717417701,97.84582627003905,-0.006516509639792459,-0.000984990841857325,0.002387192145121732,-0.0033903664506773623,-0.0009322307333577279,-0.0007528963536749533,-0.013230742486925351
69,-0.11294718413993618,233.17303856653422,-0.021315454782711046,-6.307972763911281,-0.03616835098722282,-0.07065977996848519,97.82633169327802,-0.1062871508416591,233.17759584810943,-0.02159935949551092,-6.310448076518363,-0.03515436445155462,-0.07175875248931343,97.82016313923573,0.006660033298277079,0.004557281575216621,-0.0002839047127998727,-0.002475312607082003,0.0010139865356681987,-0.0010989725208282453,-0.006168554042289998
70,-0.11376543812050963,232.85770211631447,-0.011673011581973402,-6.305467328981841,-0.039354625963094546,-0.056791219066383916,97.79360243219665,-0.1063287174909866,232.85540056349043,-0.023245480634728536,-6.3165920113161,-0.03871721681288731,-0.05655029058306446,97.78625288727766,0.007436720629523025,-0.0023015528240364347,-0.011572469052755134,-0.011124682334259006,0.000637409150207234,0.00024092848331945527,-0.007349544918994866
71,-0.11408697894881926,232.54250370574974,-0.0013892038599424977,-6.3024521154244555,-0.041819413816188096,-0.04180029505735802,97.76084282765228,-0.1127463351946076,232.5380361557789,0.006304031713211838,-6.30202107090084,-0.04230282188264489,-0.040289851742145215,97.75757859987985,0.0013406437542116678,-0.004467549970826212,0.007693235573154336,0.0004310445236157534,-0.00048340806645679607,0.0015104433152128074,-0.0032642277724335145
72,-0.11416228427266997,232.2274496575341,-0.0017772220286089153,-6.299698850427616,-0.04372019936820233,-0.03423112702321136,97.72811145779212,-0.12833014839686763,232.23172931805752,-0.006339027147877306,-6.2970262047752605,-0.04260701790723731,-0.034805819896785065,97.72075962685327,-0.014167864124197654,0.00427966052342299,-0.004561805119268391,0.0026726456523551434,0.001113181460965021,-0.0005746928735737011,-0.007351830938858939
73,-0.11440043845501598,231.91253393836354,-0.007872358310603492,-6.2969187536631095,-0.04523930255490093,-0.026533000444732682,97.69538295182468,-0.11958533383901221,231.92153440942693,0.0014641133722793805,-6.291943482093927,-0.04659863168493095,-0.02723401884614481,97.68252042109187,-0.0051848953839962325,0.00900047106338775,0.009336471682882872,0.004975271569182205,-0.001359329130030014,-0.0007010184014121269,-0.012862530732817845
74,-0.11489267650181109,231.59775846721132,-0.01190658037764072,-6.294088154296968,-0.04634105483194911,-0.01753709063719465,97.66265757488479,-0.11556869710901199,231.60424030616355,-0.006164382539078854,-6.265774447644228,-0.04751963414268312,-0.017866706124355588,97.65327628137709,-0.0006760206072009001,0.006481838952225871,0.005742197838561867,0.028313706652740578,-0.001178579310734007,-0.00032961548716093844,-0.009381293507701116
75,-0.11556568179558989,231.2831035852505,-0.01506571829980252,-6.292094640653412,-0.04698735112231714,-0.00831476097752626,97.62999362079313,-0.10285809358147092,231.2783365229958,-0.005588246653349837,-6.290486664788053,-0.04556325440083375,-0.008967420219358152,97.61769125104189,0.012707588214118964,-0.0047670622547002495,0.009477471646452684,0.0016079758653591014,0.0014240967214833866,-0.0006526592418318912,-0.01230236975123944
76,-0.11644564469735869,230.96858079121643,-0.02014902809117811,-6.288804756021383,-0.04719303160871664,8.754152154617258e-05,97.59724642223713,-0.10414177596548381,230.96395832327346,-0.01833494528922966,-6.304551138818668,-0.047068693746114665,0.0017120731812062064,97.58000905464603,0.012303868731874876,-0.0046224679429656135,0.0018140828019484502,-0.015746382797284575,0.0001243378626019781,0.0016245316596600339,-0.0172373675911075
77,-0.11754669789849762,230.65424392114917,-0.02387420212205977,-6.284657519340413,-0.04696647546112659,0.008974704382056066,97.56444739829344,-0.11076047647815403,230.65029364205765,-0.015328323380542021,-6.279392283917697,-0.04912800225140268,0.007659868072883172,97.55017887151857,0.006786221420343588,-0.003950279091526454,0.008545878741517748,0.0052652354227156195,-0.0021615267902760915,-0.0013148363091728937,-0.014268526774870338
78,-0.11876139215829193,230.3400947048724,-0.024657550973832473,-6.281298190539824,-0.04627911682117054,0.01851964121618583,97.53170720359311,-0.11141404067761088,230.34185317223492,-0.014975686497686085,-6.311158410806896,-0.04731204897125796,0.01841230551871607,97.51687408674589,0.0073473514806810525,0.0017584673625208325,0.009681864476146388,-0.02986022026707147,-0.001032932150087415,-0.0001073356974697591,-0.014833116847228212
79,-0.120103450267427,230.02615331437823,-0.028931143825139567,-6.276344433661828,-0.04513347907693034,0.027305868553422222,97.49886432479941,-0.11686169142103733,230.02404225038958,-0.029295931814763955,-6.2850846536881875,-0.04548098667578904,0.02770170088359189,97.4844399326137,0.003241758846389664,-0.0021110639886501303,-0.00036478798962438774,-0.008740220026359324,-0.00034750759885869564,0.0003958323301696681,-0.014424392185716783
80,-0.12168049504536924,229.71243827923914,-0.034022879061742166,-6.272243228648679,-0.043566492310875546,0.03537360208876956,97.46608307121303,-0.11868987116942319,229.71636426633458,-0.046631699431941454,-6.273096948094355,-0.044233647242762686,0.035755703664924934,97.45209338337597,0.0029906238759460496,0.003925987095442451,-0.012608820370199288,-0.0008537194456756936,-0.00066715493188714,0.00038210157615537615,-0.013989687837067777
81,-0.12306367819999219,229.39891935781822,-0.02112955842223463,-6.268505394901423,-0.041397957247458136,0.05136780044792684,97.4333238225337,-0.11883852036182463,229.39622718203,-0.019550023034067485,-6.284779038368865,-0.04217696070816013,0.05059173982107526,97.41634188755975,0.004225157838167556,-0.0026921757882121256,0.0015795353881671442,-0.01627364346744198,-0.0007790034607019908,-0.0007760606268515796,-0.016981934973941293
82,-0.12410566132208849,229.08560847369722,-0.02032732983434273,-6.263914888536989,-0.03866545035176441,0.0579324753798221,97.40051894735812,-0.13448783364222366,229.08741003225015,-0.02815256022141668,-6.269834229217437,-0.03722378725772213,0.05787145116861673,97.37909761980818,-0.010382172320135177,0.0018015585529269629,-0.007825230387073952,-0.005919340680448748,0.0014416630940422837,-6.1024211205372436e-05,-0.021421327549944635
83,-0.1252874480257805,228.77251643941776,-0.026697543326299495,-6.259749854279262,-0.03565010745737079,0.06268124039592282,97.36774525439222,-0.12697920322321898,228.76674552449833,-0.0375008540943899,-6.256005432844887,-0.03786486633252073,0.06236759173005118,97.3421248053743,-0.0016917551974384715,-0.005770914919423831,-0.010803310768090404,0.0037444214343747007,-0.002214758875149943,-0.00031364866587164225,-0.025620449017921487
84,-0.12636015448462415,228.4596236586452,-0.01592900277032868,-6.255955008691955,-0.03218230483999358,0.07603086429916552,97.33499883346337,-0.12602940957729125,228.45762070760188,-0.01324456789658653,-6.266126617456422,-0.03270097209543987,0.07682045075825178,97.30942909886701,0.0003307449073328972,-0.0020029510433232645,0.002684434873742151,-0.010171608764466988,-0.0005186672554462965,0.0007895864590862639,-0.025569734596359694
85,-0.1273916497051575,228.1469381659405,-0.025015374685373196,-6.251446575001446,-0.028310628766855205,0.0788361786263693,97.30221138300291,-0.11933420643289964,228.14377909752534,-0.028497751530778735,-6.260744460369246,-0.02785217657462269,0.07916209013152548,97.27587923621911,0.008057443272257866,-0.003159068415158117,-0.0034823768454055395,-0.00929788536779963,0.0004584521922325162,0.00032591150515617895,-0.026332146783801136
86,-0.12839259215344825,227.83448013390134,-0.014684125886157365,-6.246866948484016,-0.024131574805144173,0.088325979842072,97.26942695880216,-0.11734167634674947,227.82922836294253,-0.00746510104911278,-6.251716479589149,-0.024056185296303045,0.08791256940969255,97.24979232601076,0.011050915806698786,-0.005251770958807356,0.007219024837044586,-0.004849531105133309,7.538950884112758e-05,-0.00041341043237944075,-0.019634632791394324
87,-0.12942770638056378,227.52224559743152,-0.026361629821479146,-6.242493608876113,-0.019727743374891884,0.08782727736801962,97.23665466610198,-0.11904580076045786,227.5251238133416,-0.018840938197852257,-6.249382809428084,-0.018557019406832076,0.08854046784544214,97.21856522595124,0.010381905620105922,0.0028782159100728677,0.007520691623626889,-0.006889200551971619,0.001170723968059808,0.0007131904774225206,-0.018089440150745872
88,-0.13064098492429083,227.21023709120428,-0.021799835808975116,-6.237837135548853,-0.015187053056844263,0.09380033535388524,97.20387688600236,-0.12135985125483544,227.20944734425052,-0.009704236346157302,-6.23584685926717,-0.014345083346282372,0.09468938086954597,97.18809924674589,0.00928113366945539,-0.0007897469537567758,0.012095599462817814,0.0019902762816830233,0.0008419697105618903,0.0008890455156607274,-0.01577763925646991
89,-0.13209735475536075,226.89844824773252,-0.03608073748210365,-6.233693113218733,-0.010598840120150995,0.08972818211384545,97.17112473594052,-0.12666909962279302,226.88790702007586,-0.04402838885746158,-6.233521751742821,-0.010330751117672676,0.08944762578736463,97.15895953641987,0.0054282551325677275,-0.010541227656659657,-0.007947651375357932,0.00017136147591134687,0.00026808900247831877,-0.00028055632648081585,-0.012165199520651981
90,-0.13339821185546347,226.58686754089283,-0.015567109651713224,-6.229538201197792,-0.0058245371941533924,0.10124393492605864,97.13836573619636,-0.14153937239507422,226.5873323713307,-0.013416231208639239,-6.217950914721811,-0.004453544437569068,0.10246997452641643,97.12858834270367,-0.008141160539610753,0.00046483043786338385,0.0021508784430739857,0.011587286475980285,0.0013709927565843244,0.0012260396003577895,-0.009777393492697684
91,-0.13411568187762937,226.27549355882067,-0.01271854209420056,-6.225408618267711,-0.0007441526013165171,0.10197144878741637,97.10563899578293,-0.1436015811401302,226.28424260417364,0.0021355219785708437,-6.212025498572372,-0.000897713681488721,0.102805565392679,97.09962504354138,-0.009485899262500819,0.008749045352971052,0.014854064072771404,0.01338311969533823,-0.00015356108017220392,0.0008341166052626275,-0.006013952241545439
92,-0.1351951255295037,225.96431810491111,-0.030062293424317117,-6.2215828904331465,0.0041288355670709015,0.09294807794808038,97.07291667559645,-0.1514386315815202,225.9700996524077,0.0015816715301769785,-6.239463723813261,0.002552268635422017,0.09202738692993653,97.06649282486002,-0.01624350605201652,0.005781547496582107,0.03164396495449409,-0.017880833380114147,-0.0015765669316488845,-0.0009206910181438488,-0.006423850736425152
93,-0.13671248635450153,225.65337771035863,-0.030256078272182314,-6.216020648764862,0.008733123516062634,0.09122344001158894,97.04010389096791,-0.14338388761113882,225.65791435406183,-0.036595687597231856,-6.215339874008045,0.010296293126888845,0.09128468669176609,97.02721764827888,-0.006671401256637288,0.0045366437032043905,-0.006339609325049542,0.0006807747568169376,0.0015631696108262105,6.124668017715162e-05,-0.012886242689035043
94,-0.13789093773593258,225.34269133798412,-0.01650223257639131,-6.21143258969203,0.01339538435879001,0.09526699369750607,97.00734851989989,-0.1412202656791103,225.3445828956579,-0.005163426394243473,-6.2055607827903625,0.011554555758786833,0.09489085489914428,96.99496994500137,-0.0033293279431777234,0.0018915576737867923,0.011338806182147835,0.00587180690166722,-0.0018408286000031766,-0.0003761387983617914,-0.0123785748985199
95,-0.13874284028541964,225.0322347398198,-0.017195647087426165,-6.206817199720734,0.018033726477895903,0.09026669106672967,96.974608502246,-0.15187165662159471,225.04310556783443,-0.012629196218759776,-6.211280946658167,0.016662348030468177,0.08961355490845364,96.96282915752438,-0.013128816336175075,0.010870828014617473,0.0045664508686663885,-0.004463746937433122,-0.0013713784474277263,-0.0006531361582760298,-0.011779344721617235
96,-0.13926755687549458,224.72201713316076,-0.0034222093804818342,-6.201885055477264,0.02258907034539263,0.09194706363313947,96.94184040602023,-0.14394308610386425,224.7212149824995,0.0026579461558438005,-6.211940295093401,0.024675555384155334,0.09087435399308359,96.92712359923375,-0.004675529228369668,-0.0008021506612578833,0.006080155536325635,-0.010055239616136191,0.002086485038762704,-0.0010727096400558744,-0.01471680678648113
97,-0.13953743167951352,224.41205595385358,-0.007016445407562952,-6.196544534044712,0.026943156062040285,0.0822163650327667,96.90905806687408,-0.14140309654227814,224.42125857746407,0.0011936824961629026,-6.215573749759667,0.027618794225100274,0.08232201094938967,96.89452743144685,-0.0018656648627646266,0.0092026236104914,0.008210127903725854,-0.019029215714954972,0.0006756381630599884,0.00010564591662295952,-0.014530635427234984
98,-0.13966541655982664,224.10237124864355,0.0022278293961229666,-6.190838200315085,0.030997058399077817,0.07993972844873459,96.87625376506247,-0.13949625195631676,224.1107226277753,0.020328880766276237,-6.201370243547885,0.03145205624855052,0.07972800064196563,96.85655501727443,0.00016916460350988038,0.008351379131738668,0.01810105137015327,-0.010532043232799992,0.00045499784947270264,-0.00021172780676896596,-0.01969874778804126
99,-0.1397692906418939,223.79296299420812,-0.006080901892145215,-6.185474671249332,0.03469089088184989,0.06781357086214823,96.84347851179062,-0.13950016493412415,223.80261670070988,-0.0041181563033082305,-6.195443440513966,0.033243248983342966,0.0676659742882219,96.82147296332221,0.00026912570776974065,0.009653706501751458,0.0019627455888369845,-0.00996876926463397,-0.0014476418985069212,-0.00014759657392633685,-0.02200554846841385
100,-0.13983823123965888,223.48382262935806,0.0035913996219082145,-6.180133051752799,0.037978741573007825,0.06370045678416929,96.81070843059867,-0.1427674306636399,223.4939368639297,-0.00737193715700297,-6.196047192949926,0.03867529973622741,0.06467751618211191,96.78499873637371,-0.0029291994239810104,0.010114234571631187,-0.010963336778911184,-0.015914141197127307,0.0006965581632195836,0.0009770593979426256,-0.025709694224957502
101,-0.1394856879123852,223.17495702259455,0.010758274263617324,-6.174482854435446,0.04101317979023337,0.05767707190485238,96.77792516249255,-0.14226565187507503,223.1580937804137,-0.0005389776749680976,-6.1662661225064905,0.04112247187161833,0.058693673744962406,96.75729211057158,-0.002779963962689841,-0.016863242180846783,-0.011297251938585422,0.008216731928955667,0.00010929208138495822,0.001016601840110029,-0.020633051920967205
102,-0.1387556104024617,222.86634960207078,0.018665149333240857,-6.169804818760232,0.04372576721597354,0.05082642512475468,96.74521204436317,-0.13920370160185347,222.8564406670997,0.025880449885563928,-6.156831370660303,0.04341097781760439,0.05252323316409874,96.72658138752921,-0.00044809119939176467,-0.009908934971093686,0.00721530055232307,0.012973448099929286,-0.000314789398369153,0.0016968080393440568,-0.018630656833963144
103,-0.13806162594363128,222.55797041995794,0.00926976919593588,-6.165346312828094,0.045864524214302975,0.0347238548084225,96.71251369622598,-0.13420459731556636,222.55818356554823,0.010861320049424937,-6.156830209495476,0.04572647533506391,0.03254432707025068,96.69713302051203,0.003857028628064918,0.00021314559029406155,0.0015915508534890578,0.00851610333261732,-0.00013804887923906523,-0.002179527738171823,-0.015380675713956293
104,-0.13748442825086712,222.24982270496383,0.013942317367070751,-6.160551626906639,0.047394183835193,0.026462530027178376,96.67980330200326,-0.12290292634050282,222.2411137062146,0.005895604338731831,-6.156684412375721,0.04652786868091585,0.025373719727320863,96.66115014769353,0.014581501910364308,-0.008708998749227703,-0.00804671302833892,0.003867214530917984,-0.0008663151542771461,-0.001088810299857513,-0.01865315430973169
105,-0.13660342007162019,221.94192081321754,0.02138784850390982,-6.155513069170178,0.04850555505402989,0.017992318726297377,96.64708129621056,-0.13745930166857703,221.9431849340658,0.026320177975133738,-6.1804926690951145,0.047230231200995565,0.01861354604440499,96.62791796797552,-0.0008558815969568478,0.0012641208482762067,0.004932329471223917,-0.02497959992493648,-0.0012753238530343255,0.0006212273181076117,-0.01916332823503808
106,-0.135345622948007,221.63646663542377,0.028985703478055392,-6.062665195677928,0.04914873786168732,0.007734993579999721,96.60849188483456,-0.13494490921549795,221.640916774265,0.04096243006665495,-6.061721109851214,0.04910196915817577,0.008090295939385516,96.59069396087848,0.0004007137325090504,0.004450138841235685,0.011976726588599561,0.000944085826714236,-4.6768703511543275e-05,0.0003553023593857955,-0.017797923956081263
107,-0.13416776263648017,221.33336378642238,0.0181255935880859,-6.0614357171345965,0.04909628346915825,-0.00983316928116237,96.57601712167828,-0.1360485746930283,221.33090103643616,0.006127377490625141,-6.057558454542352,0.05033723915332011,-0.006899990150971948,96.55866595156665,-0.0018808120565481368,-0.0024627499862219793,-0.011998216097460757,0.0038772625922440795,0.001240955684161861,0.002933179130190422,-0.017351170111624015
108,-0.13313536323304775,221.03032760628514,0.023111352021752348,-6.059997832610529,0.04837069264544788,-0.019190463667252432,96.5435418652976,-0.1367855728179541,221.0244543267176,0.030928942483053043,-6.068608911374399,0.05020104065110287,-0.02006548904446095,96.53126463791625,-0.003650209584906333,-0.005873279567538248,0.007817590461300695,-0.008611078763870239,0.001830348005654986,-0.0008750253772085194,-0.012277227381346734
109,-0.13180831884054037,220.7273818826084,0.029872576051083333,-6.057817339691012,0.04717951535560606,-0.02845662792642064,96.51102237901462,-0.13729045232863843,220.71875381407025,0.026632924238387777,-6.060850811128996,0.04876104229141598,-0.02803784764143313,96.4990332025508,-0.005482133488098062,-0.008628068538143907,-0.0032396518126955563,-0.0030334714379840477,0.0015815269358099224,0.0004187802849875098,-0.011989176463814033
110,-0.13016066765836765,220.42454321959372,0.03589986818715243,-6.0557148948360995,0.04554086519492584,-0.037089378500788105,96.47851289133308,-0.129313176791852,220.41854893319186,0.04566181569087446,-6.054187968791621,0.04367246107703249,-0.036254074564912434,96.46774568852808,0.0008474908665156433,-0.005994286401858062,0.009761947503722036,0.0015269260444785715,-0.001868404117893352,0.0008353039358756711,-0.010767202804998988
111,-0.12857654153890732,220.12180757551621,0.027284628263222508,-6.053701353310819,0.04330783102517535,-0.05223198828923134,96.44601044895778,-0.13048762493114036,220.11975297229617,0.028889734518532665,-6.051701203851344,0.04259641419557836,-0.05234784920773645,96.4355420003354,-0.0019110833922330317,-0.002054603220045692,0.001605106255310157,0.002000149459474798,-0.0007114168295969947,-0.00011586091850510766,-0.010468448622376059
112,-0.1270084694834171,219.8191766506112,0.035213834211559776,-6.05151910656194,0.04054236547837927,-0.0583866335826119,96.41350343636161,-0.1245926906688635,219.8135030926831,0.033955739642761884,-6.0500612642908855,0.04009004542405137,-0.0596353165059369,96.40045784582396,0.0024157788145535986,-0.0056735579281053106,-0.001258094568797892,0.001457842271054055,-0.0004523200543279024,-0.0012486829233249938,-0.013045590537643648
113,-0.1254323252222964,219.51665926318876,0.02756820228390548,-6.0491682253614565,0.03728436499423789,-0.07193338578304354,96.3809895089969,-0.12733972792937653,219.51096685307064,0.01931548358722153,-6.035014702608481,0.037371201791212005,-0.07128231026826637,96.36883105039637,-0.001907402707080147,-0.005692410118115276,-0.00825271869668395,0.014153522752975434,8.68367969741185e-05,0.0006510755147771663,-0.012158458600538324
114,-0.12378935834799772,219.21424936787156,0.0378493395247184,-6.047209039566439,0.03358725276257561,-0.07595110348344754,96.34850632755831,-0.11376814731130754,219.20604787603799,0.019164061549458815,-6.040458541693429,0.03303485657414207,-0.07562154976160218,96.34040868769004,0.01002121103669018,-0.008201491833574437,-0.01868527797525959,0.006750497873009742,-0.0005523961884335432,0.0003295537218453576,-0.008097639868267947
115,-0.12157702584866964,218.9119491515819,0.050328634846793896,-6.04478004902907,0.029728662298701216,-0.07839251507152835,96.31599512136883,-0.11889280609042503,218.9113167178253,0.046264112482535806,-6.040320968817197,0.02952111780987332,-0.07958950948071976,96.31013802087286,0.0026842197582446076,-0.0006324337566070426,-0.00406452236425809,0.004459080211873356,-0.0002075444888278953,-0.0011969944091914098,-0.0058571004959731
116,-0.11910722983074937,218.60977868771369,0.04812574007841436,-6.042029948989854,0.025569383271947133,-0.08797864599863495,96.28347260677627,-0.11482324417729643,218.6160424875647,0.04992045283326596,-6.028496041799828,0.024715339280114268,-0.08755829443092439,96.28004381531066,0.004283985653452935,0.006263799851012664,0.0017947127548516018,0.013533907190026007,-0.0008540439918328646,0.0004203515677105585,-0.003428791465609038
117,-0.11720421491474659,218.30772883456814,0.02760738643069984,-6.039968504017393,0.020767408009181837,-0.10410036451197682,96.25097185645812,-0.11398794180638547,218.30397340008454,0.016186007545597583,-6.044731625410339,0.020727189152103698,-0.10317863792550105,96.24420815222534,0.0032162731083611173,-0.0037554344835939446,-0.011421378885102258,-0.00476312139294599,-4.0218857078139214e-05,0.0009217265864757684,-0.00676370423278172
118,-0.1158992912132311,218.00581688763845,0.024153650808436795,-6.0364999120608696,0.015411361310672592,-0.11014150342839299,96.21841334085225,-0.107115176763399,217.99992204979108,0.03550256959975907,-6.040126666159485,0.015425360073435535,-0.11187266329679044,96.21361426192833,0.008784114449832098,-0.0058948378473644425,0.011348918791322278,-0.003626754098615237,1.3998762762942527e-05,-0.0017311598683974472,-0.0047990789239236165
119,-0.11470968969413989,217.70408007243444,0.02297390806799136,-6.032962255156661,0.009801107404521918,-0.11426865281763397,96.18585571854027,-0.11982780116831085,217.69784188794492,0.009033639879849419,-6.020198945660798,0.010272399073214089,-0.11483248310051788,96.18701637032534,-0.005118111474170961,-0.006238184489518517,-0.013940268188141942,0.012763309495862352,0.0004712916686921715,-0.000563830282883912,0.0011606517850708542
120,-0.11355179424152792,217.4025056980211,0.022873165610934547,-6.030000892631172,0.0040351648719147894,-0.11636904848665115,96.15334185099782,-0.10725118371015151,217.38849378219507,0.016672512071259048,-6.028715992561112,0.004007566121774442,-0.11475766588499196,96.15547592749351,0.006300610531376413,-0.014011915826017685,-0.006200653539675499,0.0012849000700603241,-2.7598750140347614e-05,0.0016113826016591892,0.0021340764956931935
121,-0.11237440005432149,217.10109491899013,0.023749130766242365,-6.026417018557392,-0.001781074060842382,-0.11628050882363576,96.12079155871515,-0.11630802622916184,217.0891179824495,0.02278833700202415,-6.011773140271706,-0.0015287572843085684,-0.11683475395351256,96.12424008778196,-0.003933626174840346,-0.011976936540634142,-0.0009607937642182145,0.014643878285686363,0.00025231677653381364,-0.0005542451298767986,0.0034485290668015978
122,-0.11151256223690681,216.7998462236885,0.010240925294530726,-6.023533075860972,-0.007751506674495235,-0.12253679572247836,96.08827747788175,-0.12289819199631731,216.78720307064205,0.01520696497291614,-6.021466110322459,-0.007484804436404424,-0.12085748333075888,96.0936898533306,-0.011385629759410501,-0.012643153046440148,0.004966039678385414,0.0020669655385132657,0.0002667022380908107,0.0016793123917194785,0.005412375448855755
123,-0.11088466185449439,216.5009178155598,0.014300227277047274,-5.933608135562887,-0.013751027017501104,-0.11744401799775642,96.04997916741455,-0.10600179850578045,216.49160842812714,0.010533720857983243,-5.941308013263627,-0.014026365357472592,-0.11612976778635539,96.05039635938809,0.004882863348713934,-0.009309387432665517,-0.003766506419064031,-0.00769987770074021,-0.00027533833997148843,0.0013142502114010246,0.0004171919735398433
124,-0.11045365867345151,216.20424518709254,0.0024617396400524946,-5.933295105107434,-0.019666747308302104,-0.1191847936342836,96.0176429945228,-0.10926048866017447,216.198727525254,0.008003227892971162,-5.948575896636933,-0.019053731948098118,-0.11834296544920146,96.01951818282144,0.0011931700132770395,-0.005517661838553067,0.005541488252918668,-0.015280791529498572,0.0006130153602039862,0.000841828185082133,0.0018751882986407509
125,-0.11058179145667416,215.90760272369283,-0.008069008157075381,-5.932400911953426,-0.025623565584962538,-0.11908793743213364,95.9852747599066,-0.11202653740556129,215.9115379401121,0.014545266141337467,-5.922973556762535,-0.02481857587682823,-0.11878560595339806,95.98292430254948,-0.0014447459488871328,0.003935216419279186,0.022614274298412847,0.00942735519089144,0.0008049897081343071,0.00030233147873558186,-0.002350457357124469
126,-0.11107901438058328,215.61098424181534,-0.012295809245716171,-5.932334250899452,-0.03152455911799597,-0.1169518038892035,95.95296877158431,-0.1206513403799894,215.60808094765426,0.0002237250144602205,-5.915009904127896,-0.03217019323653103,-0.11692985824178358,95.95333143168737,-0.00957232599940612,-0.002903294161086478,0.012519534260176391,0.017324346771556698,-0.0006456341185350628,2.1945647419918668e-05,0.00036266010306462704
127,-0.1118404080057512,215.31436831182253,-0.018622490430676337,-5.932296032288597,-0.037251873765196855,-0.11214078199883189,95.92067302241315,-0.12271988009789868,215.31612102473449,-0.01118510925181852,-5.9312575475057585,-0.036972556737757234,-0.11173419803617006,95.91435444585586,-0.010879472092147485,0.0017527129119514484,0.007437381178857817,0.0010384847828381893,0.00027931702743962117,0.0004065839626618273,-0.006318576557291067
128,-0.11291310855494924,215.01777758351346,-0.024726530797685744,-5.931325414481206,-0.04269583741421313,-0.10561776396181911,95.8883212088979,-0.11233179893968276,215.0277380241579,-0.023842823234867465,-5.935654192964033,-0.04369812773735049,-0.10597732421676544,95.88105483239038,0.0005813096152664787,0.009960440644448454,0.000883707562818279,-0.004328778482826756,-0.00100229032313736,-0.0003595602549463228,-0.007266376507530481
129,-0.11380397419167222,214.72124221340695,-0.011301786576421573,-5.930065566379027,-0.0475468864060225,-0.08842419571055551,95.85594614217905,-0.11801512185642964,214.72803669388463,-0.008529940742411654,-5.946752683135928,-0.050127994954069166,-0.08911914293155673,95.85130645877916,-0.004211147664757414,0.006794480477680054,0.0027718458340099186,-0.016687116756901155,-0.002581108548046669,-0.0006949472210012186,-0.0046396833998869624
130,-0.1143299223632197,214.42479277580134,-0.01007314800604452,-5.927900261169117,-0.05169437369773486,-0.0774752959579389,95.82352764951983,-0.13332064688500347,214.42362091272915,-0.02879626349224962,-5.931883092029335,-0.05148132514632486,-0.07756800916812247,95.81548339175028,-0.01899072452178377,-0.001171863072187307,-0.0187231154862051,-0.003982830860218556,0.00021304855140999446,-9.271321018357315e-05,-0.008044257769554974
131,-0.11474446195913639,214.12844189073917,-0.0068005692702783295,-5.926123758136639,-0.05528312607882606,-0.06607479928570903,95.79113991803098,-0.12590468266926103,214.13274787840155,-0.00282151219225028,-5.943403536820699,-0.05427448675986701,-0.06664533726239458,95.78353880728572,-0.011160220710124638,0.00430598766237722,0.0039790570780280496,-0.01727977868405972,0.0010086393189590454,-0.0005705379766855478,-0.0076011107452558235
132,-0.11514982892891888,213.83219819399622,-0.009657898093502247,-5.923612689075318,-0.05828285839095065,-0.05391449319927446,95.75870845035901,-0.11051502459984545,213.8339366840226,-0.004139164773067896,-5.905110750034817,-0.05882461242750603,-0.05311030382732133,95.75623169771238,0.0046348043290734275,0.001738490026383488,0.005518733320434351,0.018501939040501014,-0.0005417540365553822,0.0008041893719531318,-0.0024767526466291656
133,-0.11567566831679679,213.53604610611652,-0.011566483558816367,-5.922458111720557,-0.060639601294031134,-0.040355222923945014,95.72637286259408,-0.114735642774431,213.52832849095952,-0.011505677988727942,-5.939027716978166,-0.06166999975536713,-0.04003522330056165,95.72151709304302,0.0009400255423657883,-0.007717615156991542,6.0805570088424965e-05,-0.016569605257608977,-0.001030398461335999,0.0003199996233833671,-0.00485576955105671
134,-0.11620672522197266,213.24214519740022,-0.009828291024974695,-5.833586749783256,-0.0622307732621714,-0.023291655801665673,95.68820463579122,-0.10931314945067502,213.23140306474968,-0.011967647321368517,-5.84148556101486,-0.06191721618747481,-0.02254970363903546,95.68605227571679,0.006893575771297636,-0.010742132650534586,-0.002139356296393821,-0.00789881123160363,0.0003135570746965882,0.000741952162630212,-0.0021523600744330906
135,-0.11666102925980355,212.95043556417593,-0.008409320925737736,-5.834784957917637,-0.06303886488965935,-0.009032009297852415,95.65602638548279,-0.11655983700725996,212.94864473359726,-0.018145449249701996,-5.8253664419483036,-0.06393625921181112,-0.009171198572951119,95.65412011593675,0.0001011922525435971,-0.001790830578670466,-0.00973612832396426,0.009418515969333185,-0.0008973943221517733,-0.00013918927509870387,-0.001906269546040562
136,-0.11708551854308358,212.65865503143698,-0.00857674444573941,-5.836422468238139,-0.0631194120573382,0.005810122590697936,95.6238829514164,-0.11832007837203266,212.66162188863194,-0.001832650023700675,-5.836378419845902,-0.0634569831852243,0.007547741317223579,95.61629151284669,-0.0012345598289490861,0.002966857194962813,0.006744094422038735,4.4048392236817335e-05,-0.00033757112788609933,0.0017376187265256433,-0.007591438569718889
137,-0.11746974920687386,212.36681013523565,-0.006740281042666494,-5.837359573506335,-0.06246817753299529,0.020239258383018523,95.59169840807924,-0.12759899098056593,212.37160297053728,-0.006237270180468846,-5.831107892587315,-0.06346654475543456,0.020555665755963053,95.58679461386707,-0.010129241773692066,0.004792835301628884,0.0005030108621976483,0.00625168091901962,-0.0009983672224392684,0.0003164073729445306,-0.004903794212168577
138,-0.11782932961695185,212.07491918587723,-0.007532359816417558,-5.838264555827724,-0.06109834420580795,0.034554074704475225,95.55951722128314,-0.11690122556553116,212.07392595114024,-0.0025366564310983124,-5.842623489002423,-0.06288779708000725,0.034372735471962415,95.55677024623984,0.0009281040514206862,-0.0009932347369954186,0.004995703385319246,-0.004358933174699153,-0.0017894528741992932,-0.0001813392325128102,-0.0027469750433084528
139,-0.11820780825300811,211.783001732532,-0.00743899251107339,-5.838419846912495,-0.05902245038334998,0.04848167819384371,95.52729164097615,-0.11631200679645205,211.78352948554127,0.0040712588007229735,-5.819760785199739,-0.05965296253787411,0.048576363742585414,95.52796184691191,0.0018958014565560594,0.0005277530092655525,0.011510251311796364,0.01865906171275622,-0.0006305121545241293,9.468554874170199e-05,0.0006702059357621692
140,-0.1185660833462246,211.49105850460344,-0.006671164743138829,-5.8392945673260765,-0.05628432004793533,0.0610435352227425,95.49511896431848,-0.1231003476671119,211.49417565885923,-0.009530917739498209,-5.827860992778676,-0.05484078736793263,0.061142794059933635,95.50032802298385,-0.004534264320887313,0.0031171542557899556,-0.0028597529963593797,0.011433574547400127,0.0014435326800026974,9.925883719113376e-05,0.005209058665371913
141,-0.11901656820003,211.19908621868385,-0.011079828859265253,-5.839580883407311,-0.052962429898499426,0.07183207075469358,95.46291162761376,-0.12492871274454925,211.19594758342967,-0.02287151036361735,-5.832996176726044,-0.053085863483580464,0.0704255063751116,95.46948298556944,-0.005912144544519257,-0.00313863525417446,-0.011791681504352097,0.006584706681266539,-0.00012343358508103836,-0.0014065643795819899,0.006571357955678536
142,-0.11966364948735514,210.90711159654714,-0.014492151300511815,-5.839387978100991,-0.04911776279237622,0.08195461349023454,95.43067804023437,-0.13102683658602252,210.91188268548976,-0.016456232362939152,-5.8401331822671585,-0.04893566582867637,0.08136868638864549,95.44102541767262,-0.011363187098667377,0.004771088942618462,-0.001964081062427337,-0.0007452041661677455,0.00018209696369985567,-0.0005859271015890566,0.01034737743825076
143,-0.12050570660090007,210.61516012052255,-0.018840589447550397,-5.838653894094855,-0.04480724233324971,0.09046620487482603,95.3984129675724,-0.12877332635253763,210.62328592332153,-0.0002448966669511346,-5.854662522958283,-0.044259734941380025,0.08925510006045734,95.40664717804182,-0.008267619751637562,0.008125802798986115,0.018595692780599263,-0.016008628863428243,0.0005475073918696852,-0.0012111048143686881,0.008234210469424852
144,-0.12166402371063599,210.3254123133609,-0.02704179661132444,-5.751259669801409,-0.040087105625813475,0.09833926342262322,95.36039333827595,-0.12163395842067731,210.33433019177673,-0.016657122971189486,-5.771962886027403,-0.03971730477891455,0.09996179076580315,95.3638554507926,3.0065289958677854e-05,0.00891787841581504,0.010384673640134953,-0.020703216225993692,0.0003698008468989225,0.0016225273431799275,0.003462112516643856
145,-0.12322656945905432,210.03780176609547,-0.03505398107774303,-5.753141560486376,-0.0350459905930485,0.10330533788797588,95.32830074302262,-0.11735726186706175,210.05004787071752,-0.03895334568269147,-5.775998936862359,-0.038466507542797235,0.10285301100751341,95.33377827233895,0.00586930759199257,0.01224610462205078,-0.003899364604948441,-0.022857376375982952,-0.0034205169497487364,-0.0004523268804624697,0.005477529316323171
146,-0.12471805999277055,209.75010683941142,-0.024163781939767905,-5.754651371275487,-0.029560286044545706,0.1161228440521359,95.29618566537556,-0.12754306739116586,209.77415303559565,-0.030658538860452764,-5.7616361913462315,-0.03013759926014714,0.11760432569816341,95.30594920613991,-0.0028250073983953072,0.024046196184229984,-0.006494756920684859,-0.006984820070744746,-0.0005773132156014354,0.001481481646027516,0.009763540764353706
147,-0.12573529827988295,209.4623289625165,-0.016039318316647337,-5.75645682189266,-0.02351232105720317,0.12579575544156565,95.26410010934993,-0.12724595921498438,209.47269485691692,-0.025500364909048143,-5.760581184926276,-0.022642918422219882,0.12388643621780296,95.26922870329858,-0.0015106609351014377,0.010365894400422349,-0.009461046592400806,-0.004124363033616518,0.0008694026349832865,-0.0019093192237626955,0.005128593948654725
148,-0.12643784715759745,209.17446661298482,-0.011541676050402374,-5.758028010676303,-0.01704938035363978,0.1327218727009699,95.23200655931304,-0.1278437365509028,209.18035329220527,-0.022085912231900994,-5.771969011429391,-0.017832648075198243,0.13092020150621783,95.23313749052815,-0.001405889393305354,0.005886679220452606,-0.01054423618149862,-0.01394100075308824,-0.000783267721558463,-0.0018016711947520803,0.0011309312151155382
149,-0.12693038239787865,208.88654394438737,-0.007613552434669216,-5.758869439706102,-0.010284955478750572,0.13785512229459843,95.19987035017006,-0.1337460530228639,208.8836671010922,-0.004691858255778043,-5.758744904331613,-0.010705411815014276,0.13830155382225673,95.20071972533809,-0.006815670624985254,-0.002876843295183562,0.0029216941788911734,0.0001245353744891986,-0.000420456336263704,0.0004464315276583031,0.0008493751680305195
150,-0.12763624236725157,208.59856539634123,-0.020074210550481773,-5.7602415527203235,-0.0035369305972921157,0.13206587296373984,95.16776002801079,-0.13173510031220703,208.60482397154394,-0.00970498928578321,-5.7456122860112915,-0.0041269458760857525,0.13315750216426403,95.16699003166377,-0.0040988579449554585,0.006258575202707561,0.010369221264698563,0.014629266709031974,-0.0005900152787936368,0.0010916292005241912,-0.0007699963470173543
151,-0.1286432973378696,208.31051659625484,-0.01967509871460186,-5.761696946828672,0.003071439974177569,0.1322689498950476,95.13567654961194,-0.1331458495098445,208.3209404468823,-0.03007439695098255,-5.771781443399351,0.0007518354705280395,0.13319937129001672,95.13460681800032,-0.0045025521719748995,0.010423850627461206,-0.01039929823638069,-0.01008449657067878,-0.0023196045036495295,0.0009304213949691276,-0.00106973161162216
152,-0.1292016769229415,208.02242186219866,-0.0021129445428578093,-5.76209817560778,0.009855341989746538,0.13908713072771114,95.10350865198271,-0.14395521563390318,208.02376248210055,0.009524288112209175,-5.7614027587600845,0.009664868921369862,0.13814969436938643,95.1012129427213,-0.014753538710961689,0.0013406199018959342,0.011637232655066984,0.0006954168476953626,-0.00019047306837667588,-0.0009374363583247169,-0.0022957092614035446
153,-0.12937751811990786,207.73430897037915,-0.004368025316128777,-5.762400054743673,0.01668960116813683,0.13428323640790055,95.0713587551401,-0.13925379639778993,207.7242672098706,-0.02078863751517261,-5.772624722527741,0.01826219032493892,0.13480535185858222,95.06361176689038,-0.009876278277882067,-0.010041760508556763,-0.016420612199043835,-0.010224667784068053,0.0015725891568020914,0.0005221154506816761,-0.007746988249721198
154,-0.1291840120776767,207.44619661372187,0.012647690599555294,-5.762093008119479,0.023417709912270414,0.1348411133574428,95.03916656992985,-0.13370104198719915,207.43727806602473,0.019139562597841036,-5.761310769444902,0.02294725247794238,0.13410265819129197,95.03449484481783,-0.004517029909522435,-0.008918547697135182,0.006491871998285742,0.0007822386745770515,-0.0004704574343280324,-0.0007384551661508421,-0.004671725112018521
155,-0.12874281887285483,207.15809533399857,0.005526720640364172,-5.761937570113986,0.02992140711400867,0.1253067747120875,95.00699488967298,-0.1365012035667845,207.157535057371,-0.0034089641199089686,-5.773386844931121,0.031008640965282552,0.12533658826943556,95.00340318176781,-0.007758384693929671,-0.0005602766275671911,-0.00893568476027314,-0.011449274817135091,0.0010872338512738812,2.981355734804625e-05,-0.003591707905172825
156,-0.12820889250789974,206.87216426346907,0.016415149505132717,-5.675322087570565,0.036070881515849564,0.12067220136154827,94.96909334395023,-0.12853195458387123,206.87744840775665,0.02568347662082464,-5.668965240165344,0.03366910138709889,0.11953103581713032,94.96563901205616,-0.00032306207597149195,0.005284144287571735,0.009268327115691921,0.006356847405221799,-0.002401780128750676,-0.0011411655444179547,-0.00345433189407629
157,-0.12758038263400912,206.5883109853041,0.009184303889785495,-5.67878697773146,0.041776923387078,0.1075694734875892,94.93716149719253,-0.13297575303874698,206.5801702001293,0.016285819140740943,-5.679997379196161,0.04118651805886664,0.10664917231534746,94.94055903245363,-0.005395370404737865,-0.008140785174816756,0.007101515250955448,-0.001210401464700972,-0.000590405328211363,-0.000920301172241747,0.0033975352611008702
158,-0.12745450006087766,206.30430188199244,-0.0037453702396469096,-5.681554182820279,0.046766160188364464,0.09199999856386917,94.90518596337415,-0.13266677157082046,206.3021182214,-0.013387840851810285,-5.679564221302607,0.04667699289749638,0.09301071057312275,94.90953000203689,-0.005212271509942801,-0.002183660592436354,-0.009642470612163376,0.0019899615176717234,-8.916729086808073e-05,0.001010712009253581,0.004344038662736693
159,-0.12749238436401114,206.0201625912375,0.002581380221550223,-5.684007099394412,0.05114055676691941,0.08297586457832849,94.87320108572129,-0.12703059547499765,206.02212021440775,0.014960474030831224,-5.698243174185567,0.051300179988329475,0.0832093193261958,94.87675583601917,0.00046178888901349247,0.001957623170255829,0.012379093809281,-0.014236074791154962,0.00015962322141006846,0.0002334547478673038,0.003554750297880105
160,-0.12727494771961398,205.73592680659792,0.006429164762566213,-5.6854128813829305,0.055022104337980784,0.0722860382641266,94.84115326003962,-0.11873287566827916,205.74183987119693,0.0070692736953653565,-5.67613515597284,0.05415614420168913,0.06979357282782803,94.84301540952222,0.008542072051334823,0.005913064599013751,0.0006401089327991438,0.009277725410090198,-0.0008659601362916575,-0.00249246543629858,0.0018621494826049911
161,-0.1268478624662576,205.45160317445206,0.010921838079409324,-5.68752049555316,0.05834874761257735,0.06077969271973603,94.80915741647682,-0.12545993783169523,205.46204998576943,0.014676155860560286,-5.685518265408586,0.059344269869440414,0.06027492248773268,94.8149696661046,0.0013879246345623597,0.010446811317365245,0.0037543177811509617,0.0020022301445745683,0.0009955222568630642,-0.0005047702320033487,0.005812249627780375
162,-0.12626306055953893,205.16719069532425,0.012688614329232626,-5.688965582396932,0.06105630060223483,0.04752242686656337,94.7771240377628,-0.11587160826938277,205.1752855588932,0.0050889557949090995,-5.676325335001433,0.05986697224153392,0.04780681574026759,94.78074170856455,0.010391452290156158,0.008094863568942401,-0.007599658534323527,0.01264024739549896,-0.00118932836070091,0.00028438887370422355,0.003617670801745021
163,-0.12557633255994188,204.88270211697466,0.014945200810574565,-5.690564622606677,0.06310070124093059,0.03425359868126712,94.74510601292924,-0.12431319562666511,204.8822588169381,0.011542872483862574,-5.70150926251399,0.0640265382520484,0.035461767297689004,94.74785341363828,0.0012631369332767733,-0.00044330003655090877,-0.0034023283267119904,-0.010944639907313203,0.0009258370111178138,0.0012081686164218813,0.0027474007090404484
164,-0.12470744508513454,204.60030587105112,0.01993112255240782,-5.605292061913509,0.06438284989166838,0.017032347348244627,94.70734139298467,-0.12683663210420776,204.60790696000248,0.014679481256885797,-5.620120392034788,0.06418457145726864,0.017481227458202,94.7118468931966,-0.00212918701907322,0.007601088951361135,-0.005251641295522023,-0.014828330121278377,-0.00019827843439974846,0.0004488801099573718,0.004505500211919866
165,-0.12365901557610989,204.3199498334891,0.02204542281733575,-5.608935210602268,0.06487473209190597,0.0026429406612590474,94.67546082494667,-0.11311778694220712,204.3334086857,0.01635983922105907,-5.603839238168674,0.06463497167603771,0.003060035603617902,94.67809433243836,0.010541228633902777,0.013458852210902705,-0.005685583596276678,0.005095972433593943,-0.00023976041586826202,0.0004170949423588548,0.0026335074916943313
166,-0.122492173238076,204.03940023766782,0.02460973281036965,-5.6130340944947354,0.06464693766353284,-0.01175471779618436,94.64361612115029,-0.1189090953454233,204.04866717235635,0.026387101885843076,-5.6022264147916,0.06458603476416691,-0.011741589646252885,94.64324106953894,0.0035830778926527057,0.009266934688525907,0.001777369075473427,0.010807679703135342,-6.090289936593052e-05,1.3128149931474625e-05,-0.0003750516113427693
167,-0.12120811470649707,203.75865003846963,0.026676738947042474,-5.616959190758925,0.06370321440967373,-0.025994212358179974,94.61176564460071,-0.12462208171957664,203.7564044190931,0.03126534787982373,-5.609314651017558,0.0636450343446362,-0.026351208509289827,94.60797821936742,-0.003413967013079569,-0.0022456193765378885,0.0045886089327812525,0.007644539741366252,-5.818006503753581e-05,-0.0003569961511098521,-0.003787425233284125
168,-0.1197967940282633,203.47771725621405,0.02964370819756211,-5.620337249963458,0.06205950055188665,-0.039754341953303206,94.57988459074795,-0.12438053784008593,203.47813131156994,0.023501236600454042,-5.602788175321652,0.062140153328493763,-0.04047506199583698,94.57174220132691,-0.004583743811822624,0.00041405535588978637,-0.006142471597108068,0.017549074641806328,8.065277660711245e-05,-0.0007207200425337762,-0.008142389421038843
169,-0.11821745059762899,203.19661437371434,0.033343727022613255,-5.623762755180314,0.059746007779665516,-0.05278536893554217,94.54801217342415,-0.11078888305355897,203.1877652403437,0.03874794033885501,-5.6256423518396135,0.05975726763900546,-0.05248664670175808,94.53945343722505,0.007428567544070022,-0.008849133370631534,0.005404213316241753,-0.0018795966592994873,1.1259859339945999e-05,0.0002987222337840906,-0.008558736199105965
170,-0.11645680811440574,202.91537070043654,0.03684468062455996,-5.625968627393877,0.05680240774377668,-0.06495863250001135,94.51606452498586,-0.11215841535558917,202.9095974522161,0.026071792106926884,-5.622037627801323,0.055150549876533006,-0.06641254708659614,94.50901406487262,0.004298392758816577,-0.005773248220435789,-0.010772888517633073,0.003930999592554052,-0.0016518578672436723,-0.0014539145865847813,-0.007050460113248391
171,-0.11447307465880155,202.6340184926194,0.04222230123516425,-5.628102556080321,0.05329616567695061,-0.07529105017303121,94.48411637373313,-0.12363172973015014,202.64572719296274,0.061419266299428066,-5.624048274198231,0.05323347038067272,-0.07467594635934248,94.48152677877087,-0.009158655071348595,0.011708700343348255,0.019196965064263813,0.004054281882089228,-6.269529627789261e-05,0.0006151038136887332,-0.0025895949622594117
172,-0.11261976233983817,202.35256502381856,0.03157210995206683,-5.630030702240582,0.049084567406139874,-0.09317288065939831,94.45215226865842,-0.11865010553668702,202.36788855649553,0.024660456728296365,-5.636815095083438,0.04911009005055966,-0.09273117022813386,94.44975717786511,-0.00603034319684885,0.015323532676973173,-0.006911653223770464,-0.00678439284285659,2.552264441978841e-05,0.00044171043126445264,-0.0023950907933141252
173,-0.11085732038287184,202.07317322189235,0.03846047980369509,-5.545641476533478,0.044193818569766535,-0.10245707279553518,94.4144930483288,-0.11157507075808892,202.07927824906824,0.05520819329537954,-5.554565022197132,0.04450883750294077,-0.10429008333793226,94.41345462774957,-0.0007177503752170827,0.006105027175891564,0.016747713491684454,-0.008923545663654053,0.0003150189331742326,-0.0018330105423970816,-0.0010384205792206558
174,-0.10907649007384373,201.79577888363332,0.032334428596102416,-5.550126333311874,0.03871135731568946,-0.11684137736754784,94.3827034013697,-0.11179899645763627,201.8020206460141,0.039999733471243325,-5.539750201778738,0.03940834035341734,-0.11649898117390312,94.37961522782525,-0.002722506383792539,0.00624176238079599,0.007665304875140909,0.010376131533135435,0.0006969830377278746,0.00034239619364472007,-0.0030881735444410197
175,-0.10762716310470384,201.5181511458733,0.02514653686046611,-5.55497710099157,0.0325597957816728,-0.12922108399311866,94.35094530805974,-0.10286340213590249,201.5202739827725,0.02531990320713239,-5.545131596164154,0.03241965659770063,-0.12747678256832445,94.34572039265062,0.0047637609688013505,0.002122836899189906,0.0001733663466662802,0.009845504827415752,-0.0001401391839721683,0.0017443014247942035,-0.005224915409115738
176,-0.10608299188452615,201.2402909378575,0.03609862265674979,-5.5594049852153695,0.02605847396567028,-0.1308317886469822,94.31916183461328,-0.10876483084126258,201.24761675761135,0.043318055329151756,-5.569244058886653,0.02602689542354586,-0.13114867007476422,94.31663481756274,-0.002681838956736432,0.007325819753845053,0.007219432672401965,-0.009839073671283671,-3.157854212441913e-05,-0.0003168814277820231,-0.0025270170505393708
177,-0.10436843838773234,200.9622440076779,0.031942434375699526,-5.562463201344098,0.019327691612445474,-0.13839950548201002,94.28730015274581,-0.10303579220650586,200.9620751716026,0.025783911554113498,-5.537681755625348,0.019573610877152703,-0.13636601017501376,94.2865793901627,0.001332646181226485,-0.00016883607528939137,-0.006158522821586028,0.02478144571874985,0.00024591926470722905,0.002033495306996258,-0.000720762583114265
178,-0.10282293421397687,200.68401725102163,0.029312204226781678,-5.566596149669666,0.01227859475924566,-0.14356436864598252,94.25551593051577,-0.09990156792099042,200.67314936598888,0.009911411256497403,-5.5754760745967875,0.012076809936408583,-0.1450278365136761,94.25473895953964,0.0029213662929864492,-0.010867885032752156,-0.019400792970284277,-0.008879924927121863,-0.00020178482283707624,-0.0014634678676935797,-0.0007769709761333843
179,-0.10135265486679074,200.40563047274085,0.028915925129606015,-5.568861829207543,0.0050407622039007685,-0.14594893356781313,94.22361468487091,-0.09820338782039122,200.4004616233197,0.0068339591279791825,-5.5597123894188645,0.00395596685031796,-0.14701880617559374,94.22643319669329,0.0031492670463995204,-0.005168849421153254,-0.022081966001626832,0.009149439788678215,-0.0010847953535828084,-0.0010698726077806031,0.0028185118223831296
180,-0.09981399950592588,200.1271196670424,0.032043561645882825,-5.5715541830489075,-0.0022440172653890667,-0.14544224520378027,94.19174700533758,-0.09191928147540045,200.12438533014182,0.024051502969688443,-5.546839096075217,-0.0016624908254128101,-0.14544618705844248,94.19314543751135,0.007894718030525438,-0.002734336900573453,-0.007992058676194382,0.02471508697369007,0.0005815264399762566,-3.941854662209421e-06,0.0013984321737723349
181,-0.09856697572556519,199.8484613957047,0.017240783914096364,-5.574780724441783,-0.00966109929514947,-0.1512410359866359,94.15990540443516,-0.10356586473990288,199.84462344940263,0.021806238001192246,-5.573936746743909,-0.009268255332824715,-0.14982703323429888,94.15734879513856,-0.00499888901433769,-0.0038379463020703497,0.004565454087095883,0.000843977697873477,0.00039284396232475496,0.0014140027523370235,-0.002556609296604506
182,-0.09804883850369656,199.5718111963808,0.00275980561619865,-5.491252261731912,-0.017312871162911622,-0.15482983872385017,94.12234376108515,-0.10094750379976794,199.5698443702182,0.011676730114338674,-5.502764307563217,-0.016373860802664897,-0.15260611249782743,94.11455140673101,-0.0028986652960713843,-0.00196682616260091,0.008916924498140024,-0.011512045831304718,0.0009390103602467254,0.0022237262260227375,-0.007792354354137387
183,-0.0981568414623376,199.29713129960194,-0.007700662099125259,-5.495943452655126,-0.02506621383866766,-0.15530386830639137,94.09060750837764,-0.09388717637130344,199.3077326093499,-0.0008537008024010603,-5.491164496868794,-0.024995197329047425,-0.15464600218165525,94.0812060949431,0.004269665091034158,0.010601309747954701,0.0068469612967241985,0.004778955786332695,7.101650962023504e-05,0.0006578661247361173,-0.009401413434545702
184,-0.09829183486191488,199.02221105797193,0.0016990974299140194,-5.5008412038054,-0.03256276680210094,-0.14455825023094,94.05889452597894,-0.10623997081887136,199.0363000610834,0.006928310850315416,-5.503736868794935,-0.03272518808455205,-0.14244898142704787,94.0578466817146,-0.007948135956956481,0.014089003111479315,0.005229213420401397,-0.002895664989534197,-0.00016242128245110704,0.002109268803892117,-0.001047844264348896
185,-0.09830084600322289,198.7470668534473,-0.0026286099342805076,-5.504920502069489,-0.03966147651053239,-0.1393901381063178,94.02713491448431,-0.1031265867279216,198.75559211162445,0.0033757613849776788,-5.508405810457263,-0.039681320325569036,-0.13847502562889852,94.0290222683036,-0.004825740724698713,0.008525258177144224,0.006004371319258186,-0.0034853083877735003,-1.9843815036647838e-05,0.0009151124774192942,0.0018873538192991646
186,-0.09853893921856627,198.47173042466412,-0.007439671245685274,-5.508528119459774,-0.046441664796420895,-0.13181739332922257,93.99535120734426,-0.09741408059349739,198.47826963849357,-0.01044752260669797,-5.509697016580362,-0.04760590770017892,-0.13021114488002744,93.99736369743674,0.001124858625068878,0.006539213829455548,-0.003007851361012696,-0.0011688971205883192,-0.0011642429037580226,0.00160624844919513,0.0020124900924827216
187,-0.09893234572175694,198.19622148938438,-0.008805633724387064,-5.511817855015892,-0.05277494844305007,-0.12151395253594455,93.9635535303014,-0.10874623123470427,198.2042872650885,0.004118862050781803,-5.506880775963917,-0.05161628328322365,-0.12235652350961894,93.96405111956636,-0.009813885512947332,0.008065775704125144,0.012924495775168868,0.004937079051974713,0.0011586651598264192,-0.0008425709736743919,0.0004975892649667912
188,-0.09937360344561431,197.92055092593634,-0.009309915621553918,-5.514993305133337,-0.05856110861604512,-0.10993245438385735,93.9317538531297,-0.10644601336005428,197.9201709406082,-0.005318459898127772,-5.522305836140088,-0.05605530440430195,-0.11069007872230277,93.93070982388285,-0.00707240991443997,-0.0003799853281520882,0.003991455723426146,-0.007312531006751222,0.002505804211743165,-0.0007576243384454229,-0.001044029246855871
189,-0.09990449620420115,197.64687570106855,-0.012410484600406243,-5.43202373223415,-0.06367371446493829,-0.09457177957186963,93.89427935484123,-0.11373140800453778,197.64361200588124,-0.0006353012521307507,-5.4161860401501825,-0.0635162045842077,-0.09414941092262578,93.89138717917072,-0.013826911800336628,-0.003263695187314397,0.011775183348275493,0.015837692083967347,0.0001575098807305858,0.00042236864924384554,-0.0028921756705102553
190,-0.10051616096886735,197.37510698520126,-0.012403098248944937,-5.438709774453781,-0.06801883157787708,-0.07923290494568233,93.8627141376619,-0.10944925218389122,197.37172497297058,-0.01946721188895317,-5.44411527853004,-0.06843763331500075,-0.08043575221679551,93.86330373936272,-0.008933091215023864,-0.003382012230673581,-0.0070641136400082325,-0.005405504076258616,-0.0004188017371236641,-0.0012028472711131805,0.0005896017008240051
191,-0.1009698231100812,197.10303984399525,-0.00602833531561733,-5.4439602290369224,-0.0715553335099256,-0.06222717233625816,93.83106007859575,-0.10387174857339207,197.09975665154542,-0.0022229063580935064,-5.4428834286781695,-0.07215954817226411,-0.06255853841422394,93.83419202982991,-0.0029019254633108754,-0.0032831924498282206,0.0038054289575238237,0.0010768003587529051,-0.0006042146623385092,-0.0003313660779657862,0.0031319512341525524
192,-0.10113486670702884,196.8307149958261,-0.0007877063218287,-5.449018063679936,-0.07421628444923685,-0.04421086523619153,93.79939899535013,-0.12114508065126514,196.83388333035148,-0.007480463536967824,-5.433275449517513,-0.07527843955790336,-0.04397440528699804,93.79940585720004,-0.0200102139442363,0.003168334525383898,-0.006692757215139124,0.01574261416242262,-0.0010621551086665154,0.00023645994919348906,6.861849911388163e-06
193,-0.10105157401701927,196.55813263144458,0.003979560351737214,-5.454260918808892,-0.07595349092077743,-0.0252773936254317,93.76775560182813,-0.11022989003699553,196.55771857928178,-0.000516232459336058,-5.447012993653497,-0.07711165692047084,-0.02619244083925698,93.77288371927887,-0.009178316019976263,-0.000414052162795997,-0.004495792811073272,0.007247925155394519,-0.001158165999693414,-0.0009150472138252791,0.005128117450738046
194,-0.10079745093030526,196.28530912526654,0.006122524413932032,-5.458664390076218,-0.07673375816659668,-0.005933296207338484,93.73606264153378,-0.10341348265879016,196.28207069505154,0.0021182863519409647,-5.4605398512374785,-0.07888493978506306,-0.006538776298965611,93.74525842759091,-0.002616031728484902,-0.0032384302149921496,-0.004004238061991067,-0.0018754611612603611,-0.0021511816184663773,-0.0006054800916271271,0.009195786057134114
195,-0.10034554360302561,196.01228603034562,0.011968633915915397,-5.462245205412179,-0.07653694782790743,0.013805709754908552,93.70432092835607,-0.10687794176566683,196.0187827172932,0.001359092143877927,-5.465942018547019,-0.0768873130859915,0.013524139093085589,93.71101111434751,-0.006532398162641215,0.006496686947571106,-0.010609541772037469,-0.003696813134840049,-0.00035036525808407326,-0.00028157066182296284,0.006690185991445219
196,-0.09966461267687367,195.74122375041995,0.015386061365870986,-5.380251568546798,-0.07529276469153748,0.03596161569988947,93.6669492286927,-0.10001948422630404,195.74316721728692,0.03387659883323714,-5.372278562868179,-0.07402651330872523,0.037130398982175475,93.6698895643803,-0.0003548715494303689,0.0019434668669759958,0.018490537467366154,0.007973005678619138,0.0012662513828122501,0.0011687832822860067,0.0029403356875974396
197,-0.09889898780390938,195.47203567310345,0.015416917673542575,-5.387256491560195,-0.07306289008662872,0.05323336849646075,93.63543656811012,-0.09425477579611963,195.4789907457811,0.012363502387642732,-5.3879310047901265,-0.07353925508121462,0.0527001824151995,93.6375052329105,0.00464421200778975,0.006955072677641283,-0.0030534152858998423,-0.000674513229931506,-0.00047636499458589276,-0.0005331860812612527,0.002068664800376041
198,-0.09811250572277831,195.20251983594727,0.016289262021796504,-5.3933625577612005,-0.06997552934909297,0.0702610610049693,93.60387063304029,-0.08971329329370169,195.19460397719726,0.010147842278927437,-5.396710363324483,-0.0695417996528116,0.07186769336415948,93.60547123475598,0.008399212429076625,-0.00791585875001033,-0.006141419742869067,-0.0033478055632825132,0.0004337296962813736,0.0016066323591901743,0.0016006017156939834
199,-0.09728514909313667,194.93271428573695,0.0171170598664542,-5.398844196069369,-0.06607664468120908,0.08569432571038639,93.57226947196153,-0.089257423466677,194.928231655619,0.030009861238309905,-5.397678347495553,-0.06587325642227615,0.08473353052242977,93.57318631998851,0.008027725626459661,-0.004482630117962572,0.012892801371855705,0.001165848573815964,0.00020338825893292944,-0.0009607951879566229,0.0009168480269750034
200,-0.09640736840788175,194.66264144919333,0.01836506204204173,-5.4040531481376295,-0.061443677752574144,0.0996243514350109,93.54065598232977,-0.08964342942034248,194.6549084706025,0.040976493444137285,-5.404745195143604,-0.06009272135593724,0.10098814422070229,93.54372500144787,0.00676393898753927,-0.007732978590837547,0.022611431402095556,-0.000692047005974139,0.0013509563966369043,0.0013637927856913895,0.0030690191181008686
201,-0.09560435144105293,194.3923214386341,0.01417856147373759,-5.408729082548752,-0.05617009899588822,0.1113187988324261,93.5090122739075,-0.09015582746582866,194.38575385312635,0.0006258144383679831,-5.415412879640806,-0.05709931837070359,0.11162365499344007,93.51216523799553,0.005448523975224273,-0.006567585507752938,-0.013552747035369607,-0.0066837970920543555,-0.0009292193748153682,0.00030485616101397217,0.003152964088030785
202,-0.09495457077217104,194.1217850232278,0.012281455190377988,-5.412709696215219,-0.050336494467489314,0.12202538230353029,93.47732887120614,-0.0940313247278858,194.11062447084186,-0.0009430171621082936,-5.415732301465051,-0.049603316615780546,0.12226735325268974,93.48006646229032,0.0009232460442852308,-0.011160552385945266,-0.01322447235248628,-0.003022605249832111,0.0007331778517087675,0.0002419709491594535,0.0027375910841840323
203,-0.0945205711107358,193.85318092503803,0.005678031944584639,-5.331451149639929,-0.04400049801254108,0.131414475894399,93.44004132504318,-0.10553817679684527,193.85205370061854,0.020007213721301362,-5.324422654577122,-0.04431663499782079,0.13335781908532643,93.44004882021676,-0.011017605686109475,-0.0011272244194913128,0.014329181776716722,0.0070284950628076714,-0.00031613698527971357,0.0019433431909274268,7.495173576899106e-06
204,-0.09442992006200239,193.58641849512708,-0.0015162506338247863,-5.339022708310791,-0.03728239093227009,0.1373098073164403,93.4085940913335,-0.08613269582673998,193.58277573258647,0.007885206247182037,-5.332375769694495,-0.03718187633512482,0.13783445341182604,93.41229914219798,0.008297224235262413,-0.0036427625406076913,0.009401456881006824,0.006646938616296616,0.00010051459714527367,0.0005246460953857446,0.003705050864482473
205,-0.09467959294605967,193.31929132183046,-0.007914614970390123,-5.346038470417867,-0.03033237143166499,0.14069097270776387,93.37711411291201,-0.08686199603777335,193.3247613919901,0.005249751341546125,-5.349890297117028,-0.03127305375958178,0.14210693717420667,93.38021219129372,0.007817596908286317,0.005470070159645957,0.013164366311936248,-0.003851826699160732,-0.0009406823279167927,0.0014159644664427928,0.003098078381711389
206,-0.09534060453216013,193.051837193623,-0.017960374314856038,-5.352099778399664,-0.023265489047557795,0.1419843226565239,93.34557603502162,-0.08251013564311782,193.0624155940047,-0.015439122261936871,-5.367670999921725,-0.023571684255204062,0.14221840036397104,93.34954063230145,0.01283046888904231,0.010578400381717756,0.002521252052919167,-0.015571221522061585,-0.0003061952076462669,0.00023407770744715561,0.00396459727983256
207,-0.09652768508332736,192.78410355656882,-0.02895524282428826,-5.357216654125091,-0.01619915669248865,0.14066897154624192,93.31397866228829,-0.1009938070061315,192.7890190645685,-0.047037524881190756,-5.352878548933116,-0.01697894833807334,0.13942525523385169,93.32044109463226,-0.004466121922804142,0.004915507999669444,-0.018082282056902498,0.0043381051919748614,-0.0007797916455846918,-0.0012437163123902306,0.006462432343965929
208,-0.09783874318282886,192.51610855778267,-0.02291538483106473,-5.3625729294509705,-0.009048299515291559,0.1453653155416417,93.2824120767552,-0.08963241181640222,192.51908542668292,-0.03214018695546319,-5.358585578586164,-0.005997240362773493,0.14488227533101594,93.28988556799625,0.008206331366426636,0.002976868900248064,-0.009224802124398458,0.003987350864806949,0.003051059152518066,-0.00048304021062575697,0.007473491241057673
209,-0.09897159117008192,192.2478580189612,-0.021814503330604685,-5.367432675723428,-0.0017619519673832138,0.14608858637469213,93.25081948108333,-0.09625004391312457,192.24956132980657,-0.03818651889064806,-5.373841495082716,-0.0010841622982735721,0.14831342392329175,93.25736330764678,0.002721547256957349,0.0017033108453574641,-0.016372015560043373,-0.006408819359287499,0.0006777896691096416,0.0022248375485996175,0.00654382656345831
210,-0.09954027841482925,191.98150485672517,-0.00022761125220228592,-5.286721356269036,0.0057522600587337006,0.15447989466998446,93.21359018604717,-0.0903882208925796,191.98355801920545,-0.021789528690560642,-5.286682221988647,0.005404469297210834,0.15598516356846578,93.21718907586725,0.009152057522249651,0.0020531624802799797,-0.021561917438358356,3.9134280388708476e-05,-0.0003477907615228662,0.0015052688984813212,0.003598889820082718
211,-0.09961238839494495,191.71697833383544,-0.0020474826548588405,-5.2943212166329365,0.013391237267049657,0.1510791936626538,93.18218021612682,-0.09272810770882157,191.71674781025266,-0.005458341455665098,-5.2907206830139435,0.01384637252024179,0.14986859380427614,93.18481823979143,0.006884280686123373,-0.00023052358278619067,-0.0034108588008062574,0.0036005336189930404,0.0004551352531921328,-0.0012105998583776534,0.002638023664601974
212,-0.09986456465679291,191.45208151186964,-0.007448961446887002,-5.301530485039334,0.020787137940375545,0.14475683327038177,93.1507493551512,-0.08498700447234392,191.45601397548066,0.00921515006612579,-5.306085360829838,0.02172059628645151,0.14341794433800784,93.15592369245431,0.014877560184448996,0.0039324636110222855,0.016664111513012794,-0.004554875790504731,0.0009334583460759646,-0.0013388889323739384,0.005174337303103016
213,-0.1004160099109073,191.1868458138416,-0.014047866220567385,-5.3078741682925745,0.02779824945592979,0.13568762735178808,93.11926579176229,-0.08624492117776446,191.19429807391677,-0.040458155348622994,-5.304722415372243,0.029307608526253137,0.13408010512447818,93.12562270358754,0.014171088733142836,0.007452260075183403,-0.02641028912805561,0.003151752920331319,0.0015093590703233462,-0.0016075222273098932,0.006356911825250222
214,-0.1009104787195356,190.92129744705508,-0.005195699110450614,-5.314054648203934,0.03449993233208243,0.13237968769431727,93.08777637029011,-0.10031752695705984,190.9274172187365,-0.0017775236285394527,-5.3161730843573585,0.03238001201490004,0.13245070989258623,93.09422852976138,0.0005929517624757574,0.0061197716814263,0.003418175481911161,-0.002118436153424774,-0.002119920317182389,7.102219826896072e-05,0.0064521594712658725
215,-0.10099632235854147,190.6554578609407,0.00228212399297085,-5.319523639787007,0.04100659779019608,0.1278869306302287,93.05624525383887,-0.09557653557030625,190.65398965127633,0.009455486435213252,-5.317737086155729,0.04046093621961733,0.12931588059036905,93.06325677130135,0.005419786788235223,-0.001468209664352571,0.0071733624422424015,0.0017865536312777763,-0.0005456615705787538,0.001428949960140341,0.007011517462487404
216,-0.1007126520436647,190.3914740773274,0.009647054860181997,-5.239838979733789,0.04718545029353875,0.11926716950347822,93.01913270565227,-0.10649694579560473,190.38422463419164,0.012239473690048323,-5.233592470349349,0.047622065775624556,0.11858709798820473,93.02764438663003,-0.005784293751940034,-0.007249443135748379,0.002592418829866326,0.00624650938444038,0.00043661548208580314,-0.0006800715152734949,0.008511680977761671
217,-0.10011082919630959,190.129267644793,0.014880753585062967,-5.248406701439327,0.05290849626387907,0.10965466931013454,92.987812373983,-0.10200592788817651,190.12380355746953,0.003915928986135492,-5.247450287208442,0.0548887293578324,0.11047651087855258,92.99322245538926,-0.0018950986918669227,-0.005464087323474587,-0.010964824598927475,0.0009564142308855494,0.001980233093953329,0.0008218415684180386,0.005410081406253653
218,-0.09926392546957324,189.86665354777105,0.019407682819887872,-5.2561433500746695,0.05809068438714213,0.09763285562038766,92.95644448949068,-0.09306953763249146,189.86218524376662,0.008800254343178332,-5.248173116664638,0.05864282322536685,0.09735033811963048,92.95870905352326,0.006194387837081788,-0.004468304004433321,-0.01060742847670954,0.007970233410031113,0.0005521388382247194,-0.00028251750075718174,0.002264564032586236
219,-0.09826315179669483,189.60365909532018,0.020986325130340548,-5.263620704143765,0.06264204620282293,0.08442161700684443,92.92506562028008,-0.09175971556097805,189.60032363947525,0.026160227205693273,-5.253563854159541,0.06352679861153865,0.08486511729830422,92.92914493876647,0.006503436235716781,-0.0033354558449332217,0.005173902075352725,0.010056849984223959,0.0008847524087157166,0.0004435002914597863,0.004079318486390093
220,-0.09721436244726092,189.34030254121058,0.02127266439831477,-5.2706264788549175,0.06649209878041618,0.06958048609688537,92.89366194820127,-0.09672499834805029,189.34110006428932,0.027961468795551562,-5.266000451574788,0.06656817931592807,0.06869985612756627,92.8946840713576,0.0004893640992106318,0.0007975230787451437,0.006688804397236792,0.004626027280129286,7.608053551189098e-05,-0.000880629969319105,0.0010221231563320998
221,-0.09612594895861079,189.0766145347784,0.022510516530479776,-5.27687887845595,0.06957798198488137,0.053854842081722164,92.86221480015497,-0.09794597458691477,189.07283115150412,0.014493365920516501,-5.281729200690499,0.06994860550222626,0.05291798270713095,92.86311696087728,-0.0018200256283039812,-0.0037833832742819595,-0.008017150609963275,-0.004850322234549509,0.00037062351734488963,-0.0009368593745912104,0.0009021607223047567
222,-0.09502387715411287,188.81475632429996,0.02177989662632547,-5.197453020855875,0.07177999071702573,0.03422550720405222,92.82515509198296,-0.09913908704939361,188.81095901596095,0.02974550367719017,-5.178585310173575,0.06993659739039071,0.03486978753853373,92.83017664808803,-0.004115209895280747,-0.003797308339017036,0.007965607050864701,0.018867710682299865,-0.0018433933266350233,0.000644280334481509,0.005021556105063496
223,-0.09392463325885785,188.55464265758843,0.02229325242502231,-5.207078125864018,0.07308162957827419,0.017840047245885844,92.7939323573543,-0.09619887176240315,188.5541012699429,0.012867496970148062,-5.185882097985565,0.07338891148283455,0.017452097396220626,92.79991979471264,-0.0022742385035453005,-0.0005413876455406808,-0.009425755454874247,0.021196027878453094,0.00030728190456036364,-0.00038794984966521867,0.005987437358342618
224,-0.09279136985682937,188.2940613947734,0.023073659489881892,-5.216156796539521,0.07354048172460932,0.0005140386075195812,92.762679902875,-0.09206683055405628,188.29556663168046,0.028846485690761377,-5.20988205721862,0.07395490096359758,-0.0008012902818687455,92.7642973853553,0.0007245393027730945,0.0015052369070645,0.005772826200879485,0.006274739320900835,0.00041441923898825894,-0.0013153288893883266,0.0016174824802988041
225,-0.09165122154745364,188.0330572996721,0.022499629686402803,-5.223991843108606,0.07313050195510043,-0.016913229387875255,92.73135201983743,-0.09224309941690556,188.0342153048861,0.010334613435591836,-5.23195437851876,0.07173257130075017,-0.015928746730312214,92.73330521241344,-0.0005918778694519178,0.0011580052139947838,-0.012165016250810966,-0.007962535410154459,-0.00139793065435026,0.0009844826575630405,0.001953192576010565
226,-0.09050779447504236,187.77169082341234,0.023137016781401776,-5.2306520999508495,0.07187362416474417,-0.03336188222637513,92.69995319214725,-0.0872368545075395,187.76675877929705,0.0167145392522594,-5.21802219466669,0.07087961430609724,-0.0340381631165672,92.70279276257551,0.003270939967502856,-0.004932044115292911,-0.006422477529142375,0.012629905284159193,-0.0009940098586469354,-0.0006762808901920672,0.0028395704282644374
227,-0.08931020740162653,187.50998255684104,0.024601267371118386,-5.237663234467737,0.06980636334636767,-0.04932855050868516,92.66858322052072,-0.09691349169542077,187.50259603285403,0.011654876164606646,-5.256744209059857,0.07009630926495136,-0.048572892539097225,92.67319759431781,-0.007603284293794241,-0.007386523987008786,-0.01294639120651174,-0.01908097459211966,0.000289945918583695,0.0007556579695879376,0.004614373797096505
228,-0.0878220786855396,187.25009190011926,0.034644388434068356,-5.157966384528559,0.06688267134006556,-0.06761912974339923,92.63153899202263,-0.0902653620993488,187.2385857838287,0.017934048488219903,-5.1543384593124495,0.066113080423301,-0.06830372794386198,92.63735534600536,-0.0024432834138091997,-0.011506116290547652,-0.016710339945848453,0.003627925216109773,-0.0007695909167645676,-0.0006845982004627521,0.00581635398273761
229,-0.08600642707170446,186.99195857646603,0.03768515645938339,-5.167349621633075,0.06315538284453906,-0.08147241007766115,92.60032744741204,-0.08627863953518099,186.99492702491568,0.05460024587484695,-5.175879374395229,0.06302611395442526,-0.08066766362830825,92.60531931946915,-0.00027221246347652883,0.002968448449649941,0.01691508941546356,-0.008529752762153286,-0.00012926889011380394,0.0008047464493528972,0.004991872057104274
230,-0.08404297298600162,186.73338445273632,0.04050277433867169,-5.175598207143148,0.05876086443139251,-0.09430832644820088,92.56904762460985,-0.08561215065696622,186.73990344802235,0.05823168289885362,-5.172741229328035,0.05792525234127144,-0.09421018913401162,92.57262994662207,-0.0015691776709645944,0.006518995286029394,0.01772890856018193,0.002856977815112849,-0.0008356120901210698,9.813731418925609e-05,0.003582322012221084
231,-0.08231029019134714,186.4743966259712,0.028391908808739562,-5.183910393082881,0.053571594930951864,-0.11326245356942495,92.53776765355141,-0.08002124477132681,186.4765086617573,0.01673062370525778,-5.16623777847844,0.05413242213976854,-0.11427733248038842,92.54690954908372,0.0022890454200203275,0.0021120357860979766,-0.011661285103481783,0.01767261460444125,0.0005608272088166791,-0.0010148789109634682,0.009141895532309263
232,-0.08075260439864733,186.21499562775384,0.03344595146991216,-5.1921093111604,0.04767750352235335,-0.12250120277451568,92.50649529586889,-0.08231315213037707,186.22669907544247,0.051273598749522344,-5.204482677953616,0.04818543662514596,-0.12390620594674118,92.51331392491969,-0.0015605477317297417,0.01170344768863174,0.017827647279610184,-0.012373366793216434,0.0005079331027926098,-0.0014050031722254996,0.0068186290507981084
233,-0.07937141850018582,185.95734461059072,0.02118291920501,-5.113948084212041,0.041102715430445705,-0.14049032090179006,92.46956927756112,-0.09083469521520235,185.9598714797565,0.020110583954446603,-5.119361601498074,0.04070537413582276,-0.1406512632266035,92.47655907708425,-0.011463276715016527,0.002526869165762946,-0.001072335250563397,-0.0054135172860334535,-0.00039734129462294654,-0.00016094232481345117,0.006989799523125839
234,-0.07805348185839142,185.70139833702908,0.03096741452790499,-5.123876508935768,0.03397121565080881,-0.14476967028368562,92.43840992056957,-0.08375671620237611,185.69339306439932,0.03902354665884624,-5.137111004805573,0.03493146582418216,-0.14385177073054553,92.44931683660339,-0.005703234343984689,-0.008005272629759475,0.008056132130941251,-0.013234495869804519,0.0009602501733733532,0.0009178995531400891,0.010906916033817993
235,-0.07659995133214681,185.4449821060504,0.02657805819351263,-5.132766197689698,0.026473530925065353,-0.15513771874605264,92.40719083335405,-0.07643455064940032,185.44398911248226,0.016625594408316263,-5.127503916345131,0.026598636861162817,-0.1551270324911526,92.41625025091312,0.00016540068274649433,-0.0009929935681327606,-0.009952463785196368,0.005262281344566411,0.0001251059360974638,1.0686254900055259e-05,0.009059417559072358
236,-0.07494888368623458,185.1881134986134,0.03884937591676857,-5.141946736059051,0.01873472034917203,-0.15441470428968027,92.37598994499768,-0.07765598768470552,185.19294194494464,0.01696588838481273,-5.145965238041556,0.01952975096662657,-0.1549167502339526,92.38255135290687,-0.002707103998470947,0.004828446331231362,-0.02188348753195584,-0.004018501982504752,0.0007950306174545375,-0.0005020459442723335,0.006561407909188688
237,-0.07257700357465965,184.93081005293865,0.055413666135069976,-5.150158330414688,0.011093024459211754,-0.15125313130873083,92.34472928246647,-0.07844861284913697,184.93454984822117,0.06438278371275127,-5.14637387983232,0.011215351044821631,-0.15027420196067132,92.35683332426918,-0.005871609274477316,0.003739795282513114,0.008969117577681297,0.003784450582367427,0.0001223265856098773,0.0009789293480595151,0.012104041802700749
238,-0.07036440940143363,184.6731001922289,0.03247313758424247,-5.158244180863963,0.0032735485732549308,-0.16152590412954215,92.31345730836811,-0.07537369489927788,184.67222665897904,0.022910830987669686,-5.1735391331111416,0.0029827865872946724,-0.16243383001641823,92.3220127784899,-0.005009285497844254,-0.0008735332498588377,-0.009562306596572787,-0.015294952247178806,-0.0002907619859602584,-0.0009079258868760764,0.008555470121791586
239,-0.06866878138912619,184.4171443309557,0.03459442979370954,-5.07999095956401,-0.004776220714478028,-0.16046486737977622,92.27656750684045,-0.07445655681674378,184.41047243267613,0.019628196783240626,-5.093520987792586,-0.005114437692236962,-0.16105614597170878,92.28792848317988,-0.005787775427617589,-0.006671898279563493,-0.014966233010468913,-0.013530028228576185,-0.0003382169777589334,-0.0005912785919325592,0.011360976339432227
240,-0.06682847913148392,184.16290233149562,0.038387323811271544,-5.089668827532658,-0.012707594315806484,-0.15679007667336203,92.24542439318633,-0.07176237670719927,184.1639236782658,0.02735904915683851,-5.093300386812304,-0.011295872301867238,-0.15695958560988243,92.25389710149165,-0.004933897575715357,0.0010213467701873924,-0.011028274654433033,-0.0036315592796460905,0.0014117220139392463,-0.00016950893652040167,0.008472708305319543
241,-0.06521085241272534,183.90817830109822,0.02569011986606832,-5.099293502842695,-0.020604182341688905,-0.15907344436193477,92.21427371364797,-0.06971827603294549,183.91418456500116,0.01351758209390842,-5.1119504289275675,-0.020054541570836193,-0.15865419147868967,92.22443214968625,-0.0045074236202201495,0.006006263902946785,-0.0121725377721599,-0.012656926084872566,0.0005496407708527121,0.000419252883245097,0.010158436038281593
242,-0.06408181062729125,183.65300014070962,0.01884120375751126,-5.107830876910743,-0.02853783263553525,-0.15827256739191903,92.18306217209458,-0.05300251120072659,183.65309472399898,0.0015054646246441669,-5.114824076776973,-0.030134203819583316,-0.159090818674764,92.18975588976345,0.01107929942656466,9.458328935352256e-05,-0.01733573913286709,-0.006993199866229816,-0.0015963711840480677,-0.0008182512828449617,0.006693717668866839
243,-0.06330381635698352,183.39740526292601,0.011656942455081731,-5.115957517028512,-0.03634409013134022,-0.1539777324402798,92.15183379266757,-0.04984899455638821,183.3988702401735,0.011978406703245325,-5.120600672701496,-0.035097247899325,-0.15284761434393573,92.15992182967159,0.013454821800595318,0.0014649772474797373,0.0003214642481635943,-0.004643155672983568,0.0012468422320152175,0.0011301180963440571,0.008088037004014836
244,-0.06286447227723001,183.1435266474818,0.005211396059707928,-5.039199955382945,-0.04386977950699114,-0.14704984258575715,92.11506476774817,-0.05475656220849543,183.14926563652827,0.010914732598088037,-5.031263530498886,-0.04364854355336378,-0.14602898875045459,92.12729613615217,0.008107910068734576,0.005738989046477627,0.005703336538380109,0.007936424884059434,0.00022123595362735782,0.0010208538353025653,0.012231368404002296
245,-0.06270037278094744,182.8912834132644,0.0007874855798582405,-5.050518725728192,-0.05100462026622528,-0.1383437877836082,92.08405041990545,-0.050424485222478325,182.87510922587254,-0.008547467525381177,-5.049365474737358,-0.05025792970010867,-0.1381885977208312,92.09553867108265,0.01227588755846911,-0.0161741873918686,-0.009334953105239418,0.001153250990833854,0.0007466905661166062,0.0001551900627770053,0.011488251177198094
246,-0.06270853558085783,182.63849994464888,-0.0016409724725550165,-5.06080764454746,-0.05764759980126752,-0.12737539361808128,92.05297577212383,-0.059403303278404575,182.6341473022262,0.010882197932453276,-5.053935370075708,-0.05778606391755048,-0.12762349372125184,92.06605632018007,0.003305232302453255,-0.00435264242267408,0.012523170405008293,0.0068722744717524265,-0.0001384641162829603,-0.00024810010317055653,0.013080548056237262
247,-0.06280442531498875,182.38521269135023,-0.0026739017642664585,-5.070667903681802,-0.06368201797286994,-0.114001333246016,92.02187985157389,-0.061230038357774935,182.39641091550538,0.004651835455870888,-5.092025061629041,-0.06208428623264828,-0.11388909706936459,92.02916375366044,0.0015743869572138192,0.011198224155151593,0.007325737220137346,-0.021357157947239358,0.0015977317402216668,0.00011223617665140351,0.007283902086555827
248,-0.06295431739619163,182.1335873252905,-0.0038156970010390185,-4.994350051556859,-0.0689476246267603,-0.09662293290959781,91.9851636639146,-0.07549895418743084,182.14542034395993,-0.010537420049298335,-4.9877775153249235,-0.0679315536344256,-0.09509733687625269,91.9992373368619,-0.012544636791239211,0.01183301866942088,-0.0067217230482593164,0.006572536231935544,0.0010160709923346944,0.0015255960333451224,0.01407367294729056
249,-0.06312012691348415,181.88356048588085,-0.003165842139737459,-5.006706892066802,-0.0733660509579661,-0.0801141203386341,91.95423489382962,-0.07051876363036183,181.89680430450971,0.0017546008187025383,-5.00761317420851,-0.07386000821887473,-0.08229501987766578,91.96627131688878,-0.007398636716877682,0.013243818628865256,0.004920442958439997,-0.0009062821417078482,-0.0004939572609086312,-0.0021808995390316804,0.012036423059157642
250,-0.06322185853363685,181.6329423541321,-0.0011844728360633373,-5.018000937708557,-0.0769127970507086,-0.06175572337106576,91.9232426616454,-0.06642529382412964,181.63765645442896,-0.005897083419227729,-5.007006962067324,-0.07616480700533534,-0.06178711324997803,91.93639904366788,-0.003203435290492787,0.0047141002968658086,-0.004712610583164392,0.010993975641232723,0.0007479900453732508,-3.1389878912269076e-05,0.013156382022472712
251,-0.06313596463231112,181.38176496759138,0.0044118780571788556,-5.0290776396499295,-0.07952711875400313,-0.04281714476071579,91.89224256657764,-0.06984459490302147,181.38353336273155,0.017213160712297164,-5.024645614621274,-0.08096275151664001,-0.04394947888050776,91.90305855921943,-0.00670863027071035,0.0017683951401750164,0.012801282655118307,0.00443202502865514,-0.0014356327626368764,-0.0011323341197919667,0.010815992641795447
252,-0.06279851189931496,181.13005788917474,0.008956321568834566,-5.039188700622,-0.08115992867986421,-0.022495252273727662,91.86118488981656,-0.07269619626580359,181.13996240472503,0.014994600917112036,-5.041728708740016,-0.08048574719359225,-0.022121053233441768,91.8706449625524,-0.009897684366488635,0.009904515550289261,0.00603827934827747,-0.002540008118016246,0.0006741814862719631,0.0003741990402858948,0.009460072735848257
253,-0.06224413441351498,180.87786918144445,0.013168431114318617,-5.048343850311644,-0.08178566886681392,-0.0025343552042604717,91.8300716270375,-0.08133348344376357,180.89521011819213,0.031437559342354766,-5.032553612678538,-0.08241224749753817,-0.001127684864336964,91.83915402301473,-0.019089349030248587,0.01734093674767223,0.018269128228036148,0.015790237633106052,-0.0006265786307242532,0.0014066703399235076,0.009082395977230817
254,-0.06149808324331941,180.62521842880972,0.01670390021407374,-5.0576709682123,-0.08140438228616793,0.01778581843010011,91.79897532802258,-0.07565229265734497,180.62727877354814,0.01584875478273887,-5.0497673972489014,-0.08123446043295246,0.01641265573805937,91.8085284975017,-0.014154209414025558,0.0020603447384246465,-0.0008551454313348687,0.00790357096339811,0.00016992185321547393,-0.0013731626920407414,0.009553169479119106
255,-0.06046333721284024,180.37423388840858,0.024821761881783238,-4.981713706965173,-0.07993256699827309,0.041086793085693574,91.762323729869,-0.06750064675898688,180.38336170701234,0.034150337298415746,-4.992755524108682,-0.08028018879000332,0.0414522668441051,91.77539435655586,-0.007037309546146647,0.009127818603758442,0.009328575416632508,-0.011041817143508936,-0.00034762179173022933,0.00036547375841152613,0.013070626686868536
256,-0.05916766758057882,180.1248810590335,0.027205583161677517,-4.9923846602344275,-0.07740297079172533,0.06009705517621687,91.73131963369306,-0.06864185558874603,180.14980705779917,0.024482842539554628,-4.979367866422308,-0.07754858473010406,0.061403596365697234,91.73985333653121,-0.009474188008167204,0.024925998765667146,-0.002722740622122889,0.01301679381211951,-0.0001456139383787386,0.0013065411894803633,0.008533702838150248
257,-0.05781004223202618,179.8749856619322,0.027372946577111243,-5.003416155574949,-0.0739512126427742,0.0779732707818283,91.70034541889736,-0.05270595777452923,179.8742915627632,0.036016854515694856,-5.016938818232359,-0.0731967357120924,0.07666862758870777,91.711479606112,0.005104084457496952,-0.0006940991689816656,0.008643907938583613,-0.013522662657409867,0.0007544769306817994,-0.0013046431931205277,0.011134187214636881
258,-0.056454437777327005,179.6245850742211,0.027193607174712784,-5.012591581289609,-0.06964755020843122,0.0941732265918907,91.6692565165833,-0.06461848873786356,179.62344477762244,0.02927747462500484,-5.001894981582665,-0.07005423923864873,0.09537410304875744,91.68427813942341,-0.008164050960536559,-0.0011402965986633262,0.0020838674502920568,0.010696599706943921,-0.0004066890302175108,0.0012008764568667424,0.015021622840109217
259,-0.0551263692213304,179.37371566671658,0.026333097636091665,-5.0221685060036325,-0.06456521509209877,0.10912017806140739,91.63819978107747,-0.05517035855102896,179.3809801791583,0.015340490226312948,-4.997812642994079,-0.0647785918658017,0.10804590870802495,91.653531889541,-4.398932969856134e-05,0.007264512441736315,-0.010992607409778718,0.024355863009553502,-0.00021337677370293628,-0.0010742693533824371,0.015332108463525174
260,-0.05381596376470615,179.12236849588157,0.02654266754683911,-5.031700671427143,-0.05878335939372003,0.12215404987374218,91.60714590440719,-0.05197661173938583,179.127255625027,0.039835906402213024,-5.030876617990498,-0.05781811008285542,0.12189878863211048,91.6218645168846,0.0018393520253203177,0.0048871291454304355,0.013293238855373913,0.0008240534366450447,0.0009652493108646062,-0.0002552612416316935,0.014718612477409465
261,-0.05265215268928149,178.87269510567128,0.020611803722423903,-4.955231128870454,-0.05236915269346358,0.13441421813651572,91.57049380664247,-0.05167237143938333,178.87509652517429,0.034404100165233015,-4.952313565126826,-0.05133527200969468,0.13550780941984475,91.58406833431815,0.0009797812498981567,0.002401419503001989,0.013792296442809111,0.002917563743627838,0.0010338806837689035,0.0010935912833290318,0.013574527675672243
262,-0.05179604655087678,178.62465334061986,0.014180901191545985,-4.966416076196865,-0.04544831197824051,0.14241941047240717,91.53954907407304,-0.05232629662989603,178.60978231009977,-0.004884767593112006,-4.970588977635146,-0.04588740446687556,0.14231355641215038,91.55086924856414,-0.0005302500790192524,-0.01487103052008365,-0.019065668784657992,-0.004172901438280974,-0.0004390924886350511,-0.00010585406025678812,0.011320174491103785
263,-0.05126699153947531,178.37607755192295,0.007559342035681991,-4.976591468830084,-0.0381713130518468,0.14866054658334102,91.50854447226045,-0.052061908653717556,178.3747868507749,0.0017068679062030474,-4.982333783769843,-0.03849065609286262,0.14881907670816852,91.52057330813622,-0.0007949171142422468,-0.0012907011480365327,-0.005852474129478944,-0.0057423149397592965,-0.00031934304101581545,0.0001585301248274995,0.01202883587576764
264,-0.0511240038672328,178.12701003740833,-0.001241594127917931,-4.986082475059859,-0.030647940870763477,0.152274340659992,91.47749929208199,-0.049655215335921765,178.1173433639903,-0.003001409352959631,-4.991897551949148,-0.031851225361605895,0.15278901140847984,91.48365806857295,0.0014687885313110355,-0.00966667341802463,-0.0017598152250417002,-0.0058150768892897275,-0.0012032844908424177,0.0005146707484878221,0.0061587764909631915
265,-0.05148575210524543,177.87958907372914,-0.012510880066134891,-4.910742819030509,-0.02299571329011009,0.15381476256614346,91.44093472734961,-0.048151164045683044,177.8758035189464,-0.005685905132017088,-4.919687649381055,-0.023525359090092568,0.15520950910578601,91.4506204393016,0.003334588059562389,-0.003785554782723466,0.006824974934117803,-0.008944830350546162,-0.0005296457999824783,0.0013947465396425551,0.009685711951988196
266,-0.05238165024927964,177.63375327206094,-0.022717916781124472,-4.922657499414371,-0.015343871814993278,0.152258896438529,91.41004649589556,-0.045007419833421186,177.63021556931912,-0.006560924905521575,-4.933904633450942,-0.01437109725262653,0.15366602689514633,91.42100239154517,0.007374230415858454,-0.003537702741823523,0.016156991875602898,-0.011247134036571182,0.0009727745623667478,0.0014071304566173337,0.010955895649615854
267,-0.053897537470720264,177.38734042847955,-0.03732237271887573,-4.933821316557632,-0.007847649682187523,0.1475899888737012,91.37911016499415,-0.05631038018253362,177.39042049021026,-0.045543266798489926,-4.943884326250671,-0.007768583570512355,0.14818625731299961,91.38763940793797,-0.0024128427118133566,0.0030800617307136235,-0.008220894079614197,-0.010063009693038971,7.906611167516828e-05,0.0005962684392984141,0.008529242943822624
268,-0.05522016591306774,177.14038466039838,-0.014985109401419377,-4.944415669325105,-0.0002376865324536133,0.15680853711565523,91.34813838867451,-0.05260905726241911,177.14406580046798,-0.01197639205875543,-4.951765451296967,0.0006093926436556707,0.15610695765870142,91.36043750115813,0.002611108650648633,0.0036811400696024066,0.003008717342663947,-0.0073497819718619795,0.000847079176109284,-0.0007015794569538158,0.012299112483617591
269,-0.05598063079831035,176.8950233729304,-0.014705464259636793,-4.870034167058126,0.0075488214126612245,0.1546517806889383,91.31166454266018,-0.05675575243998458,176.89229452230842,-0.0334357382267043,-4.868551965985748,0.007754117613441469,0.15453772703077973,91.32839477544844,-0.0007751216416742313,-0.0027288506219917963,-0.018730273967067508,0.0014822010723776202,0.00020529620078024464,-0.00011405365815858604,0.016730232788262356
270,-0.05637196776742834,176.65118865775628,-0.00033210386056074445,-4.883355545423047,0.015375722975189993,0.15842428181221233,91.28088296945965,-0.04306964812060037,176.65016971600775,-5.574056499092067e-05,-4.8707942604023335,0.015405795746677775,0.1571244579055385,91.29146737664234,0.013302319646827966,-0.0010189417485264585,0.0002763632955698238,0.01256128502071352,3.0072771487782424e-05,-0.0012998239066738249,0.010584407182690825
271,-0.056552285213520875,176.40669886477116,-0.006268293237421497,-4.896213070125409,0.023123760717022473,0.15149722786108683,91.25008776589418,-0.05987930368076877,176.4185928929832,-0.016558685612476354,-4.886997464534251,0.024149499074596736,0.15069852696458338,91.26458758757921,-0.003327018467247894,0.011894028212054764,-0.010290392375054858,0.00921560559115786,0.0010257383575742636,-0.0007987008965034403,0.014499821685035386
272,-0.05665180060198512,176.16158818447443,0.0028830324124123393,-4.908209378323253,0.030653116057671497,0.14967698576487418,91.21923934277163,-0.04729708561853825,176.15854644854653,0.023106958396041342,-4.9120305282103995,0.030192471229741447,0.14855220292901,91.23921891791454,0.009354714983446866,-0.0030417359278942513,0.020223925983629,-0.0038211498871465466,-0.00046064482793005054,-0.0011247828358641743,0.019979575142912154
273,-0.05667163416512756,175.91591018507637,-0.0031053088593362994,-4.918884339645371,0.03783726725016764,0.13768906193497155,91.18831151422677,-0.054915214596158377,175.91555313461294,-0.009657505168459994,-4.928878174584468,0.03851463229337426,0.1375384510165689,91.20269001388435,0.0017564195689691864,-0.00035705046343537106,-0.006552196309123695,-0.009993834939097113,0.000677365043206625,-0.00015061091840265495,0.014378499657581756
274,-0.05667217181766101,175.67182617831517,0.0037095071388027166,-4.844484944934739,0.04452677946339731,0.12989142659421543,91.15186226829957,-0.051615919590055744,175.68078603140523,0.03418454151804093,-4.8388148146571925,0.043009050425108164,0.12985368796649505,91.16884130896017,0.005056252227605265,0.008959853090061642,0.030475034379238212,0.00567013027754637,-0.001517729038289145,-3.7738627720385054e-05,0.016979040660601186
275,-0.05677383750340217,175.4292628737043,-0.007295415953971008,-4.858019613687738,0.05061934402787205,0.11381115598477425,91.12112156761545,-0.06072770059134226,175.43767096033108,-0.01290889368497801,-4.853233240235569,0.050108082201545834,0.11299664042780452,91.13086950318836,-0.003953863087940095,0.008408086626786826,-0.005613477731007002,0.004786373452168924,-0.0005112618263262148,-0.0008145155569697221,0.009747935572917754
276,-0.05704922405570671,175.18604665006805,-0.0032906298315021664,-4.870616751708739,0.05605441877599545,0.10359183394016185,91.09033375563801,-0.061216560337157715,175.1906135324017,-0.022049231961457097,-4.882680853397489,0.05651635001308897,0.10198066250330495,91.09964866627571,-0.004167336281451002,0.0045668823336484365,-0.01875860212995493,-0.012064101688750384,0.0004619312370935172,-0.0016111714368568925,0.009314910637698404
277,-0.057139040181415926,174.94223781381453,8.382481787936854e-05,-4.881722618351806,0.060927317149462736,0.09132410099852954,91.05945607084587,-0.06338069138700146,174.930175520324,0.005273528654868052,-4.873418747333283,0.06025492699932755,0.09119757885659627,91.07059448198328,-0.0062416512055855355,-0.012062293490515685,0.005189703836988684,0.008303871018522813,-0.0006723901501351839,-0.0001265221419332746,0.011138411137409321
278,-0.05709978961513169,174.69786997803106,0.001821222878246151,-4.892976136383994,0.06515560239142491,0.0778073086799575,91.02859426483131,-0.06420704864997401,174.70017061369643,-0.0009494488467332723,-4.886141787472475,0.06265674213694261,0.07711802067792847,91.04033147720892,-0.007107259034842321,0.0023006356653638704,-0.0027706717249794234,0.006834348911518795,-0.002498860254482302,-0.000689288002029026,0.011737212377610717
279,-0.05693234778645137,174.455057976732,0.005200480202062581,-4.819506567010213,0.06862929855879082,0.06114053801467905,90.99223578320624,-0.07427362815078542,174.4625689908458,0.004181462493520705,-4.836309037663255,0.06794693218982806,0.059170824131469756,91.00672379157692,-0.01734128036433405,0.007511014113788406,-0.0010190177085418759,-0.01680247065304208,-0.0006823663689627668,-0.0019697138832092953,0.014488008370676653
280,-0.056662308631043656,174.2137693338242,0.005811672458742875,-4.832023205378676,0.07129389464089207,0.04544330526937111,90.96146085837066,-0.06163599943492068,174.21357112083226,0.009953512011447223,-4.836758883314778,0.07121410049899168,0.04535364808807398,90.97924656894878,-0.004973690803877023,-0.00019821299193267805,0.004141839552704348,-0.004735677936102078,-7.979414190038836e-05,-8.965718129713002e-05,0.01778571057812428
281,-0.05639322401989265,173.971861312425,0.005098363966983144,-4.844281396306743,0.07314849152555908,0.028740570117308923,90.93067538558184,-0.06018272550053901,173.9735640802065,0.011693099535590357,-4.8314474882732545,0.07425566935060113,0.029419191759441875,90.95071170315116,-0.0037895014806463637,0.0017027677814951403,0.006594735568607213,0.01283390803348805,0.0011071778250420494,0.0006786216421329518,0.020036317569321227
282,-0.056101600196177784,173.72934039208602,0.006645180216796915,-4.856539074355147,0.07414652578070495,0.011180800088526132,90.89989592235425,-0.055917256225680265,173.73407945215007,0.008352420147255256,-4.869317069989895,0.0768011165114606,0.01117282653731676,90.91903002623546,0.00018434397049751916,0.0047390600640540015,0.0017072399304583407,-0.012777995634748684,0.0026545907307556488,-7.97355120937121e-06,0.01913410388121406
283,-0.05584804644183157,173.4883523993712,0.0034991285784415883,-4.782981682366279,0.0741679847194345,-0.010322442539344164,90.86355242697844,-0.05498927897931796,173.50297072975346,0.004727774948171723,-4.769638848900531,0.07360198902035187,-0.009704809880369557,90.88309502155995,0.0008587674625136071,0.014618330382262457,0.0012286463697301349,0.013342833465748605,-0.0005659956990826387,0.0006176326589746074,0.019542594581508865
284,-0.05566760399826265,173.24883854018114,0.0036448946641985712,-4.797556289114517,0.07323202868691955,-0.027115798761253883,90.83292829733544,-0.04940435894618403,173.25525878324737,0.01680862017600969,-4.796140844208808,0.07347301383327709,-0.028842380360941482,90.85091471084218,0.00626324505207862,0.006420243066230569,0.013163725511811119,0.0014154449057093288,0.00024098514635753632,-0.0017265815996875995,0.017986413506733356
285,-0.055481901837628106,173.00862983775886,0.003643349524282401,-4.810775801833515,0.07146025589292987,-0.04375511299833336,90.80222263439045,-0.054907560597092585,173.0250761875897,0.019012969297259773,-4.805813386306276,0.07161681917028195,-0.04253178706211966,90.81769439221306,0.0005743412405355211,0.016446349830829377,0.015369619772977372,0.004962415527238306,0.0001565632773520842,0.0012233259362137011,0.015471757822609788
286,-0.05529201878298769,172.76777569611613,0.00374771304404399,-4.82337379841235,0.06887567334966269,-0.059628188732353885,90.77148297662009,-0.04445635931289543,172.7825794540312,0.007280412976123515,-4.821945890127745,0.06890630584724544,-0.059491995964559785,90.79421380889109,0.010835659470092254,0.014803757915075266,0.0035326999320795254,0.0014279082846044844,3.0632497582755436e-05,0.0001361927677940994,0.022730832270994483
287,-0.05502085141230211,172.52631485450786,0.006833174074977845,-4.835043439400086,0.06552516433571424,-0.07439217182558386,90.74068928919577,-0.05019580581899694,172.540814313858,0.011684227821720867,-4.821644207593662,0.06539177036532129,-0.07345349856197586,90.76316740245565,0.004825045593305169,0.014499459350133748,0.004851053746743022,0.01339923180642355,-0.00013339397039295597,0.0009386732636079975,0.02247811325987925
288,-0.05445262791753377,172.28427569119714,0.015571765208242622,-4.846505871096745,0.06146996749134172,-0.08781570194931708,90.70988812327352,-0.04404599726716402,172.28928801444474,0.018070015582891792,-4.842859252190235,0.06103421395374253,-0.08814670583656081,90.73345568333706,0.010406630650369751,0.00501232324759826,0.00249825037464917,0.0036466189065098575,-0.00043575353759918445,-0.0003310038872437332,0.023567560063540327
289,-0.05348228562852392,172.04379227919011,0.02279772621710054,-4.772828602808137,0.05673087171821742,-0.10174812897565504,90.67357205369812,-0.04003036298683384,172.04395547686659,0.024839172642433443,-4.760155388549531,0.057473851872763326,-0.10097987241714175,90.69839498522168,0.013451922641690081,0.0001631976764713272,0.002041446425332903,0.012673214258605903,0.000742980154545908,0.0007682565585132861,0.024822931523559078
290,-0.052217253979103574,171.80480657766515,0.02738136368865017,-4.7865799126492234,0.05138230856080578,-0.11219439732081071,90.64292331337886,-0.04488935754683609,171.8023631221606,0.02987996189771737,-4.78420631424125,0.052688331995103255,-0.11196463518654559,90.67101160007873,0.007327896432267486,-0.0024434555045331763,0.0024985982090671988,0.002373598407973354,0.0013060234342974764,0.00022976213426512127,0.028088286699869514
291,-0.05070302864385355,171.5651644835556,0.03272648609103501,-4.799083284304917,0.04555415958465505,-0.12093156172521848,90.61219944567752,-0.05193656476980946,171.57224618722512,0.025010505019592746,-4.806818530586089,0.045129150231934645,-0.12013608348785168,90.6316533898978,-0.0012335361259559058,0.007081703669513217,-0.0077159810714422655,-0.007735246281171726,-0.00042500935272040546,0.0007954782373667951,0.019453944220288122
292,-0.048830229423715475,171.32702146092865,0.04160513053632369,-4.726629172139719,0.03932926895443983,-0.12806406348339017,90.57597303955356,-0.05002522912194251,171.31898423516026,0.0363860499786161,-4.72374937775445,0.039727174422835354,-0.12836891807978565,90.59277921715407,-0.0011949996982270339,-0.008037225768390499,-0.005219080557707589,0.0028797943852696406,0.00039790546839552077,-0.00030485459639548185,0.016806177600514616
293,-0.04690262638301845,171.09031913168036,0.0349725255260263,-4.741456696413482,0.032626056009100506,-0.14006445433018286,90.54540156842457,-0.05013094526003381,171.07591587272861,0.03704767291758726,-4.729182657858227,0.03154682971970013,-0.13968968645161042,90.56254556384825,-0.003228318877015357,-0.014403258951745102,0.0020751473915609567,0.012274038555254663,-0.0010792262894003743,0.0003747678785724351,0.01714399542368028
294,-0.04525795261662962,170.85288788638067,0.030245303381748193,-4.755783300160203,0.0253946909294064,-0.1491901488575814,90.51480661676271,-0.03555724841291627,170.84558262902598,0.020986431536881952,-4.741594093584934,0.02543514591563456,-0.14918360227673097,90.53053985364723,0.00970070420371335,-0.0073052573546874555,-0.009258871844866241,0.014189206575268898,4.045498622816043e-05,6.546580850419481e-06,0.015733236884514668
295,-0.04335193868489679,170.61475515389648,0.045405798852859475,-4.769494569457086,0.017958600197247408,-0.14825348042877823,90.48416997901049,-0.035826063004408694,170.6108881108144,0.0399482159243579,-4.768760818575561,0.0176778518091667,-0.14942599510357513,90.49976943188065,0.007525875680488098,-0.0038670430820957336,-0.005457582928501577,0.0007337508815252747,-0.00028074838808070726,-0.0011725146747968984,0.015599452870162622
296,-0.041091518679835334,170.3759754688052,0.044416047003807246,-4.781679978303358,0.010436087767095105,-0.15264701677731388,90.45345063996955,-0.04033177369710691,170.37562361413842,0.038930121965027036,-4.779413385896555,0.009756822195719828,-0.15319897008537525,90.46677102218081,0.0007597449827284261,-0.00035185466677489785,-0.005485925038780211,0.0022665924068032695,-0.000679265571375277,-0.0005519533080613759,0.013320382211261972
297,-0.03929618798496625,170.13869093034245,0.026663118699640675,-4.7097284040620595,0.0025228391842564736,-0.16388292653623138,90.4172668044122,-0.04678825980373072,170.11759638383344,0.02533668351576088,-4.70843902172893,0.0016030238029283161,-0.16389594579022299,90.42888059052831,-0.007492071818764469,-0.021094546509004886,-0.0013264351838797941,0.001289382333129474,-0.0009198153813281575,-1.3019253991608526e-05,0.011613786116114966
298,-0.03789323747268053,169.90284337556196,0.028812107525203044,-4.724154702461249,-0.005638946277516222,-0.16258849193467648,90.38669765017184,-0.04951838603552115,169.8821059092587,0.00910538389411146,-4.7116571614666025,-0.006338098655049418,-0.1612340457689688,90.39926101223737,-0.011625148562840623,-0.020737466303245355,-0.019706723631091584,0.012497540994646172,-0.0006991523775331954,0.001354446165707679,0.012563362065534989
299,-0.03630706972487634,169.66628319476158,0.034001226791486684,-4.738231014839388,-0.013667951378992134,-0.15857171212436,90.35611145229262,-0.048381480592408585,169.65915393353907,0.027096768998643793,-4.73537270592383,-0.014878201697265947,-0.16068401849003755,90.36465890340908,-0.012074410867532248,-0.007129261222502237,-0.006904457792842891,0.002858308915557828,-0.001210250318273813,-0.002112306365677552,0.008547451116456273
300,-0.03485492451054441,169.42904736791496,0.0234560268970766,-4.7511999232332,-0.02162251767651501,-0.15961093977655502,90.32545335921999,-0.041297994594721776,169.43564936359633,0.0228180349382822,-4.7365978387048004,-0.021589838320163146,-0.16041396410226583,90.33683891000523,-0.006443070084177369,0.0066019956813647696,-0.000637991958794399,0.014602084528399395,3.267935635186542e-05,-0.000803024325710805,0.011385550785234955
301,-0.033834366304772275,169.19117032540433,0.016739365441785618,-4.763878361651892,-0.029572263759125632,-0.15837890352786974,90.29478409228469,-0.030719998181579604,169.19185393831668,0.002960438269461645,-4.7452893335250454,-0.03030105001979111,-0.15842801568365616,90.30220285697789,0.0031143681231926706,0.0006836129123541923,-0.013778927172323973,0.018589028126846152,-0.0007287862606654774,-4.911215578642936e-05,0.007418764693198909
302,-0.033185947477768214,168.95476875489499,0.008471484794859494,-4.692195583541367,-0.03736705806049466,-0.1534128685268914,90.25866530239016,-0.03133706107856637,168.95427850199528,0.021042896416234875,-4.709423532694277,-0.036064700936221605,-0.15366566143303045,90.26577396356716,0.0018488863992018462,-0.0004902528997092759,0.012571411621375381,-0.01722794915291015,0.0013023571242730542,-0.00025279290613905436,0.007108661176999931
303,-0.032859864569607135,168.71982189651962,0.003979214862218074,-4.705671077978783,-0.04488695670227441,-0.14738307714429863,90.22805569873779,-0.035741206012601216,168.7059004476481,-0.008443981455358936,-4.703161297419775,-0.045577614024876034,-0.14785777607864384,90.23885375762794,-0.0028813414429940815,-0.01392144887151403,-0.01242319631757701,0.002509780559008412,-0.0006906573226016233,-0.00047469893434520793,0.010798058890145512
304,-0.03273167915545088,168.48420145083784,0.0005849611138224204,-4.7191345689539554,-0.052023565348744874,-0.13808126871451992,90.19745398274932,-0.03531156143335365,168.48860039684894,0.0048472032480690284,-4.720974192802401,-0.051008487768363864,-0.13728428695983144,90.21123197251141,-0.002579882277902769,0.004398946011093585,0.004262242134246608,-0.001839623848445271,0.0010150775803810103,0.0007969817546884805,0.013777989762090215
305,-0.032729977867976115,168.25002413825936,-0.00112883985621827,-4.647962122628792,-0.05860466533800338,-0.12516273085582044,90.16138558285334,-0.027317682956609475,168.2587599852757,-0.011338841786800254,-4.663175168967325,-0.05956380867065736,-0.12448610616256287,90.1749086491572,0.00541229491136664,0.008735847016339449,-0.010210001930581985,-0.015213046338533154,-0.0009591433326539764,0.000676624693257577,0.013523066303861242
306,-0.032768366335517024,168.0172544093485,-0.0008722234316279161,-4.6628108132346044,-0.06452009332766627,-0.11145438873069509,90.13087940807395,-0.03668323097005841,168.0179022669437,-0.01967835738457883,-4.658840797697979,-0.06513335670621068,-0.11142094188598108,90.1438364329843,-0.003914864634541389,0.0006478575951973653,-0.018806133952950915,0.003970015536625127,-0.0006132633785444069,3.344684471401349e-05,0.012957024910349446
307,-0.03272083988281596,167.78374325461274,0.002364607708048517,-4.677618152833638,-0.06970571710825807,-0.09597056249297696,90.10037689196182,-0.033205334769869345,167.78066146413778,-0.0005776110992304247,-4.68009686383229,-0.0679830466908542,-0.09631153769468057,90.11696405667678,-0.0004844948870533841,-0.0030817904749653735,-0.0029422188072789415,-0.002478710998651934,0.001722670417403871,-0.0003409752017036055,0.01658716471496291
308,-0.032570656873809584,167.5495201884819,0.0032960946188439425,-4.691288172332474,-0.07409866888488564,-0.07974750857212592,90.06980730155749,-0.028804076161751548,167.54178683904536,0.017114168843651315,-4.692853036800822,-0.07349393041568231,-0.07961591813451785,90.08452983894591,0.003766580712058036,-0.007733349436534809,0.013818074224807372,-0.0015648644683485813,0.0006047384692033364,0.00013159043760807565,0.014722537388422552
309,-0.03231102142063803,167.316722919073,0.0067669722943388706,-4.620601451710552,-0.07756149678473659,-0.058765607421911656,90.03379258927019,-0.02693105708143293,167.31127071672105,0.0223545654185733,-4.634374802677685,-0.07659086027960749,-0.05988135729820815,90.04784856869486,0.0053799643392050955,-0.005452202351932556,0.01558759312423443,-0.013773350967133169,0.0009706365051291022,-0.001115749876296493,0.014055979424668408
310,-0.03192419734249955,167.0853097301384,0.008511377541161338,-4.635908823368541,-0.0800363435412269,-0.04022826283770119,90.00333383116288,-0.023905977073376307,167.08202022511801,0.009610149595699061,-4.638341932461221,-0.07931920290325456,-0.038004476903774884,90.01353721271232,0.008018220269123244,-0.003289505020376282,0.001098772054537723,-0.002433109092679686,0.0007171406379723466,0.0022237859339263033,0.010203381549445112
311,-0.03142453721244815,166.85314054413502,0.011354485236029575,-4.65084154895339,-0.08156616911517157,-0.02096476012008566,89.9728571050759,-0.02211133516117529,166.85185179148064,0.006720517588945646,-4.642336627516405,-0.08286403912643037,-0.020469314999059282,89.98341164591604,0.00931320205127286,-0.0012887526543750027,-0.004633967647083929,0.00850492143698478,-0.001297870011258792,0.000495445121026377,0.010554540840132631
312,-0.030721100167483414,166.62023417865993,0.016739676365954626,-4.6653963230337565,-0.08210751208109661,-0.0006889585169159926,89.94236162160307,-0.022483120374752957,166.61172086568536,0.016140341740585963,-4.673546738544226,-0.08203668151164356,0.0010198322779064368,89.9514758855367,0.008237979792730457,-0.008513312974571363,-0.0005993346253686631,-0.008150415510469244,7.083056945304811e-05,0.0017087907948224294,0.009114263933625466
313,-0.029771117099533003,166.38872916068934,0.02130999202554872,-4.594804558274251,-0.0815601410701142,0.02258379895621268,89.90637439371523,-0.025336553127887587,166.3781283604507,0.03652598500331315,-4.592242829335999,-0.08226929112315595,0.021956241736737134,89.90936501007305,0.004434563971645416,-0.010600800238648844,0.015215992977764433,0.002561728938252017,-0.0007091500530417572,-0.0006275572194755462,0.002990616357820386
314,-0.028612723116856205,166.15857921321174,0.025152018488034226,-4.61117743749798,-0.0799457052628157,0.04199363333572702,89.8760021940579,-0.029550811808196395,166.1662100829226,0.04842914388484096,-4.6144425510425116,-0.08012117685523545,0.042452199482444775,89.88109359444938,-0.0009380886913401901,0.007630869710851584,0.023277125396806733,-0.00326511354453185,-0.00017547159241974863,0.00045856614671775653,0.005091400391478373
315,-0.02729685095492754,165.92763958803627,0.02768406715008691,-4.626391872612156,-0.0773843644161931,0.06046000052917726,89.84556202045177,-0.0278911716745436,165.9296032017342,0.019749060015221514,-4.62686677613209,-0.0785031414961157,0.061493303636462264,89.84846512590416,-0.0005943207196160601,0.0019636136979386265,-0.007935007134865397,-0.00047490351993406676,-0.0011187770799225977,0.0010333031072850066,0.002903105452389809
316,-0.025872702457657788,165.69595790662805,0.029555142575739338,-4.640860137028292,-0.07391514992116716,0.0783085792718609,89.81508004150852,-0.02558137449303399,165.69716566500682,0.034007974832424084,-4.6275069330605065,-0.0749774902256597,0.07785187355130933,89.8184882363333,0.00029132796462379845,0.0012077583787686308,0.004452832256684747,0.013353203967785277,-0.0010623403044925372,-0.00045670572055156455,0.0034081948247717264
317,-0.024377679836424603,165.4635590773863,0.030586601410222257,-4.655077248748915,-0.06958906221874271,0.09473492882511689,89.78458837780502,-0.017145348867713815,165.4491392408281,0.03194696245273264,-4.6631539084794,-0.07087310648259759,0.09712004349254516,89.78709346330609,0.007232330968710787,-0.014419836558204224,0.0013603610425103815,-0.008076659730484437,-0.0012840442638548805,0.002385114667428273,0.0025050855010704254
318,-0.02282667256130985,165.2325855000149,0.031934918215884116,-4.583865363023937,-0.0644147793690289,0.11223638516343595,89.74859083127959,-0.025006250924069377,165.22577948784217,0.01875917080188754,-4.593178208554043,-0.06228600287836761,0.11364248530554276,89.74903326523658,-0.0021795783627595287,-0.006806012172717146,-0.013175747413996575,-0.009312845530105918,0.0021287764906612883,0.001406100142106806,0.00044243395699083976
319,-0.021454982935814368,165.00300712134427,0.023399202262994453,-4.599249234999081,-0.05850814103072119,0.12402914836887238,89.71817855762879,-0.017802923328429622,164.99229226454472,0.007131852237407418,-4.586203028213376,-0.058487469388253555,0.12219101440001441,89.7207070712774,0.003652059607384746,-0.010714856799552308,-0.016267350025587036,0.013046206785705117,2.0671642467634532e-05,-0.0018381339688579718,0.002528513648613284
320,-0.020356598414282057,164.7726578254431,0.02104451910549865,-4.614701748904759,-0.05204537162668141,0.13448162779271874,89.68777714034947,-0.01964853407128784,164.77061569022263,0.036799419872610976,-4.6045617806376375,-0.052834400724496966,0.1339544269691259,89.68365727095426,0.0007080643429942177,-0.002042135220477803,0.015754900767112327,0.010139968267121269,-0.0007890290978155579,-0.0005272008235928383,-0.00411986939521114
321,-0.01948262206283618,164.54155989459701,0.01446129335994126,-4.629192906939771,-0.04511314301016714,0.1428075168678519,89.65731922672188,-0.018580879455352233,164.5321512314849,0.022663351990252028,-4.623767200004827,-0.044603667976301775,0.14178516401999983,89.64914168303498,0.0009017426074839456,-0.009408663112111526,0.008202058630310769,0.005425706934944152,0.0005094750338653642,-0.0010223528478520705,-0.008177543686898048
322,-0.018980829099310054,164.31185029196712,0.006289479684905329,-4.559179438953494,-0.03780986509968877,0.1493235995512829,89.62141566002927,-0.039384831861492754,164.30808927415313,0.014132040922211112,-4.5625030200380685,-0.03844149319890455,0.149708827571309,89.61311975169785,-0.0204040027621827,-0.0037610178139857453,0.007842561237305782,-0.003323581084574201,-0.0006316280992157836,0.00038522802002607937,-0.008295908331419355
323,-0.018900153682640416,164.08348994055984,-0.0024694966918324037,-4.575206947811508,-0.030257863417025774,0.15275646775523688,89.59105890865484,-0.03155869028818812,164.082906974376,0.01795394385198032,-4.556650777812441,-0.030606976929334007,0.15215618468299177,89.58341167573342,-0.012658536605547704,-0.0005829661838561151,0.020423440543812725,0.01855616999906662,-0.00034911351230823215,-0.0006002830722451058,-0.007647232921428326
324,-0.01929592692342038,163.8543262753748,-0.0127596116227638,-4.591309158319011,-0.022601301564165604,0.15350600635916997,89.56071060565861,-0.014687467949935328,163.85744865128962,-0.03686741184179191,-4.581988486000653,-0.022821181389871104,0.15268457225037624,89.55160880957051,0.004608458973485052,0.0031223759148133468,-0.02410780021902811,0.009320672318358092,-0.00021987982570549972,-0.0008214341087937338,-0.009101796088103242
325,-0.01980097113086112,163.6243928864381,-0.006826735704959477,-4.6060153945490985,-0.01477272102277381,0.15963721529650185,89.53028569307548,-0.01304697522048174,163.62104137928102,-0.01905509782022571,-4.597582369972316,-0.01571137775600384,0.16047039883981898,89.52132292007602,0.006753995910379382,-0.003351507157077549,-0.012228362115266234,0.008433024576782522,-0.0009386567332300318,0.0008331835433171286,-0.008962772999467461
326,-0.020542617173790693,163.39582690998628,-0.022108478141845467,-4.536601414716719,-0.006915519274018797,0.15465085465369863,89.49443196309856,-0.029097244881315897,163.40461309409872,-0.006765325888475702,-4.5509327765114245,-0.006742122097778136,0.1552621719151555,89.48463883522778,-0.008554627707525204,0.008786184112437923,0.015343152253369765,-0.014331361794705622,0.00017339717624066144,0.000611317261456884,-0.009793127870779017
327,-0.02206351716214151,163.1685959703333,-0.038133164325433906,-4.552598633547438,0.0006374294129939386,0.14746709282681084,89.46407799696222,-0.01007584490424944,163.1775888888603,-0.04468801440325218,-4.565381671039406,0.0023594297025533173,0.14871802914224547,89.45657896953769,0.01198767225789207,0.00899291852698525,-0.006554850077818274,-0.01278303749196752,0.0017220002895593787,0.001250936315434631,-0.007499027424529459
328,-0.023486824606220418,162.9405893382117,-0.018214170081404957,-4.567667508475014,0.008149598910588477,0.15301968707697078,89.43367657178351,-0.024526527024279918,162.93907510054376,-0.020622947906597223,-4.583879063710681,0.008027323613406523,0.15253892169299862,89.42998070933439,-0.0010397024180595002,-0.001514237667947782,-0.002408777825192266,-0.01621155523566653,-0.0001222752971819542,-0.00048076538397215374,-0.0036958624491205683
329,-0.024487749313637203,162.7139459031596,-0.021124187012237196,-4.498064232699991,0.015674840703732842,0.14798998464880386,89.39784032787747,-0.01872308115034183,162.71896061607563,-0.024365720940491872,-4.495167873562287,0.01687861888003317,0.14969150843599618,89.39444736816864,0.005764668163295374,0.00501471291602229,-0.003241533928254676,0.002896359137704252,0.0012037781763003276,0.0017015237871923217,-0.003392959708833132
330,-0.025204544903895273,162.4886015037239,-0.006970666706965905,-4.515707705561274,0.02308943088431066,0.148593622574309,89.36761582380414,-0.029500308656607334,162.4900666172158,-0.001259127228315884,-4.516171884899869,0.022557914647425292,0.14779307575618242,89.3655604533221,-0.00429576375271206,0.0014651134918892694,0.0057115394786500205,-0.0004641793385946613,-0.0005315162368853682,-0.0008005468181265796,-0.0020553704820400753
331,-0.025729862671101375,162.2624039971359,-0.013476837990349159,-4.532167855050596,0.03029109515912987,0.1394729484184593,89.33732597246448,-0.029482892145434408,162.26529158486292,-0.030005242932849487,-4.51431222966006,0.030279319925234027,0.13996761659938295,89.33858990365471,-0.0037530294743330327,0.0028875877270309047,-0.016528404942500328,0.017855625390535756,-1.1775233895842258e-05,0.0004946681809236408,0.0012639311902233885
332,-0.02620619367971229,162.03538701625206,-0.005036974870932494,-4.548503931414745,0.03717167825827089,0.13575037554718156,89.30703322812903,-0.02236553422551882,162.03382155741824,-0.013773718565365283,-4.5398254234341255,0.03631660492860478,0.13441600623287864,89.30997311159068,0.0038406594541934708,-0.0015654588338236408,-0.008736743694432789,0.008678507980619088,-0.0008550733296661117,-0.001334369314302919,0.0029398834616500835
333,-0.02625982514025946,161.80758636548734,0.003413291309117083,-4.563513357317833,0.04381486441522538,0.12997707073099798,89.2766626574109,-0.017600014201143516,161.81021084794347,0.015495909741503167,-4.572113034662129,0.04371131025676256,0.13184427489456724,89.28205660729026,0.008659810939115945,0.0026244824561274527,0.012082618432386083,-0.008599677344296452,-0.00010355415846281801,0.0018672041635692527,0.005393949879362481
334,-0.0258362251755838,161.58116471810985,0.01410853168474685,-4.493357534802434,0.050067381411610365,0.12012360912440137,89.24081963084323,-0.012428878190966976,161.5887396620052,0.01730366177792638,-4.493216818710564,0.050320748978859076,0.11933835138439089,89.24759059771,0.013407346984616823,0.007574943895349406,0.003195130093179531,0.00014071609187027434,0.0002533675672487107,-0.000785257740010481,0.0067709668667674805
335,-0.025016094106748158,161.3560805125185,0.019146540026331402,-4.509996813186315,0.05581351563578688,0.10972175984265939,89.21056211863464,-0.017740354053822398,161.35920809306873,0.018689638205253566,-4.508870864746265,0.05511629411391672,0.11143845547847304,89.21891371366654,0.00727574005292576,0.003127580550227549,-0.0004569018210778368,0.0011259484400500952,-0.000697221521870163,0.001716695635813656,0.008351595031896863
336,-0.024001917266520085,161.1301866321002,0.021828030148773228,-4.525743883150589,0.06100139911538889,0.09779357934142084,89.18025387240976,-0.021617817768877095,161.13014462717106,0.021784967448742504,-4.525255590356852,0.06072841315825572,0.09785200532580621,89.19258931342519,0.00238409949764299,-4.200492912787013e-05,-4.306270003072432e-05,0.0004882927937375214,-0.00027298595713316776,5.8425984385365726e-05,0.012335441015423498
337,-0.022891675578114154,160.9056115793971,0.0229972608211447,-4.45725805153255,0.06548873945479114,0.08170003423466901,89.14453468216104,-0.02800612628912091,160.9116270286777,0.021013005684870658,-4.46336326950788,0.06603873656618164,0.0814050891835768,89.15750517105343,-0.0051144507110067565,0.006015449280624807,-0.0019842551362740414,-0.006105217975330035,0.0005499971113905044,-0.0002949450510922047,0.012970488892392495
338,-0.02180340775820972,160.68231429705594,0.020824003381043118,-4.474616174532855,0.06919438443785718,0.06652576508797263,89.11433612956469,-0.016699206868726633,160.6778986524577,0.014006654114286005,-4.469780541059491,0.0675096349161941,0.06649162249185425,89.12471267787437,0.005104200889483088,-0.004415644598225299,-0.006817349266757113,0.0048356334733643536,-0.0016847495216630731,-3.414259611837778e-05,0.010376548309679379
339,-0.020772236410179966,160.4581613848581,0.020653245657145713,-4.491483817025601,0.07213303658778888,0.051020320909295744,89.08411251863939,-0.009536895428408246,160.45535817604585,0.021235934865580827,-4.4965336635439765,0.07308328243799833,0.051507828799872084,89.09450395276994,0.01123534098177172,-0.002803208812252933,0.0005826892084351137,-0.005049846518375922,0.0009502458502094469,0.00048750789057634,0.01039143413055399
340,-0.019710454645406262,160.23319873446934,0.021984325352662364,-4.507005007092076,0.07425199379956993,0.03373796756194579,89.05380852602474,-0.015623074018325486,160.2284858534356,0.03598593403683996,-4.4895225171186866,0.07448869925890156,0.03317091648408788,89.05961975547119,0.004087380627080776,-0.004712881033754002,0.014001608684177595,0.017482489973389193,0.000236705459331632,-0.0005670510778579066,0.005811229446450739
341,-0.018638075702794257,160.00745771447677,0.02100896474159375,-4.522618899551839,0.07549921955496225,0.016151062653746995,89.02351687763968,-0.013448120295527992,160.00526524964098,0.031639274319975895,-4.520118398314054,0.07646332183531301,0.016463689579789977,89.02669286680293,0.005189955407266265,-0.0021924648357867227,0.010630309578382145,0.0025005012377850022,0.0009641022803507648,0.00031262692604298176,0.0031759891632532344
342,-0.017664147170198805,159.78305970465456,0.017973713966868466,-4.453300512556039,0.07577442428968903,-0.00514287326467559,88.98777325605295,-0.009148229899314743,159.78125093202567,0.021582676749493733,-4.437254252296395,0.07554953385645335,-0.0041715291312182925,88.98981511997698,0.008515917270884061,-0.00180877262889112,0.003608962782625267,0.016046260259644285,-0.00022489043323567492,0.0009713441334572972,0.0020418639240347147
343,-0.01677537130250298,159.5599557956155,0.01752317181288174,-4.470839207151567,0.07508211888752056,-0.022549342822063067,88.95761103109888,-0.012814512873130336,159.5671523758855,0.041093132924246434,-4.4597530888384425,0.07414046960256382,-0.023841200325205782,88.95897677274152,0.003960858429372646,0.007196580270004915,0.023569961111364692,0.011086118313124338,-0.0009416492849567415,-0.0012918575031427154,0.001365741642644025
344,-0.015901542312873693,159.33600404327765,0.017308501368611586,-4.487214454235797,0.07353391167019155,-0.03937894587109723,88.92738064931456,-0.01359966560102995,159.34336002391615,0.008849882321081921,-4.490616482034197,0.07531703006246415,-0.04126107997253799,88.93051073019326,0.0023018767118437432,0.00735598063849352,-0.008458619047529665,-0.0034020277983994873,0.0017831183922726035,-0.0018821341014407592,0.0031300808787051437
345,-0.015080856982611341,159.11335481194988,0.015290337609877618,-4.418754535705269,0.07106647928716003,-0.05931834945016351,88.8917074191431,-0.017224938076980716,159.10936278802512,0.0057969423049348354,-4.427011057069592,0.07107863568570849,-0.05840113828324106,88.89575626791982,-0.0021440810943693742,-0.003992023924752175,-0.009493395304942783,-0.008256521364322644,1.2156398548457403e-05,0.0009172111669224492,0.004048848776719183
346,-0.01428554062422272,158.89198055381195,0.016260135415996243,-4.436198856517377,0.06771957250796194,-0.07455792171776021,88.86155149139924,-0.013756396739122333,158.8910415356169,0.02228223949290095,-4.432203172925858,0.06856027105402918,-0.07253785288426584,88.86858481934433,0.0005291438851003864,-0.0009390181950550414,0.006022104076904709,0.003995683591519139,0.0008406985460672339,0.0020200688334943706,0.007033327945094925
347,-0.013457799295766196,158.66974504525388,0.01652922770661536,-4.453204439878032,0.06363342489548951,-0.08888798278113713,88.83137383085484,-0.014412687716615226,158.6759658200191,0.01692594098460975,-4.448872969546276,0.06432834618741579,-0.08970662698380137,88.83920184612087,-0.0009548884208490302,0.00622077476521099,0.00039671327799438785,0.004331470331756293,0.0006949212919262759,-0.0008186442026642399,0.007828015266028387
348,-0.012542440105303367,158.44668208870587,0.019710728338361076,-4.4692957947817975,0.05887071920986952,-0.10162024464366248,88.80114367564526,-0.004575821776579423,158.444323569377,0.02752867523588707,-4.471390460952172,0.05796661786471757,-0.10350179280663477,88.80761509041481,0.007966618328723944,-0.002358519328879538,0.007817946897525994,-0.0020946661703744596,-0.0009041013451519461,-0.0018815481629722852,0.00647141476954971
349,-0.011383249916678922,158.2249262844377,0.02615673715532407,-4.400930764288868,0.05347954590017445,-0.11402668774414022,88.7654976447932,-0.014601801579381016,158.22461172749678,0.027270183400489232,-4.40839768777451,0.054007603092347534,-0.11424322035168696,88.77473486493389,-0.0032185516627020946,-0.00031455694090709585,0.001113446245165163,-0.007466923485641708,0.0005280571921730814,-0.00021653260754674053,0.009237220140690283
350,-0.009969277254157393,158.00444129589675,0.02993768614262212,-4.418447483705317,0.04755238329169804,-0.12305981659491633,88.73536354080949,-0.005970347331201301,158.01558840925748,0.031783313450169215,-4.430180307963714,0.04557634824263124,-0.12180446957747378,88.74344591126058,0.003998929922956093,0.01114711336072105,0.0018456273075470944,-0.011732824258396946,-0.0019760350490668002,0.0012553470174425513,0.008082370451091947
351,-0.008174855763674792,157.78310747756387,0.04134151786800435,-4.43488049681368,0.04124450032246656,-0.12925550217434278,88.70516366511843,-0.0005073974724480249,157.79257516676412,0.04079990562971187,-4.4348972689597055,0.04090253606214844,-0.12930029892312153,88.716761651041,0.007667458291226767,0.009467689200249652,-0.0005416122382924798,-1.6772146025800794e-05,-0.00034196426031811444,-4.4796748778747064e-05,0.011597985922563225
352,-0.006335025221954383,157.5630410594022,0.03162102308205962,-4.367785917973863,0.03441817677476945,-0.14379743973354145,88.66960999867791,-0.0009128419500696158,157.56699167005232,0.027135081365048868,-4.360600407769947,0.03529848601497543,-0.1453426695602882,88.68405395967089,0.005422183271884767,0.003950610650122144,-0.004485941717010753,0.007185510203915335,0.0008803092402059759,-0.0015452298267467635,0.014443960992977622
353,-0.00445916042039126,157.3441738544808,0.04284567402963309,-4.386874195268995,0.027166129542159065,-0.14628444957087403,88.63958477028362,-0.0038144878190516877,157.3510745633509,0.04018104469310198,-4.387675360665191,0.02735311850469513,-0.14537103646903157,88.65310566837873,0.0006446726013395725,0.006900708870091421,-0.0026646293365311102,-0.0008011653961954579,0.00018698896253606379,0.0009134131018424529,0.013520898095109146
354,-0.002358145650650114,157.12438817575594,0.04060786768605624,-4.404542659333147,0.019661153622705572,-0.15391458720726567,88.60947894041088,-0.005779555780547926,157.134647353059,0.04783088621277318,-4.401129477310853,0.021308612208104094,-0.15186401031156238,88.6189961192367,-0.0034214101298978123,0.010259177303055367,0.007223018526716939,0.0034131820222942366,0.0016474585853985223,0.0020505768957032877,0.009517178825817041
355,-0.0008327080986275483,156.903728021921,0.019780770927540256,-4.421874715876969,0.011632404778817572,-0.16723536654825435,88.57933011644039,-0.013722217369509687,156.90931502484116,0.019834938589548587,-4.421375644844014,0.011685440728482988,-0.16729686997477278,88.59082496781868,-0.012889509270882138,0.005587002920151463,5.41676620083309e-05,0.0004990710329551007,5.303594966541564e-05,-6.150342651842222e-05,0.011494851378287763
356,0.00015567820829874915,156.68431854605086,0.018975928777281492,-4.3545043375080645,0.003209200839749838,-0.16969279101445503,88.54378689982512,-0.011023033387512645,156.68508799146346,0.014273037214860451,-4.353764417222884,0.0042454251826020695,-0.16812366980140334,88.55378840209423,-0.011178711595811394,0.0007694454126010442,-0.004702891562421041,0.0007399202851807729,0.0010362243428522315,0.001569121213051694,0.010001502269105345
357,0.0011500894686510836,156.466128683274,0.020138239737160665,-4.373072692499467,-0.005265057447717259,-0.16927754048422883,88.51375298740057,-0.011366096948314737,156.46093817826585,0.0344418729266221,-4.3698366689852985,-0.0044892358558557,-0.1671144983819317,88.52573404829269,-0.01251618641696582,-0.005190505008158652,0.014303633189461432,0.003236023514168629,0.0007758215918615592,0.002163042102297119,0.011981060892125583
358,0.0018589520603403504,156.24702831263002,0.007546844179973667,-4.390945386019812,-0.01384147106301928,-0.17377900412785208,88.48366758178622,-0.000567263124374497,156.2482498604885,0.008491906042558445,-4.3927989193514145,-0.014833398134705522,-0.17378855998343004,88.49744532669727,-0.0024262151847148474,0.0012215478584778339,0.0009450618625847784,-0.0018535333316025415,-0.000991927071686242,-9.555855577964012e-06,0.013777744911052991
359,0.002434739620170587,156.029143848842,0.01470088763137363,-4.324421435075689,-0.022329525776060136,-0.16574318439378222,88.44819113948114,-0.005894761167523353,156.03567377869553,0.025939439886045156,-4.314417485377097,-0.02197208505271897,-0.16619606247507912,88.46474919227863,-0.00832950078769394,0.0065299298535137495,0.011238552254671526,0.010003949698591974,0.0003574407233411653,-0.00045287808129690355,0.01655805279749245
360,0.0030093124295666653,155.81242740772544,0.007640004361001135,-4.344232289218376,-0.030583945351488954,-0.16443359862337048,88.41824314816387,-0.006724410687354732,155.81991572203154,-0.0015489131249874985,-4.334130067702057,-0.030053210445098788,-0.16373131190021206,88.43590465226673,-0.009733723116921398,0.007488314306101529,-0.009188917485988633,0.010102221516318899,0.0005307349063901658,0.0007022867231584184,0.01766150410286116
361,0.003290038906906744,155.59474757468882,0.0029557116471271927,-4.362954365403552,-0.03870379808118182,-0.16036051056434433,88.38823435581236,-0.005122338683707705,155.601048614792,-0.001615467496305918,-4.3543103534198355,-0.03942405733124188,-0.16021023767564116,88.40766959503905,-0.008412377590614448,0.006301040103181776,-0.004571179143433111,0.00864401198371656,-0.0007202592500600569,0.00015027288870317346,0.01943523922669499
362,0.0033469410828623402,155.3761593248211,-0.0012930882467101865,-4.380565202876924,-0.04654311054437806,-0.15321198796350521,88.3581632434595,0.011726847110966233,155.3763768007587,0.009269794053016926,-4.377159457621523,-0.04609300745089673,-0.1539139216613088,88.37500161440522,0.008379906028103894,0.0002174759376032398,0.010562882299727112,0.0034057452554012713,0.0004501030934813341,-0.0007019336978035806,0.01683837094572027
363,0.0032315901624100046,155.15879702755137,-0.004002839539304817,-4.31393076308202,-0.05393210050614703,-0.14234761050725356,88.32270409155466,0.003277962480201964,155.1696769924872,-0.008807427949735856,-4.31310035533596,-0.05560655481121879,-0.14245726483290108,88.34112713576711,4.6372317791959234e-05,0.01087996493583887,-0.004804588410431038,0.0008304077460596915,-0.0016744543050717584,-0.00010965432564752353,0.018423044212454442
364,0.0031165574263273613,154.9426240633464,-0.001130803725306758,-4.332971676578826,-0.06074225898593323,-0.13005872868419435,88.29273221928173,0.002328618779393205,154.94201368797616,-0.008931641901027286,-4.341824767041665,-0.061231811860726015,-0.13038056878122553,88.31300194841792,-0.0007879386469341562,-0.0006103753702291215,-0.0078008381757205284,-0.008853090462838331,-0.0004895528747927841,-0.00032184009703117855,0.02026972913618863
365,0.003070380044523873,154.72553520000682,-0.0011979969656765357,-4.350566237029057,-0.06689379851034932,-0.11600285229244905,88.26267432619889,-0.0009107456650512609,154.7251615726301,-0.004307535448088559,-4.35530221291799,-0.06647368204117443,-0.11725713828760645,88.28494652004132,-0.003981125709575134,-0.0003736273767174225,-0.003109538482412023,-0.0047359758889324866,0.00042011646917489154,-0.0012542859951573948,0.022272193842425736
366,0.003012002201490389,154.50966155314265,-0.0016297970496929586,-4.28437709405236,-0.07223344491986078,-0.09758300408800902,88.227260381344,-0.009633858386236623,154.51757084344706,-0.006909983706763108,-4.274183206319204,-0.07169589233749729,-0.09771280361168481,88.24753291796969,-0.012645860587727011,0.007909290304411343,-0.005280186657070149,0.010193887733155549,0.0005375525823634875,-0.00012979952367579706,0.020272536625697057
367,0.0030050602460774067,154.2949378255811,0.0010050347390868192,-4.304553725318627,-0.07668568808785772,-0.08050672263186892,88.19737374432519,-0.007844883150683398,154.30602011074274,0.0008191568423440796,-4.3019105119362235,-0.07786336867299148,-0.08000262827714327,88.21501081492681,-0.010849943396760806,0.011082285161648997,-0.00018587789674273962,0.0026432133824032533,-0.0011776805851337613,0.0005040943547256482,0.017637070601622895
368,0.0031650515519226125,154.0792394864251,0.005116818748601487,-4.323360843744234,-0.08023785312840122,-0.06157987898987106,88.16740540718567,0.00046536301286460597,154.08689416504055,0.00925438257684481,-4.326763878315111,-0.0801495505517984,-0.06269171430885787,88.17761343596113,-0.0026996885390580066,0.007654678615438115,0.004137563828243323,-0.003403034570877317,8.830257660281948e-05,-0.0011118353189868077,0.010208028775466005
369,0.0035322754347210067,153.86263213634513,0.009368662744446716,-4.340915078256412,-0.08282965732188291,-0.04209228874939669,88.13736357662192,0.00816058197421138,153.86029224298485,-0.005539936845104839,-4.340575537671709,-0.08410798252220086,-0.04244095462043793,88.14567871418978,0.004628306539490373,-0.0023398933602720717,-0.014908599589551555,0.0003395405847026467,-0.0012783252003179535,-0.0003486658710412441,0.008315137567862507
370,0.004157216603611765,153.64724229607185,0.015490276754044139,-4.274675200139111,-0.08432703655013724,-0.017802880380776518,88.10196760896125,0.009775874055412186,153.64219464357475,0.0005209163868578281,-4.262401009069075,-0.08650777197006843,-0.016141250801914107,88.10711337952019,0.005618657451800421,-0.005047652497097488,-0.01496936036718631,0.012274191070035911,-0.00218073541993119,0.0016616295788624107,0.005145770558939944
371,0.005139203169620736,153.43300790522096,0.023758928928333693,-4.294683008774394,-0.08469275785285023,0.0031740282722565565,88.07208771264891,0.023583165033211697,153.43272006325824,0.01101068515891945,-4.306845355868267,-0.08453301884164732,0.0027490870298831844,88.07956947742075,0.01844396186359096,-0.000287841962716584,-0.012748243769414244,-0.012162347093873649,0.00015973901120290568,-0.0004249412423733721,0.007481764771839039
372,0.006508549290785974,153.21782607673902,0.031064943592310365,-4.312573743937921,-0.08403058881737664,0.02331273314668713,88.0420800988448,0.007022252457993209,153.22200887119106,0.0475240770356721,-4.3137505443777915,-0.08497215318799167,0.02262125915465551,88.04591686230455,0.0005137031672072349,0.0041827944520491656,0.016459133443361737,-0.0011768004398708953,-0.0009415643706150306,-0.0006914739920316215,0.0038367634597449296
373,0.008157745993370609,153.0038348053328,0.03506457415486254,-4.247076104744404,-0.08227761660339745,0.04680615541248022,88.00674781617714,0.008669761536267025,152.99864158169146,0.04866798704651109,-4.255093951080776,-0.08090915392072162,0.047175322831731356,88.01243173176098,0.0005120155428964164,-0.005193223641327904,0.013603412891648549,-0.008017846336372259,0.0013684626826758334,0.0003691674192511374,0.005683915583844623
374,0.009937942727100513,152.7909860827186,0.03636127013916144,-4.266856249692491,-0.07948092044314732,0.0650616909975253,87.97686785277764,0.007527359127142117,152.78856977413824,0.04653895881252687,-4.25056483368069,-0.08027658656858705,0.06462402260715282,87.98575705503713,-0.0024105835999583963,-0.002416308580365012,0.01017768867336543,0.01629141601180173,-0.0007956661254397285,-0.0004376683903724865,0.008889202259481976
375,0.011919746891721875,152.57714886391918,0.04319741304922911,-4.286616518967535,-0.07578123156438517,0.08292586415296074,87.9469930182235,0.019183572190500642,152.57438944686504,0.03619011251764032,-4.265568535625389,-0.07447104786966374,0.0812464900716183,87.95662068586587,0.007263825298778767,-0.002759417054136293,-0.007007300531588788,0.02104798334214575,0.0013101836947214257,-0.001679374081342444,0.009627667642376991
376,0.014104259439670058,152.36234488260286,0.04453755257258276,-4.3055252381298,-0.07123951137383287,0.09874294346913087,87.91707046268802,0.02121212779074241,152.3597019221874,0.03493601298227313,-4.2975938568478576,-0.06915934344094588,0.09855936786333264,87.9345020871107,0.007107868351072352,-0.0026429604154429853,-0.009601539590309627,0.007931381281942151,0.0020801679328869976,-0.00018357560579823629,0.017431624422684422
377,0.016249282178003338,152.14870823944608,0.04175635304337003,-4.239935591116992,-0.06589287967075895,0.11512232465382592,87.88175563542407,0.0072868440510272525,152.14258745538015,0.03529468247950709,-4.231595219555231,-0.0664817019904187,0.11512829783628463,87.8971467033619,-0.008962438126976086,-0.0061207840659278645,-0.006461670563862945,0.008340371561760485,-0.0005888223196597459,5.97318245870726e-06,0.015391067937827074
378,0.0183664551225829,151.93621000084877,0.0434036299963802,-4.259974736995916,-0.05981662501871352,0.12792786142799129,87.85191129906481,0.01441940729178704,151.92509172223953,0.049743650556169805,-4.26054484297691,-0.058431123462447054,0.12663468691198654,87.86537637289862,-0.00394704783079586,-0.011118278609245635,0.006340020559789605,-0.0005701059809943843,0.0013855015562664677,-0.001293174516004747,0.01346507383381379
379,0.02041858219068838,151.7227450597872,0.03920130985657316,-4.2786002781918375,-0.05317051532884145,0.13791652616689165,87.82198166815814,0.014364467535935056,151.72741354879471,0.030006518811568857,-4.280584063647927,-0.05160863769965074,0.13749193105805815,87.83223376065914,-0.006054114654753324,0.004668489007514154,-0.009194791045004307,-0.0019837854560895707,0.0015618776291907097,-0.0004245951088334976,0.010252092500991239
380,0.022159577203864262,151.5104463219248,0.03109462600220283,-4.21333728271859,-0.046047864161848924,0.1469895205128093,87.78669998451092,0.020127870993348264,151.51020445689113,0.01621162999196916,-4.210627536418011,-0.047561018695982504,0.14683186046168878,87.7992435442945,-0.002031706210515998,-0.00024186503367218393,-0.014882996010233667,0.0027097463005789635,-0.0015131545341335803,-0.0001576600511205284,0.01254355978358035
381,0.023563654525677418,151.29926697304734,0.025653428665888364,-4.233811541794252,-0.038541527248653236,0.15326395601501816,87.75689376248941,0.0257668504930685,151.3011658060994,0.023521234056383945,-4.2378665093975885,-0.03868658596730734,0.15292126317418586,87.7724254013121,0.002203195967391082,0.0018988330520528507,-0.0021321946095044196,-0.004054967603336124,-0.00014505871865410497,-0.00034269284083229823,0.015531638822693594
382,0.02465353918683538,151.08709687340746,0.018547800199348444,-4.252963514636697,-0.030796879873853534,0.1565219389769699,87.72700659812524,0.022034238878002807,151.08502104046093,0.017519360954639414,-4.250739924650622,-0.03059109433750118,0.15739806708285742,87.74309436349235,-0.002619300308832572,-0.002075832946530909,-0.0010284392447090299,0.0022235899860749697,0.00020578553635235489,0.0008761281058875248,0.016087765367103657
383,0.025246357440817102,150.87605553272573,0.005887403072762537,-4.1886700057618755,-0.022953988264028134,0.1571937254160461,87.69179587037716,0.013549313789594477,150.87253910230544,0.012411310900715124,-4.20665556061519,-0.022588847480604635,0.15792573809787366,87.70132101699203,-0.011697043651222625,-0.003516430420290817,0.006523907827952587,-0.017985554853314767,0.0003651407834234996,0.0007320126818275707,0.009525146614862479
384,0.025194588442291135,150.66611406036247,-0.00735017148567705,-4.208954578082781,-0.01514512952343882,0.15516062420752638,87.6619813872475,0.02911445503398575,150.67046941206908,-0.004908486840335548,-4.201432794945905,-0.014657371841293454,0.15550320434316572,87.67113714396496,0.0039198665916946145,0.00435535170660728,0.002441684645341502,0.007521783136875904,0.00048775768214536636,0.0003425801356393421,0.009155756717461827
385,0.024434257312857074,150.45515637664963,-0.02246767742785561,-4.229316481117013,-0.007501516730160659,0.15058388752360005,87.63217490024084,0.027846359141640263,150.4599391132905,-0.017464967500556455,-4.223409636711011,-0.008426878725083409,0.14978568673598266,87.63843327581364,0.0034121018287831886,0.004782736640862595,0.005002709927299155,0.005906844406001532,-0.0009253619949227496,-0.0007982007876173869,0.0062583755727985135
386,0.02331640273272329,150.2432154806481,-0.021656277952681487,-4.248303348947727,5.6333583650061865e-05,0.1517301250288288,87.60230264735424,0.033416826206569314,150.23801561597287,-0.023284497465297184,-4.250324112764952,0.001061751683616663,0.15220128354937898,87.60458846492334,0.010100423473846022,-0.005199864675233812,-0.0016282195126156966,-0.0020207638172253795,0.001005418099966601,0.0004711585205501856,0.0022858175691027327
387,0.022142773117783277,150.0324308967722,-0.024595344201074783,-4.1830739216639,0.007583964621507969,0.1493751164854875,87.56706522810465,0.021143867749132593,150.03249665373542,-0.025406360933913543,-4.184420203993736,0.005564834458610335,0.14943614839120029,87.572283086398,-0.0009989053686506842,6.575696320965108e-05,-0.0008110167328387596,-0.0013462823298358018,-0.002019130162897634,6.103190571277173e-05,0.005217858293349309
388,0.02085151900327823,149.82276799197587,-0.026479753738679855,-4.203422727118956,0.014967552823470235,0.1459684115930032,87.53728596203216,0.01921576524112024,149.80996241645084,-0.01028066154187919,-4.197571665744376,0.016137262116855844,0.1459301125030759,87.53637298437033,-0.0016357537621579897,-0.012805575525021595,0.016199092196800664,0.005851061374579913,0.0011697092933856089,-3.829908992730724e-05,-0.0009129776618266305
389,0.01941540139128968,149.61210568115496,-0.030408501635701607,-4.2230455216825815,0.02209327064936191,0.1390603014426638,87.5074647265916,0.01222796221431691,149.60192198914612,-0.04020660685458463,-4.229468080574701,0.020304871124032342,0.13753567447621345,87.50289576587478,-0.00718743917697277,-0.010183692008837397,-0.009798105218883024,-0.006422558892119845,-0.0017883995253295676,-0.0015246269664503376,-0.004568960716824222
390,0.018206819101567365,149.40256925889068,-0.01729565344081358,-4.158423926723041,0.029034567283715704,0.138591563931488,87.47227232006054,0.010804272030665963,149.39973786142517,-0.026874129659156074,-4.155481886112583,0.030023921290439848,0.13998368258341223,87.47196452864766,-0.007402547070901402,-0.002831397465513419,-0.009578476218342492,0.0029420406104581076,0.0009893540067241434,0.0013921186519242346,-0.00030779141287951006
391,0.01757089682355857,149.19411934771912,-0.007611293013963946,-4.179563675920768,0.03587265564800031,0.1349319706398963,87.44255306392745,0.011348033162789676,149.17995224303996,0.00328777255168931,-4.173772304728643,0.03687002408044249,0.13470138551277894,87.44416192613787,-0.006222863660768895,-0.014167104679160047,0.010899065565653256,0.005791371192125361,0.0009973684324421778,-0.0002305851271173498,0.001608862210417783
392,0.017492785851147826,148.98463795694894,0.00499672467897678,-4.199681014191008,0.04246977084540641,0.12895263725634765,87.41277680638281,0.023115245312515544,148.97712257634083,-0.005546468090751648,-4.211197763532403,0.043437435725474316,0.12936169668499536,87.4171933556871,0.005622459461367718,-0.007515380608111855,-0.010543192769728428,-0.011516749341394572,0.0009676648800679075,0.0004090594286477178,0.0044165493042953585
393,0.01789617838292659,148.77626555609802,0.011709363197937018,-4.135217300412393,0.048679304392248705,0.1194287046173443,87.37761887147664,0.02340360004838552,148.76717828895954,0.014376469436861366,-4.151849331696861,0.04866938103306451,0.11925549416543982,87.3812375216862,0.005507421665458933,-0.009087267138482957,0.002667106238924348,-0.016632031284468773,-9.923359184198233e-06,-0.00017321045190447915,0.0036186502095603146
394,0.01853267087220544,148.56898607686358,0.014195893551191276,-4.155947887816677,0.054407288116956234,0.10969064437095702,87.34788959370756,0.016617811256874695,148.57899881983855,-0.003238827182596958,-4.159742914440433,0.054152086180160985,0.10946442021367195,87.35544099289189,-0.001914859615330746,0.010012742974964794,-0.017434720733788232,-0.0037950266237558594,-0.00025520193679524905,-0.00022622415728507095,0.007551399184322349
395,0.01933983020531102,148.3606835200734,0.018494995432987625,-4.176139424000435,0.05960795080701736,0.09833586323148807,87.31813286898341,0.023864665899990166,148.36354300356945,0.019597398144364734,-4.171164116926875,0.05863958226010402,0.10136436152027692,87.3259271668232,0.004524835694679145,0.002859483496052917,0.0011024027113771089,0.004975307073559421,-0.0009683685469133452,0.0030284982887888445,0.00779429783979424
396,0.02030441646047258,148.1513888831399,0.020446882245732195,-4.195630271196872,0.0642032678569788,0.0854768187669693,87.28833827841005,0.018548685626955358,148.14615632074685,0.01537661960375495,-4.198944696886403,0.06456521508875657,0.08730737118939491,87.30013534879244,-0.001755730833517221,-0.0052325623930471465,-0.005070262641977245,-0.0033144256895312196,0.000361947231777765,0.0018305524224256076,0.011797070382385755
397,0.021307974974147905,147.94322534264248,0.020049227557123524,-4.130908445961453,0.06804584618712876,0.06822631443902896,87.25318840863066,0.020840009333216798,147.9327311260762,0.01461663337642824,-4.124628273617553,0.06836062291840594,0.0688288119611303,87.26657338641338,-0.00046796564093110754,-0.01049421656628624,-0.005432594180695284,0.006280172343900325,0.0003147767312771804,0.0006024975221013418,0.013384977782720853
398,0.02228429563082765,147.73615081879038,0.019238523615922605,-4.15205486830316,0.07106694849806057,0.052617777998243104,87.22350580535276,0.03018539168273323,147.74350985298548,0.009537853060565569,-4.149965491386549,0.07051781113120992,0.053813367878640196,87.23608168736293,0.00790109605190558,0.007359034195104641,-0.009700670555357036,0.002089376916610597,-0.0005491373668506522,0.0011955898803970924,0.012575882010168016
399,0.023221462965558912,147.5280505937761,0.018421719229207465,-4.171936835393513,0.0732931339467405,0.03642963994895422,87.1937492935743,0.023102374830960497,147.5409380678934,0.023061514535958262,-4.177529079991753,0.07158991423896488,0.03538037097866993,87.20576865941695,-0.00011908813459841558,0.012887474117292186,0.004639795306750797,-0.005592244598239482,-0.0017032197077756217,-0.0010492689702842894,0.01201936584264729
400,0.024141184848776257,147.3210593430396,0.018490278556703776,-4.107710244178263,0.07463162703701703,0.017110083662107357,87.1586467478952,0.025527222588549895,147.31932406057675,0.026192712731247705,-4.0932782072549925,0.07445028214471083,0.017244106801732776,87.17468396304098,0.0013860377397736379,-0.001735282462846044,0.007702434174543929,0.014432036923270886,-0.0001813448923062011,0.00013402313962541934,0.016037215145772166
401,0.025074251683087877,147.1151238441084,0.018865652474469106,-4.129692300379649,0.07506079282338995,5.654779280930486e-05,87.12903028792012,0.031329609047723694,147.11449490500968,0.0002642910964437209,-4.118934228021691,0.07327840133338626,0.0007619633025795658,87.14964374416019,0.006255357364635818,-0.0006289390987319621,-0.018601361378025386,0.010758072357957893,-0.0017823914900036986,0.000705415509770261,0.020613456240070605
402,0.02608281508285688,146.9081219552182,0.021444601477111875,-4.150366175003314,0.07465253443484793,-0.016386883334490194,87.09933737955373,0.027382393612749342,146.90968281180028,0.038557806003589004,-4.162436347729813,0.0743406688599495,-0.017492661550091215,87.12240502611762,0.0012995785298924624,0.001560856582074166,0.01711320452647713,-0.01207017272649935,-0.0003118655748984289,-0.0011057782156010214,0.023067646563887934
403,0.027153045943419073,146.70220624256342,0.02124384765291901,-4.086259729046797,0.0733389287618847,-0.03615734358403845,87.06425831006555,0.03676804853177418,146.68884626612592,0.02853893133523004,-4.095047248207385,0.0728742564951812,-0.036359775525318154,87.08728370169273,0.009615002588355105,-0.0133599764374992,0.007295083682311031,-0.008787519160588175,-0.0004646722667035058,-0.00020243194127970293,0.023025391627172098
404,0.02827390679393278,146.49735835961735,0.02341854771789945,-4.107638625646377,0.07113100145720098,-0.052159748603310505,87.03461683216977,0.03490417364759426,146.49742194335758,0.017825757816048664,-4.112702669432744,0.0713278850400405,-0.054075326417316626,87.05324648987177,0.006630266853661481,6.358374022852331e-05,-0.005592789901850786,-0.005064043786367378,0.00019688358283952156,-0.001915577814006121,0.018629657701993096
405,0.029469097894490884,146.2914648102647,0.024156155729284673,-4.128086403875151,0.06814086882519772,-0.06744555667681988,87.0049227137245,0.03263356358855509,146.28677830224862,0.018513569718003105,-4.1296987822175595,0.06829907390543388,-0.06785215671052945,87.02142398113043,0.003164465694064207,-0.0046865080160785055,-0.0056425860112815675,-0.0016123783424086824,0.00015820508023615953,-0.0004066000337095699,0.016501267405928388
406,0.030739783574953453,146.086636546055,0.026323180138818278,-4.065040488697835,0.06435188011440487,-0.08411399175489423,86.96992701062622,0.038996025432848413,146.08721396280217,0.047908460150616616,-4.074779897413554,0.06513100444776487,-0.0843755998439689,86.98343964880485,0.008256241857894961,0.0005774167471770397,0.02158528001179834,-0.009739408715718767,0.0007791243333599984,-0.0002616080890746747,0.013512638178625025
407,0.032104519885699734,145.8828395541388,0.027914248266357456,-4.08682116666167,0.05982075518615973,-0.09713100537491157,86.94032422108249,0.031796076349900795,145.87960295714123,0.029290671220192632,-4.08536312279741,0.06110046783986611,-0.09693368344293118,86.9571701754943,-0.00030844353579893846,-0.003236596997567176,0.0013764229538351762,0.0014580438642601834,0.001279712653706383,0.00019732193198038206,0.016845954411806474
408,0.03358829674267795,145.6779700092423,0.03103644898376822,-4.107941687928314,0.05467692498950286,-0.1086222024913631,86.91068580686297,0.02598125652866904,145.67786250068139,0.03453609116914746,-4.083124640544305,0.05489087942132631,-0.11009832875984989,86.92433983923259,-0.00760704021400891,-0.00010750856091590322,0.003499642185379237,0.02481704738400836,0.00021395443182344737,-0.0014761262684867826,0.013654032369615265
409,0.03531865234585349,145.47204645101866,0.03773596567142355,-4.128979511628811,0.049012611218027746,-0.11795034836764164,86.88104774827877,0.031235040900210988,145.47108545417908,0.0650330908040156,-4.131866077088198,0.04741584123244014,-0.11822602201264368,86.89606922693076,-0.004083611445642503,-0.00096099683958073,0.027297125132592054,-0.002886565459387036,-0.0015967699855876094,-0.00027567364500204194,0.015021478651988218
410,0.03693532393556323,145.26719394277777,0.026349284464885346,-4.065129903205855,0.04268579464434034,-0.1351223145798548,86.84601681918694,0.03612447310604306,145.27402630284445,0.01272395918595235,-4.069486426272783,0.04182095832869237,-0.13434611888394749,86.8591891498426,-0.0008108508295201697,0.006832360066681531,-0.013625325278932995,-0.00435652306692802,-0.0008648363156479669,0.0007761956959073113,0.0131723306556637
411,0.03848439921094375,145.06340215938943,0.03507876766454121,-4.086514882996881,0.03581166155611116,-0.13984300894931231,86.81640409802479,0.037565537830248186,145.0685270052666,0.016141645478171127,-4.094157480484122,0.03518805274039538,-0.13894651335548175,86.83019383710152,-0.0009188613806955653,0.005124845877162443,-0.018937122186370083,-0.007642597487240721,-0.0006236088157157774,0.0008964955938305652,0.01378973907672787
412,0.0405361212001199,144.860633703339,0.046342004371297076,-4.024206519186551,0.028745233053653244,-0.14281413114900424,86.7814796532946,0.035725959641369584,144.8521417745711,0.059658396638809195,-4.018741375420582,0.02798902332077713,-0.14252852874584868,86.79069369072876,-0.004810161558750317,-0.00849192876790994,0.01331639226751212,0.0054651437659689606,-0.0007562097328761147,0.0002856024031555604,0.009214037434162492
413,0.04233880730080671,144.6588319214386,0.025184126204467847,-4.047874170338034,0.02121876837372325,-0.15824445604819556,86.75199190914802,0.04523693290721019,144.6571132975209,0.018767836170520344,-4.036078613580285,0.022785375807402808,-0.15824016272815114,86.76011228104116,0.0028981256064034774,-0.0017186239176965046,-0.006416290033947503,0.011795556757748571,0.0015666074336795587,4.293320044423954e-06,0.008120371893141964
414,0.04391175595187682,144.4558776559684,0.037122955869674325,-4.070263772124379,0.013349387676389251,-0.15653077184516434,86.72245171412972,0.04287611354623848,144.45101982563645,0.03460967207916353,-4.092119920809087,0.013387848089932763,-0.1568904570475308,86.72750763930144,-0.0010356424056383387,-0.004857830331957302,-0.002513283790510794,-0.021856148684707755,3.846041354351251e-05,-0.0003596852023664554,0.00505592517171749
415,0.04577295491129307,144.25393674315828,0.03659889171433927,-4.007372173786138,0.005437669061713309,-0.15993797274187335,86.68751374903364,0.05302643102236471,144.2482165561683,0.0285206000821787,-4.012646130991403,0.0058003545692022485,-0.16026322220396008,86.69005606745758,0.00725347611107164,-0.005720186989975673,-0.008078291632160568,-0.005273957205265134,0.0003626855074889395,-0.00032524946208672967,0.0025423184239343755
416,0.047616071569436216,144.0529937795986,0.03650544501880858,-4.030329174960131,-0.0025684160381023134,-0.16030543125075158,86.65802576119478,0.0456899377981305,144.04492599030465,0.04156353495836728,-4.032440179866058,-0.003103067693128736,-0.15909015293934656,86.65959337830498,-0.0019261337713057172,-0.008067789293960459,0.005058089939558703,-0.002111004905927416,-0.0005346516550264226,0.001215278311405027,0.0015676171101972614
417,0.04912686439536283,143.8509242168945,0.023295512579715065,-4.052455121872384,-0.010711247190922372,-0.16540781486205072,86.62847826930374,0.04966497389497065,143.85865796595894,0.007759046648907437,-4.0496766102781345,-0.010673289359218074,-0.16506185932937206,86.62585044713019,0.0005381094996078153,0.007733749064442463,-0.015536465930807628,0.0027785115942497995,3.795783170429737e-05,0.0003459555326786601,-0.0026278221735509533
418,0.05041970025862567,143.64777530027706,0.027784314088579266,-4.073478830763782,-0.018852786041198444,-0.16025373914899207,86.59887962524007,0.049724481176903285,143.65510811551397,0.02962537819574519,-4.064990651310702,-0.017681232829469096,-0.15988585315024154,86.59177424296547,-0.0006952190817223827,0.007332815236907209,0.0018410641071659253,0.00848817945307978,0.0011715532117293481,0.00036788599875053896,-0.007105382274602334
419,0.05149664469981309,143.4456553172211,0.014558385569818574,-4.0113348484071105,-0.026874332103532135,-0.16060810334435563,86.56400259681354,0.04937661436082417,143.4564442681459,-0.0028850382668480397,-4.010492033796096,-0.027738652271768416,-0.1624547897445676,86.55795809545984,-0.002120030338988922,0.010788950924791152,-0.017443423836666614,0.0008428146110146528,-0.0008643201682362808,-0.001846686400211961,-0.006044501353699161
420,0.05208681346616046,143.24452706938595,0.008432417351818598,-4.0337879171069275,-0.03482645196675691,-0.15747669118463553,86.53449861524314,0.048174899040590996,143.2402974633905,0.016483544769174237,-4.032675996128928,-0.036163995672117366,-0.15926600911521124,86.52833303796322,-0.003911914425569464,-0.0042296059954480825,0.00805112741735564,0.0011119209779995032,-0.0013375437053604541,-0.0017893179305757123,-0.006165577279915624
421,0.05239341318066632,143.04230570772825,0.003230896726534471,-4.055056732254172,-0.042555820021442474,-0.15169803100278684,86.50492791816318,0.0495581860469213,143.0479960198132,-0.0058151456859018985,-4.054035297475614,-0.0423923765901808,-0.15255708349773678,86.49582749998335,-0.0028352271337450247,0.005690312084965399,-0.00904604241243637,0.0010214347785586497,0.00016344343126167143,-0.0008590524949499412,-0.009100418179826875
422,0.0525282742366898,142.84111063061874,0.0014896246672678234,-3.992749776849302,-0.04991014177581945,-0.14247483917229223,86.47006506312592,0.04967822740486804,142.8470567531185,-0.01828144881390221,-3.998722156583928,-0.049950195697344935,-0.14355250544622922,86.46316591456245,-0.0028500468318217592,0.005946122499750572,-0.01977107348117003,-0.005972379734625832,-4.005392152548609e-05,-0.001077666273936989,-0.0068991485634626315
423,0.052591610753936896,142.6409126261368,0.0005111581562347821,-4.015156491481449,-0.05677861876589641,-0.13226424043078622,86.4405749476413,0.04238499826099558,142.65061208830988,0.010106938312863273,-4.021353826110512,-0.05729289039230956,-0.13088203944650392,86.43709165643979,-0.010206612492941317,0.00969946217307438,0.009595780156628491,-0.006197334629063356,-0.0005142716264131472,0.0013822009842822947,-0.0034832912015048123
424,0.052603175396839306,142.4416813232774,-0.0006202193957316978,-3.954093455443735,-0.06302740479644642,-0.11768720079121381,86.40580141593561,0.039626671199771354,142.45125731319715,-0.002881766838740295,-3.9610441668477,-0.06341125138188719,-0.11878181530708318,86.40718460419698,-0.012976504197067952,0.009575989919738959,-0.0022615474430085973,-0.00695071140396486,-0.00038384658544077244,-0.0010946145158693688,0.0013831882613715152
425,0.05257943203130104,142.24338395431204,-0.0007572622767190564,-3.9777838648522006,-0.06855596465112733,-0.10345519339602276,86.37640027095689,0.05682993038243876,142.25565997304534,-0.004778081758592623,-3.9759044505924117,-0.06860014120606506,-0.10380400500856624,86.37644753503409,0.0042504983511377215,0.012276018733302863,-0.004020819481873566,0.0018794142597888808,-4.417655493772765e-05,-0.0003488116125434787,4.726407719601866e-05
426,0.05257393388187696,142.0439226738562,0.00016692548500951763,-4.000649372880901,-0.0733350211455783,-0.08770706638201588,86.34695344908097,0.055917095409423155,142.04383303410685,-0.005026089876233592,-4.0110921764643255,-0.07279203392322087,-0.08761697549080666,86.34919565335264,0.0033431615275461984,-8.963974934772523e-05,-0.00519301536124311,-0.010442803583424087,0.0005429872223574328,9.009089120921854e-05,0.002242204271666992
427,0.05265424205253109,141.84541899661565,0.002689574335877227,-3.9394928102619673,-0.07722057060586822,-0.06771491202958083,86.31219037858375,0.04711944676305289,141.85782402202932,-0.004391892084485212,-3.935203648579857,-0.07634324068112752,-0.06910135623677892,86.31185425465125,-0.0055347952894782,0.0124050254136705,-0.007081466420362439,0.004289161682110354,0.0008773299247406968,-0.0013864442071980926,-0.0003361239324988219
428,0.05298304182673865,141.6478361687138,0.010233011016376572,-3.963801888292774,-0.08016032208032363,-0.049875146948635644,86.2828418614233,0.042313659735680284,141.65117747162319,0.010015842616959104,-3.9619660215409076,-0.07971565446240314,-0.05030322569076502,86.27671137042823,-0.010669382091058367,0.003341302909376509,-0.00021716839941746807,0.0018358667518665328,0.00044466761792048837,-0.0004280787421293772,-0.006130490995062132
429,0.0536928287010291,141.4490710688639,0.01799929449953024,-3.9867839355263395,-0.0821858719072823,-0.03114684612971128,86.25341577078214,0.047397464111549235,141.44110132664554,0.023980304633382826,-4.004108686791747,-0.08192191485809852,-0.031238850373748683,86.24744849322785,-0.0062953645894798654,-0.007969742218364217,0.005981010133852587,-0.017324751265407112,0.00026395704918377727,-9.200424403740456e-05,-0.0059672775542907175
430,0.05467595636842405,141.25126581489027,0.021235156960569133,-3.925421819187266,-0.08317702697787958,-0.008499356694179928,86.21865563467205,0.048952303854284285,141.24542954012517,0.010821183931371985,-3.924152606235469,-0.08266939100210013,-0.007191501504498571,86.21295612106002,-0.005723652514139768,-0.005836274765101734,-0.010413973029197148,0.0012692129517972717,0.0005076359757794496,0.0013078551896813576,-0.00569951361202925
431,0.055886427248434616,141.05438698785784,0.027186494463191366,-3.9497137998617133,-0.08312340421203128,0.010644267328112002,86.18931947784932,0.05225276839729746,141.04665161257768,0.03158303614335682,-3.92824601985035,-0.08320479713721118,0.010196762588013194,86.18807206920943,-0.0036336588511371587,-0.007735375280162771,0.0043965416801654555,0.021467780011363402,-8.139292517990449e-05,-0.00044750474009880824,-0.0012474086398981399
432,0.05732156813112187,140.85630321354353,0.03029691908598687,-3.9736201640749185,-0.08211487242343592,0.02969700421570261,86.15996554582865,0.05148863725414779,140.8535209615808,0.03635734319169767,-3.968812833608132,-0.08306486906636401,0.030527122833907204,86.16318496777495,-0.005832930876974077,-0.0027822519627136444,0.006060424105710803,0.004807330466786386,-0.0009499966429280943,0.0008301186182045929,0.0032194219462979845
433,0.05896430574315772,140.65707237818722,0.03556346666881384,-3.995596980790029,-0.08015886112316375,0.0485434477951838,86.13049609376344,0.05866149384206975,140.66081583791822,0.04117102928731051,-4.0053371170112175,-0.0809505655029854,0.04769232479758763,86.13583913653977,-0.0003028119010879682,0.003743459730998211,0.005607562618496667,-0.009740136221188411,-0.0007917043798216505,-0.0008511229975961682,0.005343042776331686
434,0.060790523649127036,140.45884883422224,0.03775637145162131,-3.9333422242370784,-0.07720206443072855,0.06972841990222456,86.09570355235269,0.049337645719810794,140.4535053283844,0.03285979770871365,-3.9351955934076654,-0.0769797969711088,0.07001102231617229,86.10415110333675,-0.011452877929316242,-0.005343505837828388,-0.004896573742907653,-0.0018533691705870936,0.00022226745961975714,0.0002826024139477301,0.008447550984058694
435,0.0627773819963289,140.26160389503178,0.04201883401020359,-3.956438269318954,-0.07330511460485638,0.08614957313266232,86.06631229177547,0.06494190097652461,140.25975394028248,0.04568030988520939,-3.9556965511571245,-0.07336499458532986,0.08635314983381466,86.07782894358172,0.0021645189801957065,-0.0018499547493036061,0.0036614758750057944,0.0007417181618296631,-5.987998047347898e-05,0.0002035767011523415,0.011516651806246614
436,0.06489625211350696,140.0632309629881,0.043099430737146636,-3.978461288586525,-0.06862198258679386,0.10117570758983857,86.03685968609433,0.06764807375346266,140.06615348278356,0.04307883429323318,-3.954813847037428,-0.0688038509069,0.10156171226225216,86.04709599542797,0.002751821639955701,0.002922519795475864,-2.0596443913459273e-05,0.02364744154909726,-0.00018186832010613774,0.0003860046724135924,0.010236309333635063
437,0.06699015278302997,139.86581566982125,0.04115491365606529,-3.9181443737802755,-0.06316941001263336,0.11692719537658149,86.00220583592267,0.06781071019483421,139.86969305749167,0.027473817514619227,-3.9128666806071224,-0.06160075159347356,0.1170149742806363,86.01588759186936,0.000820557411804243,0.003877387670428334,-0.01368109614144606,0.005277693173153075,0.0015686584191598046,8.777890405481381e-05,0.013681755946691965
438,0.06895078131997301,139.6693185090467,0.03774420062503568,-3.94172015028105,-0.05705044167923098,0.127831537959514,85.97285713060002,0.06266912114968091,139.66778026145843,0.051706836104105106,-3.928863770376935,-0.055741810571083406,0.12808653144594878,85.9845641877755,-0.006281660170292094,-0.0015382475882574909,0.013962635479069424,0.012856379904115034,0.0013086311081475718,0.00025499348643479025,0.011707057175485147
439,0.07068481924901349,139.47166399357087,0.032130332548776945,-3.9644365697902835,-0.050438391527176774,0.13665046812265402,85.94345955616879,0.07078439177917056,139.47914440769125,0.03460361687084639,-3.9717580237242682,-0.050273176049673296,0.13650592950572116,85.96025939882179,9.957253015707712e-05,0.007480414120379919,0.0024732843220694467,-0.007321453933984756,0.00016521547750347754,-0.00014453861693286552,0.016799842653000496
440,0.07205896526729696,139.27498431357807,0.023481058383356505,-3.902737404675772,-0.043398910807557936,0.14492876066209961,85.90873125614215,0.07650259897675563,139.26614569362584,0.013500139565901433,-3.883708927826852,-0.04179196846612321,0.14396343084169666,85.92408271645509,0.004443633709458661,-0.00883861995222901,-0.009980918817455072,0.01902847684891995,0.0016069423414347278,-0.0009653298204029548,0.015351460312942322
441,0.07298507366011574,139.07923700754046,0.014131306324225367,-3.92712594122393,-0.03604670486996116,0.1491594768417715,85.87944291237682,0.062161084411254314,139.0660344607843,0.01549476179959691,-3.947204390255941,-0.035628354009451524,0.14896224580095332,85.89056747954261,-0.010823989248861424,-0.013202546756161837,0.0013634554753715437,-0.020078449032010948,0.00041835086050963366,-0.00019723104081817433,0.01112456716579402
442,0.07346317597015067,138.8843988651278,0.005682764605228489,-3.866380450649311,-0.02852344756913359,0.15177081519133118,85.8447790787075,0.07330666168621289,138.8901716515363,0.016919506730438932,-3.8799497616676413,-0.028575620672552482,0.1515613579800441,85.86014162552226,-0.00015651428393778644,0.005772786408499542,0.011236742125210444,-0.013569311018330144,-5.2173103418890615e-05,-0.0002094572112870674,0.015362546814756683
443,0.07356165371578897,138.6904707933132,-0.0011555781804453106,-3.8907101390307877,-0.020938155931787952,0.15164085030249438,85.81549071474612,0.09040557074023436,138.69501971002907,0.0034314385328425073,-3.8910144560347195,-0.01947026540153063,0.15165647089273418,85.82750877557937,0.01684391702444539,0.004548916715862106,0.004587016713287818,-0.00030431700393185324,0.0014678905302573236,1.562059023979545e-05,0.012018060833256072
444,0.07312743779416837,138.49534065020143,-0.01563215120668309,-3.914459998638331,-0.013432561648233098,0.14858292103969975,85.78616732659484,0.087958934498701,138.48904314184762,-0.03477411432857235,-3.900078837950526,-0.012977758599210354,0.1482196286512584,85.79329251148759,0.014831496704532626,-0.006297508353810599,-0.01914196312188926,0.014381160687805039,0.00045480304902274435,-0.0003632923884413497,0.007125184892757375
445,0.07236327595498854,138.29904364859624,-0.014353625488746965,-3.9374040816276445,-0.005939234993223533,0.15115014516068287,85.75681396464147,0.08590272188487555,138.29367126962651,-0.003101308951948375,-3.9396741688649906,-0.006002687696573972,0.15053399255939587,85.76532460309252,0.013539445929887012,-0.005372378969724423,0.01125231653679859,-0.002270087237346008,-6.345270335043895e-05,-0.0006161526012870011,0.008510638451056707
446,0.07115926356959452,138.1036956930118,-0.03313319697879015,-3.876485601993676,0.001400533632674018,0.14244059987521918,85.72214849895192,0.07130465648342563,138.10139962159246,-0.037403951114660265,-3.864730114747255,0.0025914675301326184,0.14159230227847128,85.73740925649089,0.0001453929138311022,-0.002296071419323198,-0.004270754135870115,0.011755487246420948,0.0011909338974586004,-0.000848297596747899,0.01526075753896805
447,0.06986873797967703,137.909262945,-0.017929812290314658,-3.9008231240738978,0.008651614506271664,0.14760263506868665,85.69287798472905,0.06927256765927292,137.91349577941827,-0.02303783535728482,-3.897621763483899,0.007729253528745872,0.1468898911028837,85.70484277399665,-0.000596170320404113,0.004232834418274933,-0.005108023066970162,0.0032013605899985365,-0.0009223609775257918,-0.0007127439658029533,0.011964789267594256
448,0.0693781016082601,137.71570485022897,-0.001015567664785371,-3.8415154533114757,0.01613186132107823,0.151607237523576,85.6583324926565,0.07357407419326772,137.70836507728447,0.02442789324605751,-3.8418153021995916,0.017323070997256274,0.1513932481964376,85.66668211628672,0.004195972585007618,-0.00733977294450483,0.02544346091084288,-0.0002998488881158501,0.0011912096761780427,-0.00021398932713839747,0.008349623630223846
449,0.06876245302489084,137.52299251927997,-0.023052272102985466,-3.866932474900582,0.02333854610780043,0.13666015394531195,85.62911348781314,0.07122307013152099,137.52433118571602,-0.00996737548630819,-3.8516193304559416,0.022413025700066758,0.13877727925193534,85.63341486187112,0.0024606171066301474,0.0013386664360552913,0.013084896616677276,0.015313144444640159,-0.0009255204077336723,0.002117125306623391,0.004301374057973817
450,0.06783259383958684,137.329037071758,-0.013616805080974235,-3.891278824668445,0.03013861737669757,0.13534269681057354,85.59986356935053,0.0635867945794622,137.32173698536837,-0.01042931452915554,-3.8950922701523427,0.029966195746969237,0.13670265227465506,85.611159097252,-0.004245799260124639,-0.007300086389619764,0.0031874905518186943,-0.003813445483897837,-0.00017242162972833097,0.0013599554640815192,0.01129552790146704
451,0.06735796653783073,137.13597088389054,-0.004760243757806043,-3.8313741820663094,0.03679599691995655,0.13095248491978578,85.56530615979607,0.07581904845198637,137.1322443551051,-0.01949939690033757,-3.8250653224523523,0.03644701820409546,0.13100292112305595,85.5757711134811,0.008461081914155635,-0.0037265287854495455,-0.014739153142531528,0.006308859613957107,-0.0003489787158610924,5.0436203270165514e-05,0.01046495368503031
452,0.06731401142029028,136.9437740761041,0.003494812878923035,-3.8564872119017,0.04320053586414831,0.12522907284788454,85.53611547132606,0.056865509112347376,136.94481928868228,-0.0033789754084752772,-3.8595430777719235,0.041430969402636464,0.12558816617108398,85.54421738895061,-0.010448502307942906,0.0010452125781910127,-0.006873788287398312,-0.003055865870223329,-0.0017695664615118428,0.0003590933231994442,0.008101917624557586
453,0.0676213359606057,136.75036301962953,0.00926877251058456,-3.879943537405478,0.04927898047555575,0.11790871160841315,85.5068273207464,0.06417240332792785,136.74059102264488,0.01572595785460193,-3.8794627207837635,0.04901933209015352,0.11745728060808289,85.51848928009728,-0.0034489326326778424,-0.009771996984653697,0.006457185344017369,0.0004808166217142862,-0.00025964838540222523,-0.00045143100033026573,0.011661959350888651
454,0.06816640654145788,136.55785962092074,0.013045990946937267,-3.8201914385431737,0.054886385738426025,0.10638749890639791,85.47229979295808,0.07001651559283553,136.5572750088469,0.00671600461599038,-3.8148907473476212,0.05540009398057366,0.10606371825633384,85.48341397420285,0.0018501090513776547,-0.0005846120738510763,-0.006329986330946887,0.005300691195552432,0.0005137082421476369,-0.00032378065006406775,0.011114181244764154
455,0.0688825361731188,136.36622392354835,0.01598684589636102,-3.84522018774035,0.05991466215523118,0.09474355776580834,85.44312008346948,0.07150199111907381,136.36389245733963,0.024882030677556465,-3.853994829254939,0.0604659296756731,0.09659838020435242,85.45097404373281,0.002619454945955002,-0.0023314662087159377,0.008895184781195446,-0.008774641514589288,0.0005512675204419198,0.001854822438544082,0.007853960263332738
456,0.06971931158522617,136.1754331561415,0.017880063229756358,-3.7864059917142256,0.06426082474722328,0.07910294591387548,85.40866162582759,0.08162263332765694,136.17607276918415,0.014266339413375058,-3.7939289492437505,0.06319608746134797,0.07946604614566764,85.41668457228184,0.011903321742430778,0.0006396130426367108,-0.0036137238163813003,-0.00752295752952481,-0.0010647372858753057,0.00036310023179216,0.008022946454246949
457,0.07061979107571612,135.98547136197485,0.018417197170522908,-3.8120485671041666,0.06786857667287183,0.06520713111206643,85.37952812732843,0.07260562759601967,135.98229067149381,0.023608697208370104,-3.8224602251289794,0.06859256392078894,0.06450652627692802,85.38416879838965,0.001985836520303555,-0.003180690481030979,0.005191500037847196,-0.010411658024812809,0.0007239872479171128,-0.0007006048351384103,0.004640671061224566
458,0.07151512033445362,135.79426240256947,0.017618071661782496,-3.836291789420857,0.07074071873190568,0.049678551249287634,85.35031297995127,0.07948666523347758,135.79520730833457,0.028356501351579334,-3.8318592086771557,0.07006298735406347,0.04979467100527996,85.35484970044878,0.007971544899023963,0.0009449057650954273,0.010738429689796838,0.00443258074370112,-0.0006777313778422167,0.0001161197559923291,0.004536720497512192
459,0.07237692220813072,135.601856045072,0.01701554277994107,-3.859944873480794,0.07282734194777969,0.033786377385672965,85.32106727922618,0.08073128730809465,135.61384824657253,0.010581765908315374,-3.851687010714045,0.07301568837990091,0.033653043396796874,85.3221472740297,0.008354365099963929,0.011992201500532929,-0.006433776871625697,0.008257862766749113,0.0001883464321212197,-0.0001333339888760915,0.0010799948035185025
460,0.07317474763653435,135.4103448143053,0.015006969164921745,-3.800499431781134,0.07402741920015993,0.014216712709536495,85.28659279432866,0.07391758923555822,135.40870089639424,0.017520973668221942,-3.8022683143132014,0.0740949442458918,0.013949069223576535,85.29152517861162,0.0007428415990238663,-0.0016439179110534496,0.002514004503300197,-0.0017688825320676393,6.752504573187545e-05,-0.0002676434859599595,0.0049323842829664954
461,0.07388166840967372,135.2197037235161,0.013292465933986334,-3.8251267130720006,0.07432043099001667,-0.0024962411152664454,85.25741558020296,0.06621316258901898,135.21406573752574,-0.0010683550251249958,-3.824146463400665,0.07266310688579924,-0.002318303675861171,85.26585456686477,-0.007668505820654745,-0.005637985990347261,-0.01436082095911133,0.0009802496713353648,-0.001657324104217428,0.0001779374394052743,0.008438986661815306
462,0.07461106721961779,135.02990854550313,0.015828691223250143,-3.7666756720290833,0.07372425710659382,-0.021350714221647478,85.22301308602924,0.0668215674788841,135.01749508564868,0.03699020527593132,-3.7876060459766383,0.07305724006278691,-0.021417432161043328,85.22725748688984,-0.007789499740733688,-0.012413459854457187,0.021161514052681175,-0.020930373947555037,-0.0006670170438069084,-6.671793939585016e-05,0.00424440086059974
463,0.07538554240818097,134.84095036269903,0.015036940557175736,-3.7916344464132434,0.07225551345791602,-0.03739903172546449,85.19386428311938,0.08078994200867716,134.8425819562617,0.008517884671874525,-3.7947608261927632,0.0733415181673891,-0.03817881204373669,85.18786883073716,0.005404399600496185,0.0016315935626778355,-0.006519055885301212,-0.0031263797795197945,0.001086004709473079,-0.0007797803182721941,-0.005995452382222766
464,0.07619316180968144,134.6507556836848,0.01709220529986787,-3.8161358621727444,0.06998836468953908,-0.05328691900961313,85.16469318921199,0.07243869359885245,134.6388084215027,0.021917051634110354,-3.810473939765986,0.07150407521109736,-0.05130795507136566,85.15684170126109,-0.00375446821082899,-0.011947262182104623,0.004824846334242485,0.005661922406758446,0.0015157105215582861,0.001978963938247473,-0.007851487950901515
465,0.07700936296051121,134.4614058611112,0.015272569095017563,-3.7578529132960656,0.0668764254255019,-0.07119065155187401,85.13031775587174,0.07934425577099916,134.45970540338786,0.01866113917758,-3.768795452760975,0.06575696139550269,-0.07136818579117446,85.11950758564592,0.0023348928104879457,-0.0017004577233308282,0.0033885700825624365,-0.010942539464909196,-0.001119464029999212,-0.00017753423930044754,-0.010810170225823867
466,0.07782398249970722,134.27287939808727,0.01701240576887684,-3.783187038322591,0.06298922128058243,-0.08429751424490495,85.1012063730494,0.07206481280789796,134.27451114416817,-0.003530301882090303,-3.7747368579417735,0.06228300781162499,-0.08565092614913633,85.09189037042972,-0.005759169691809257,0.00163174608090344,-0.02054270765096714,0.008450180380817685,-0.0007062134689574395,-0.001353411904231383,-0.009316002619669916
467,0.07875108945236443,134.08309721777488,0.0197237877279189,-3.808080693654886,0.05848067014392792,-0.09604453122127563,85.07207355213872,0.07816763148492505,134.0857157772353,0.013268974094431294,-3.8076182625190538,0.05783551547371246,-0.09840417562314355,85.06585512392918,-0.000583457967439388,0.0026185594604157814,-0.006454813633487605,0.0004624311358321087,-0.0006451546702154545,-0.002359644401867922,-0.006218428209535887
468,0.07986457239165454,133.89415977519994,0.024350153662206775,-3.749408490556054,0.0533757140473369,-0.10815371264236487,85.03768920936774,0.08544998983373463,133.8952666543485,0.017552723960547988,-3.7334111723987586,0.053952070963495746,-0.10839497950711098,85.02923528876116,0.00558541744208009,0.001106879148551343,-0.006797429701658787,0.015997318157295215,0.0005763569161588433,-0.00024126686474611192,-0.00845392060658412
469,0.08139258192654165,133.7060294043633,0.03633265325924459,-3.775784894781416,0.047745345445160424,-0.11706103144469424,85.00865640608873,0.08604851241632497,133.71276747674577,0.028073464876175905,-3.7809262447320915,0.04827535564095964,-0.11596144074787837,84.99756979697835,0.004655930489783314,0.006738072382461269,-0.008259188383068685,-0.005141349950675611,0.0005300101957992145,0.0010995906968158664,-0.011086609110378731
470,0.08337471710645424,133.51663483621502,0.04248595480122382,-3.7999750581395335,0.04171524055585794,-0.12414316412740527,84.97949188097826,0.08621450542199957,133.51470704202384,0.0480374726260923,-3.8001497006564446,0.040470015914865876,-0.12352859006921148,84.96986104650648,0.0028397883155453357,-0.0019277941911752805,0.005551517824868478,-0.00017464251691112764,-0.0012452246409920611,0.0006145740581937897,-0.009630834471778371
471,0.08532012865733962,133.32810579213483,0.03473354682759265,-3.7411925476266665,0.03515291686731987,-0.1383497834141174,84.9451129553451,0.09493150796282902,133.31029083900864,0.01989017789077898,-3.7387739933884743,0.03366874817557042,-0.13758836850177067,84.93383479417363,0.009611379305489401,-0.017814953126190858,-0.014843368936813671,0.002418554238192261,-0.0014841686917494504,0.0007614149123467417,-0.011278161171460965
472,0.0873773158823271,133.14040146326587,0.04701455604629713,-3.7669514302109537,0.028182210712089657,-0.14047846279509102,84.91604955396024,0.0915471142453274,133.13671523002247,0.04310039711793993,-3.7719032492397195,0.029507907731149974,-0.14034102003148094,84.90753620514182,0.004169798363000299,-0.0036862332433997835,-0.0039141589283572045,-0.004951819028765847,0.0013256970190603165,0.00013744276361007945,-0.00851334881841126
473,0.0895486416423125,132.95349754018892,0.03917703937531367,-3.709209933512119,0.020913082678082756,-0.15028665856518497,84.88174719876213,0.09018087574409878,132.9467343780581,0.04675292420335064,-3.706817397601513,0.02121686660829214,-0.14921833335718585,84.87107901843822,0.0006322341017862831,-0.00676316213082373,0.00757588482803697,0.002392535910606064,0.00030378393020938366,0.0010683252079991268,-0.010668180323904153
474,0.09102263082649961,132.767357748467,0.019181058484224984,-3.736390541097797,0.013073903198226015,-0.16328052062908469,84.85275956338,0.09342722319879228,132.76081925340668,0.022773216002306428,-3.7491943085811945,0.011710096025863148,-0.16389243564634268,84.84618450742074,0.002404592372292666,-0.006538495060311789,0.0035921575180814444,-0.012803767483397621,-0.001363807172362867,-0.0006119150172579912,-0.006575055959260112
475,0.09197940780910577,132.57991945298014,0.01845503622683396,-3.7611250014146225,0.0048528865041776465,-0.16556014713285008,84.82365278614849,0.09299444488607478,132.58411754554595,0.006767420634364835,-3.7558821562365092,0.004182019496859368,-0.16627860465985259,84.8219330636458,0.001015037076969011,0.004198092565815159,-0.011687615592469124,0.005242845178113242,-0.0006708670073182783,-0.0007184575270025029,-0.0017197225026848173
476,0.09296689165478544,132.39330208258778,0.020291794988403694,-3.703563402310943,-0.0034184084267385537,-0.16529165010379793,84.78938191448924,0.08662136994653433,132.40094158223397,0.01852785567167462,-3.7122702653524464,-0.002463321383062045,-0.16544409735754623,84.79331573476313,-0.006345521708251117,0.007639499646188597,-0.0017639393167290726,-0.008706863041503254,0.0009550870436765089,-0.00015244725374830015,0.003933820273886113
477,0.09415959270047537,132.20747310789247,0.026782259767529182,-3.7295759952539855,-0.011625185527577473,-0.16297943392975886,84.76036279060574,0.08806400057474094,132.19801756498424,0.031606710001613955,-3.7361636828815503,-0.013888193306720531,-0.16294112553305068,84.76256889538743,-0.006095592125734434,-0.009455542908227699,0.004824450234084773,-0.006587687627564787,-0.0022630077791430583,3.830839670818098e-05,0.00220610478169192
478,0.09525291974901975,132.0203713064769,0.01631898717321463,-3.7544932564514126,-0.019813295102931255,-0.1645449490843925,84.73127391479808,0.09074653395978083,132.00801933525858,0.015408199514769483,-3.753466795538167,-0.019408836428864706,-0.16496965267963162,84.73182826899351,-0.004506385789238926,-0.012351971218322433,-0.0009107876584451471,0.0010264609132457636,0.000404458674066549,-0.00042470359523913426,0.0005543541954295961
479,0.0957742733201874,131.8340938923269,0.003787509830752928,-3.696615157038997,-0.028032078329531966,-0.16420637997963583,84.69699116991792,0.10251159369047601,131.82580107682193,0.008039986614752243,-3.6946921635181105,-0.02892286886019768,-0.16537314589264018,84.70016149889807,0.00673732037028861,-0.00829281550497285,0.004252476783999315,0.001922993520886429,-0.0008907905306657152,-0.0011667659130043528,0.003170328980147019
480,0.09585914805466181,131.64860445419745,-0.001017158977370208,-3.722955110620173,-0.036158926717994685,-0.1608675555588731,84.66800287896771,0.089765440993253,131.648967275306,0.006818340514944874,-3.7212630336139747,-0.03787433448842936,-0.16009067769586266,84.67670839602583,-0.006093707061408812,0.00036282110855268,0.007835499492315082,0.0016920770061981116,-0.0017154077704346765,0.00077687786301045,0.008705517058118062
481,0.09569324450088788,131.46183192115453,-0.006227988151719929,-3.7479356265532697,-0.044047498815794936,-0.15467532835313685,84.63893797436556,0.10186934464422247,131.4533626091137,-0.018929437202808267,-3.7376133505195868,-0.04437767965866257,-0.15440187505118735,84.6475687291748,0.006176100143334584,-0.008469312040830346,-0.012701449051088338,0.010322276033682964,-0.00033018084286763616,0.0002734533019495,0.008630754809232144
482,0.09532979044038732,131.27587952297054,-0.008991222699710578,-3.690161361264773,-0.051536915698442806,-0.14490134695277784,84.6046857998648,0.09441918733941052,131.27552007604154,-0.014376438823757179,-3.703475501238131,-0.05282574503914628,-0.1451119570911029,84.61573594749665,-0.0009106031009768062,-0.00035944692899647634,-0.005385216124046601,-0.013314139973358063,-0.0012888293407034707,-0.00021061013832504583,0.011050147631848972
483,0.094837847590231,131.09073539020164,-0.011224218963492794,-3.7155887258615694,-0.05850987927540113,-0.13401719612555507,84.57565800108164,0.09708647418668637,131.09295297398853,-0.01821779631795362,-3.733851919378584,-0.05730969624704185,-0.1361296766240646,84.58386323784183,0.002248626596455361,0.0022175837868871895,-0.006993577354460826,-0.018263193517014553,0.0012001830283592807,-0.002112480498509539,0.00820523676019036
484,0.09424934383557575,130.90640397931313,-0.012892907807365888,-3.657665080772439,-0.06484988491123095,-0.11958302930763733,84.5414068349869,0.09967179076409467,130.9025386211603,-0.012706427847138288,-3.6526252603246396,-0.06500986829315414,-0.12078026378411949,84.54506743037359,0.005422446928518926,-0.0038653581528365066,0.00018647996022760037,0.005039820447799492,-0.00015998338192318995,-0.0011972344764821646,0.0036605953866910568
485,0.09361619230824524,130.72283718186625,-0.012864757504574751,-3.6849890460283046,-0.07046802681346312,-0.10514264678164946,84.5125057846878,0.095430407671055,130.7225992311876,-0.026346767234600946,-3.6780358203751766,-0.07117193949531098,-0.10755775705192011,84.52244918472287,0.0018142153628097624,-0.0002379506786667207,-0.013482009730026195,0.006953225653127948,-0.0007039126818478569,-0.002415110270270651,0.009943400035069772
486,0.09303866181356688,130.5379361200251,-0.010610061367255333,-3.7110344687171386,-0.07531605941167412,-0.08877865714679065,84.48353097543415,0.0913191584600035,130.53874992430235,0.005866205908061632,-3.706478820597326,-0.07453089015032877,-0.08836418664963447,84.49469434882816,-0.0017195033535633703,0.0008138042772429799,0.016476267275316966,0.004555648119812794,0.0007851692613453504,0.00041447049715617745,0.01116337339401241
487,0.09255958529147976,130.35381216940533,-0.008910601175496715,-3.6539171813623748,-0.0792502422725238,-0.06858865728719629,84.44934741285653,0.10600630178363665,130.34909646841922,-0.027667164360751326,-3.640105483154881,-0.07857039820799816,-0.06980856149266536,84.45952257398996,0.013446716492156896,-0.00471570098611096,-0.01875656318525461,0.013811698207493617,0.0006798440645256337,-0.0012199042054690662,0.010175161133432198
488,0.09218204856831873,130.17043137781957,-0.006419305868688149,-3.6812956405755806,-0.08222348388585328,-0.05034100724598313,84.42046362446287,0.08734383880144067,130.1682248382351,-0.0067774821685386115,-3.689952748703916,-0.08133837644226594,-0.05060019234608516,84.43518354058381,-0.004838209766878057,-0.002206539584477696,-0.00035817629985046215,-0.008657108128335533,0.0008851074435873435,-0.0002591851001020329,0.014719916120938592
489,0.09213372175486627,129.9877822029678,0.00430459401252184,-3.6246648979696823,-0.08418260899887778,-0.02802399727499697,84.38631965140455,0.08143026368740991,129.99958245378156,0.007316396430061245,-3.5980464661169167,-0.08596102940690376,-0.027993836596859265,84.40423891714669,-0.010703458067456359,0.011800250813763569,0.003011802417539405,0.02661843185276558,-0.001778420408025977,3.016067813770701e-05,0.01791926574213676
490,0.09249023690458281,129.8058260048048,0.009886351446986855,-3.653564511460016,-0.08508402457115598,-0.008032625616131127,84.35753790736267,0.08444489941929245,129.7983683689993,0.020089087070501374,-3.653448896462423,-0.08533134827203614,-0.007536002758158847,84.37309455459285,-0.008045337485290363,-0.007457635805508289,0.010202735623514519,0.0001156149975929388,-0.0002473237008801671,0.0004966228579722795,0.01555664723018424
491,0.09315853423954719,129.62248896444902,0.016850764189110985,-3.679899662404702,-0.08499500067522066,0.011593581453543923,84.32860279829706,0.08954040451890727,129.62496901093974,0.02496878327600338,-3.687371467503745,-0.08595256819356267,0.012843078434150619,84.33948024496132,-0.0036181297206399204,0.0024800464907173136,0.008118019086892397,-0.007471805099042772,-0.0009575675183420146,0.0012494969806066958,0.010877446664267154
492,0.09410372898510337,129.43991951573437,0.021062193439940917,-3.6228737181873703,-0.08383757224957736,0.03470355557218808,84.2944505989646,0.10163854190925087,129.43233637196016,0.01575034592310491,-3.628108120858839,-0.08264812102716279,0.035392390109027616,84.30721984357919,0.0075348129241474965,-0.007583143774212431,-0.005311847516836006,-0.005234402671468796,0.001189451222414567,0.0006888345368395374,0.012769244614588615
493,0.09521698194519276,129.25809703687446,0.023636087848305266,-3.6500084289857773,-0.08164580170791302,0.052967266094385033,84.26557379032906,0.09893104356658362,129.2565741209637,0.028086189858687414,-3.667477963180347,-0.08183816937062671,0.05272833727490704,84.27374540743733,0.00371406162139086,-0.0015229159107548185,0.0044501020103821474,-0.017469534194569647,-0.00019236766271368833,-0.00023892881947799177,0.008171617108274631
494,0.0964573954515809,129.07700571408162,0.02626831983533431,-3.5936399998388695,-0.07847248555570666,0.07396537999386951,84.23147298363035,0.09721856637611004,129.07484414941672,0.025454659699054145,-3.58353351082763,-0.07961267315905696,0.07225017544868394,84.23521957760168,0.0007611709245291393,-0.002161564664902471,-0.000813660136280165,0.01010648901123945,-0.0011401876033503011,-0.0017152045451855752,0.0037465939713285934
495,0.09782488838019605,128.8966037566106,0.02874656398655154,-3.6224215113202787,-0.0743538563785382,0.090779787092869,84.20270702625898,0.09958460737655946,128.89051111460543,0.02053538471290096,-3.6254142085649566,-0.0731205569939739,0.08982668998910152,84.20618905988329,0.001759718996363402,-0.006092642005171456,-0.00821117927365058,-0.0029926972446778777,0.0012332993845642903,-0.0009530971037674807,0.003482033624308656
496,0.09925984480760265,128.71481192936704,0.029028931065452634,-3.649232957916147,-0.06944865484836873,0.10542827411390927,84.17382438652507,0.09331952189416756,128.72454939200026,0.01896046091615887,-3.6441792056835705,-0.06930610801536607,0.10557442102313955,84.17534875225411,-0.005940322913435089,0.00973746263321118,-0.010068470149293764,0.005053752232576425,0.00014254683300266024,0.00014614690923027418,0.0015243657290398005
497,0.10065950705501549,128.5317036178081,0.02738955006443953,-3.6750803274702157,-0.06384444156001709,0.11874025742015684,84.14488784530758,0.09875408188003859,128.5436014534719,0.0348214986372941,-3.6813454513226107,-0.06245688344480582,0.11758017701230583,84.15083032510391,-0.0019054251749768963,0.011897835663802425,0.00743194857285457,-0.0062651238523949715,0.0013875581152112682,-0.0011600804078510107,0.005942479796331668
498,0.10189358394208603,128.3493937905285,0.0225434266128096,-3.617302157038978,-0.05758481722243084,0.1316447160832931,84.11072178604405,0.10240398693869224,128.36562747874046,0.016530788339554736,-3.5990275122526727,-0.057670152121411355,0.1319252937725016,84.11558326434888,0.0005104029966062074,0.01623368821196891,-0.006012638273254864,0.01827464478630514,-8.533489898051444e-05,0.0002805776892084999,0.00486147830483219
499,0.10287748208292805,128.1678403140543,0.017336123015902854,-3.644813824462817,-0.05077066810089125,0.14092124877829046,84.08189559894163,0.11969577979750361,128.18529391585827,0.011000112528846865,-3.6383546410441374,-0.05035215268745441,0.14045181136811732,84.08870514661346,0.01681829771457556,0.017453601803964602,-0.006336010487055989,0.0064591834186797925,0.00041851541343684157,-0.00046943741017313467,0.006809547671835503
500,0.10359137719084534,127.98699718868308,0.01187818371358439,-3.5888958006500746,-0.04352240540266048,0.1490092591509404,84.04785311004075,0.11370251767433695,127.98678291897174,0.01021595152150235,-3.585088640234118,-0.043839767977909005,0.14997612491972118,84.05959576147863,0.010111140483491612,-0.0002142697113356462,-0.0016622321920820408,0.003807160415956634,-0.000317362575248524,0.0009668657687807725,0.011742651437884888
501,0.1040177309487403,127.80685558270395,0.005757792182585337,-3.616740570573401,-0.035954790884643165,0.15369532156975219,84.01905259889044,0.11068451345518925,127.79801896833014,-0.007162040436909113,-3.6305118482619205,-0.03726831828117083,0.1537301898921454,84.03426807657335,0.006666782506448948,-0.008836614373805673,-0.01291983261949445,-0.01377127768851949,-0.0013135273965276667,3.486832239321669e-05,0.01521547768291498
502,0.10410084650991698,127.62741456607242,-0.0017274930286195842,-3.5608805384431177,-0.02819225471972627,0.1568061250269236,83.98502048093394,0.09095994763000417,127.62435358427501,0.009161849423790364,-3.546344655759496,-0.028448315565727356,0.15576257833574658,84.00540721671875,-0.013140898879912807,-0.0030609817974038833,0.010889342452409948,0.014535882683621715,-0.0002560608460010841,-0.0010435466911770108,0.020386735784811094
503,0.1037061789833256,127.44863798008183,-0.013459482447687408,-3.5901499229228633,-0.02035740730593407,0.15658777152476452,83.9563121394095,0.0974927564254571,127.44999419232511,-0.010182084121255486,-3.5818652951704664,-0.020701679466247125,0.15567226545599813,83.9808040846693,-0.006213422557868498,0.001356212243280197,0.0032773983264319222,0.008284627752396911,-0.00034427216031305413,-0.0009155060687663918,0.02449194525979692
504,0.10268629319557909,127.2684393459111,-0.026740043034152235,-3.6177606499001347,-0.012593453203290948,0.15397039258096046,83.92750399750645,0.09774200672700273,127.26309862042719,-0.026120132133106957,-3.6095344417143957,-0.012811322657635404,0.15402606815508246,83.95349238953003,-0.004944286468576364,-0.005340725483918618,0.0006199109010452779,0.008226208185738937,-0.0002178694543444569,5.567557412200497e-05,0.025988392023577944
505,0.10141298826138351,127.08893831146207,-0.02348859556686037,-3.562276650421545,-0.004825564713929784,0.15674514699348607,83.89351894147647,0.10576387827460887,127.08444126951211,-0.029913918800391515,-3.5877970220001187,-0.004884946140544688,0.15677056472908443,83.91859184077434,0.004350890013225361,-0.00449704194996059,-0.006425323233531146,-0.025520371578573897,-5.938142661490384e-05,2.5417735598359803e-05,0.025072899297867934
506,0.10020743999663992,126.91015179512087,-0.024130901198632548,-3.5891654388735557,0.0030067378005040214,0.15654695358386614,83.86468536837873,0.09739875713363573,126.91689484041287,-0.019476799035254934,-3.582620091435769,0.0038801388664770897,0.15561343910294792,83.89106066703482,-0.002808682863004189,0.006743045291997873,0.004654102163377614,0.006545347437786564,0.0008734010659730684,-0.0009335144809182183,0.026375298656091672
507,0.09890175486752009,126.73001942956317,-0.027500363177758357,-3.616107355396771,0.010759122797006769,0.15354844627624378,83.8358609605344,0.09873071371761565,126.73887440233098,-0.02392452838065496,-3.6131913089355514,0.00996294746085935,0.15429809962372867,83.86247772746148,-0.00017104114990444674,0.008854972767807112,0.003575834797103397,0.002916046461219679,-0.0007961753361474186,0.000749653347484891,0.02661676692707715
508,0.09786858437808671,126.55061447697443,-0.013122862879018345,-3.560103634474875,0.01851024069123211,0.15649626949276996,83.80184854558995,0.08886458829459015,126.5576753028707,-0.014410328605311946,-3.567400021767894,0.019905590607696144,0.1561623790796028,83.8252066418448,-0.009003996083496557,0.0070608258962749915,-0.0012874657262936014,-0.007296387293018736,0.0013953499164640337,-0.0003338904131671705,0.023358096254852967
509,0.09746238508753666,126.3719242217426,-0.002526934357363656,-3.587500503101016,0.02631750561784678,0.15579432757181674,83.77305579192051,0.09055032995184445,126.37324338616565,-0.007997042077482459,-3.586028130478794,0.026642953963754934,0.15534953736670762,83.79784292296118,-0.006912055135692208,0.0013191644230516886,-0.005470107720118803,0.0014723726222216627,0.0003254483459081553,-0.0004447902051091246,0.024787131040667987
510,0.09754523008261878,126.19392651334132,0.006538885515660366,-3.532413561519209,0.03402287947002965,0.1524206265154983,83.73911731955616,0.09962764857966172,126.20056197890233,0.00542332360577559,-3.535153666386625,0.03541154466364871,0.1522841824793834,83.76665070394007,0.002082418497042937,0.006635465561004139,-0.0011155619098847762,-0.002740104867416271,0.0013886651936190555,-0.00013644403611487443,0.02753338438391495
511,0.09759428646797261,126.01659171777511,-0.00401676346441804,-3.5609471362089753,0.04131793390543999,0.13938155090091514,83.71040035836893,0.10345645294449482,126.0176103729036,0.002877934872351909,-3.579565798356148,0.041564496599924006,0.1392969519989473,83.73588322468343,0.0058621664765222126,0.001018655128490309,0.006894698336769949,-0.01861866214717267,0.0002465626944840177,-8.45989019678528e-05,0.025482866314504804
512,0.09751398746540708,125.83992293108454,0.0014158621279675562,-3.505804037128586,0.04806607124195293,0.13054394255960244,83.67647129688267,0.1004503123727959,125.83685362002194,-0.014270074454967238,-3.501997530783373,0.047850663851254804,0.13024660377128897,83.6945644456382,0.002936324907388821,-0.0030693110626032194,-0.015685936582934795,0.0038065063452128456,-0.00021540739069812742,-0.00029733878831347815,0.0180931487555398
513,0.09765530385516703,125.66389321223166,0.004718299442510829,-3.535370403312716,0.05436132453917086,0.12126618932911486,83.64783425869403,0.09724150157953637,125.66099849592058,0.007265152536034292,-3.5446988114770908,0.05524040639492789,0.11921799425760791,83.66546328226161,-0.00041380227563066196,-0.00289471631107574,0.0025468530935234632,-0.009328408164374746,0.0008790818557570246,-0.002048195071506942,0.01762902356757934
514,0.09793250753278304,125.48643532986466,0.006813011854691354,-3.56292839298408,0.060134163775303916,0.10964738011620716,83.61907917121553,0.10442684979069872,125.48804201893896,0.021529766086256646,-3.566609289721739,0.059144362595112465,0.1104587286392664,83.63341885621863,0.006494342257915675,0.0016066890742933992,0.014716754231565293,-0.003680896737659367,-0.0009898011801914505,0.0008113485230592382,0.014339685003093905
515,0.09829165603563408,125.3096642389717,0.008015211551607402,-3.5079101919958258,0.06523830220354043,0.09451815701325374,83.5851764098675,0.10093924231494358,125.31653377370742,0.01216630695708003,-3.4983662284201458,0.06539915759004389,0.09319231878920212,83.60193081063345,0.0026475862793094995,0.006869534735713501,0.004151095405472628,0.009543963575679992,0.00016085538650345566,-0.0013258382240516203,0.016754400765947253
516,0.09867197254621056,125.13353660829638,0.007531328780098907,-3.5371767771331193,0.06960094107586384,0.07998739787968251,83.55653584927329,0.09763642955340822,125.13932680785143,-0.00018048619786020792,-3.5447356954802154,0.06873054661861522,0.0791594384740976,83.56839240012181,-0.0010355429928023407,0.00579019955505089,-0.007711814977959115,-0.0075589183470961,-0.0008703944572486244,-0.000827959405584916,0.011856550848520442
517,0.0990434760328362,124.95599923771076,0.007606585429415728,-3.564300130755233,0.07321414812945848,0.06454088426410272,83.5277682034638,0.09832532959021807,124.94944658443559,-4.4783145463596526e-05,-3.5834908471774525,0.0731955894002998,0.06495008499041477,83.53486584517901,-0.0007181464426181255,-0.006552653275164744,-0.007651368574879324,-0.019190716422219367,-1.8558729158679732e-05,0.0004092007263120506,0.007097641715219538
518,0.09940399308344493,124.77919350846176,0.007062403190544414,-3.5079221506697995,0.07594784963997685,0.04480717615663194,83.49379740924854,0.09790088688114869,124.76877031185634,0.004041295461057855,-3.5127105665734892,0.07599903244179673,0.04559037399537035,83.49640420749887,-0.0015031062022962394,-0.010423196605415797,-0.0030211077294865583,-0.0047884159036897245,5.1182801819885104e-05,0.0007831978387384114,0.002606798250326392
519,0.09977404698053524,124.6030911411093,0.00787811819029038,-3.5361542015831797,0.07775410576441921,0.027443068821062625,83.46510626910735,0.09720857217182535,124.59493705017644,0.016220567708885032,-3.525106124948935,0.07766657644738295,0.02661616205398426,83.47093379304775,-0.002565474808709889,-0.008154090932862346,0.008342449518594652,0.011048076634244897,-8.752931703626121e-05,-0.0008269067670783649,0.005827523940396873
520,0.1000992531418247,124.42559505637334,0.005201387391790456,-3.563671247170294,0.07868226252446318,0.009683201580696424,83.43637705781892,0.10537604782149078,124.41315407972705,-0.0007561789405807866,-3.563383043923782,0.07992383070618825,0.008288353704981722,83.44234098982292,0.005276794679666075,-0.01244097664628896,-0.005957566332371243,0.00028820324651190887,0.001241568181725064,-0.0013948478757147015,0.005963932004007688
521,0.10028779213717168,124.24880874010186,0.0023356336036169543,-3.507775597458835,0.07862828407741876,-0.011842339462473303,83.4024526288715,0.09257810421865388,124.25310080086989,0.01194350378899423,-3.521763575958303,0.08011146475612962,-0.013956113483170919,83.40866111656835,-0.007709687918517796,0.0042920607680230205,0.009607870185377277,-0.013987978499467868,0.001483180678710866,-0.002113774020697616,0.006208487696852671
522,0.10036154251358491,124.07273440369245,0.0005344282122881196,-3.5351809998585835,0.07758419185023985,-0.02992134962468308,83.37372391397099,0.10401225304385517,124.07539545076482,-0.004021487289515586,-3.540819118087138,0.07691585664596401,-0.029492825150595578,83.38372159215346,0.0036507105302702597,0.0026610470723653634,-0.004555915501803705,-0.005638118228554312,-0.0006683352042758384,0.00042852447408750147,0.009997678182472214
523,0.10035979644458523,123.8973526556387,-0.0007847457077709201,-3.4800834812228536,0.0755911150926097,-0.049801720680522785,83.33985957926724,0.10804044414840408,123.90610481471406,0.005523163294413937,-3.479907764114513,0.07771078146325383,-0.05050938952124249,83.34576122220506,0.007680647703818849,0.008752159075356758,0.006307909002184857,0.00017571710834074494,0.0021196663706441327,-0.0007076688407197038,0.0059016429378146995
524,0.10026704683097472,123.72262515154118,-0.0031481327044429975,-3.50900040363587,0.07267900411733322,-0.0666827183305367,83.31123316383363,0.10608620135545416,123.71561016558772,0.001897313186408238,-3.4967433357044815,0.07179350019890807,-0.06632986628627156,83.31367553028538,0.005819154524479439,-0.0070149859534609504,0.005045445890851236,0.012257067931388477,-0.0008855039184251512,0.00035285204426513395,0.00244236645174567
525,0.10012278956812365,123.54647453742716,-0.0029065137914541595,-3.5370065087906277,0.06897341379715613,-0.08154089447654687,83.28255710452449,0.09985095962887895,123.54569478718298,0.005581546729872036,-3.5262324249330708,0.06765424413182686,-0.08205967911637548,83.2826743098414,-0.0002718299392446971,-0.000779750244177535,0.008488060521326196,0.01077408385755696,-0.0013191696653292728,-0.0005187846398286011,0.00011720531691139513
526,0.10019344396636973,123.37099581057102,0.00532516756652857,-3.4821351983947775,0.06450150147501144,-0.09733559840924078,83.24872386230128,0.10268008836007836,123.37756191700717,0.015896955536888555,-3.4783409195294035,0.06533395201435521,-0.097744129660414,83.24709024494115,0.0024866443937086313,0.006566106436153518,0.010571787970359986,0.003794278865373979,0.0008324505393437764,-0.00040853125117322475,-0.0016336173601274595
527,0.10060056564725814,123.19617500292776,0.0105613634420561,-3.510678538059961,0.05932178227368761,-0.10985316964371215,83.22008902557437,0.1049288012571193,123.19957079508987,0.0066907638710726,-3.5152456593750987,0.05914368928388303,-0.11105199733005867,83.2186556722954,0.004328235609861161,0.003395792162109501,-0.0038705995709835007,-0.004567121315137701,-0.00017809298980458327,-0.0011988276863465208,-0.0014333532789692072
528,0.10123327846652429,123.0220063892223,0.014222097361997995,-3.4560561313500915,0.053522382536699394,-0.12212281983581659,83.18628025218999,0.08991626914962156,123.00412577020043,0.026403815575862716,-3.447250694598087,0.051821341657726894,-0.1224637703564739,83.17957416652446,-0.01131700931690273,-0.01788061902186655,0.01218171821386472,0.008805436752004514,-0.0017010408789724998,-0.00034095052065731546,-0.006706085665527439
529,0.10209875105231793,122.84846241334738,0.019914614298484096,-3.4856792424999536,0.04721652677504576,-0.13011141063032886,83.15771845183527,0.09968086303593642,122.83868223800134,0.03283429642410008,-3.4911250974066035,0.04691086630980745,-0.13041937854238306,83.15147500035143,-0.002417888016381514,-0.009780175346037367,0.012919682125615985,-0.0054458549066498385,-0.0003056604652383055,-0.00030796791205420226,-0.00624345148384009
530,0.10331636588161308,122.67552058131254,0.02818414678878539,-3.4319795702296023,0.04052190626963484,-0.1376734095861079,83.12397467059208,0.10541593232855635,122.67543254974301,0.035574796739689815,-3.4231008386226045,0.039800497265209955,-0.1382929292409608,83.11470495474282,0.002099566446943271,-8.803156953263169e-05,0.007390649950904424,0.008878731606997814,-0.0007214090044248833,-0.0006195196548528792,-0.009269715849256954
531,0.10461376419346194,122.50316044650012,0.0231655257698954,-3.462417607936982,0.033353021664941515,-0.14908197460162503,83.09546946219037,0.1042529148939775,122.5018684372677,0.020815481847140146,-3.45508413506844,0.03275618588661988,-0.14963383567940916,83.08590153482065,-0.00036084929948443367,-0.0012920092324151256,-0.0023500439227552537,0.007333472868542135,-0.0005968357783216333,-0.0005518610777841271,-0.00956792736971579
532,0.1060524489091791,122.3293154683114,0.03380670691449987,-3.4913515433676174,0.02585634751062296,-0.1507849915711172,83.0668749973713,0.10575812829046571,122.31014465257508,0.04118447418903,-3.486038921431973,0.02629659192132383,-0.15030964012099796,83.05600409511976,-0.00029432061871338677,-0.019170815736330837,0.007377767274530128,0.005312621935644302,0.000440244410700872,0.0004753514501192324,-0.01087090225153986
533,0.1075996948242913,122.15609742389185,0.02738269307902234,-3.4373721176698946,0.018108200966675318,-0.15914087018678844,83.03313174850207,0.11109314352990379,122.14075348984537,0.03424507738283803,-3.4454352209189,0.018154512996577665,-0.1587848451755678,83.02304113864693,0.003493448705612495,-0.015343934046484264,0.0068623843038156905,-0.008063103249005277,4.63120299023477e-05,0.00035602501122064534,-0.010090609855140542
534,0.10905420189551382,121.98350420150858,0.03017887670297639,-3.4663434388934995,0.010041021712585174,-0.16354629997681736,83.00455351490838,0.1136647156494314,121.97883920766587,0.01646639761508875,-3.473837537540135,0.008230348416144562,-0.16482461947336574,82.99739182222271,0.004610513753917578,-0.004664993842709464,-0.013712479087887638,-0.0074940986466356385,-0.0018106732964406121,-0.0012783194965483857,-0.007161692685670573
535,0.11061055866937028,121.81152986341034,0.031333211983238136,-3.4126233255504035,0.0018298707986011218,-0.16489973658254475,82.97083840389735,0.11410395780048442,121.81288048486414,0.01566553749831321,-3.4125353451472615,0.002892378408525964,-0.16460002457692774,82.95996524927568,0.0034933991311141416,0.0013506214537954975,-0.015667674484924926,8.798040314195177e-05,0.0010625076099248423,0.0002997120056170144,-0.010873154621663161
536,0.11226390294842507,121.6401455161493,0.034171062716124516,-3.442732692633706,-0.006401785130328514,-0.1643665005746407,82.94233961949878,0.11262685418630981,121.63856553749773,0.02907395144881554,-3.4493912558052333,-0.004653525834897643,-0.16371852349809493,82.9292535275098,0.00036295123788473993,-0.0015799786515771075,-0.005097111267308975,-0.006658563171527465,0.001748259295430871,0.0006479770765457638,-0.013086091988981252
537,0.11364468361471385,121.46729395874195,0.020423068780677234,-3.471332416448188,-0.01473224822899225,-0.16885202337190874,82.91373904730953,0.11479717471853976,121.47576529862025,0.021184383762838044,-3.4735512850100108,-0.014067018185884628,-0.16869477194370772,82.90499926760906,0.0011524911038259117,0.008471339878298068,0.0007613149821608101,-0.002218868561822962,0.0006652300431076227,0.00015725142820102733,-0.008739779700476902
538,0.11433580498242654,121.29507843195694,0.006454419699387412,-3.4173021005155695,-0.023217155619709613,-0.17054427225678578,82.88001058243022,0.11973959927011993,121.3096370104663,0.015563862092631723,-3.429252483813245,-0.023303499866871302,-0.1711817878223353,82.8739780999503,0.005403794287693386,0.014558578509365816,0.009109442393244311,-0.011950383297675504,-8.634424716168904e-05,-0.000637515565549529,-0.006032482479909618
539,0.11446243424941628,121.12348702961914,-0.0020385371677592683,-3.4463495845992873,-0.03170648549670341,-0.16902892282296605,82.85145446345071,0.10590989863762174,121.12735795059473,-0.0016191002967036322,-3.4488921739008243,-0.03140482499552011,-0.168152978171323,82.84953072014254,-0.008552535611794546,0.0038709209755865004,0.00041943687105563607,-0.002542589301536946,0.00030166050118329846,0.0008759446516430625,-0.0019237433081684685
540,0.11415960447202271,120.95250087658003,-0.010826987493475208,-3.3931022124662364,-0.040036200838787436,-0.16415969086039506,82.81779118447187,0.11617761039404867,120.95017445028674,-0.014300546972702895,-3.391341213895616,-0.0398786301313363,-0.16517088723288234,82.81287867242774,0.002018005922025959,-0.0023264262932940483,-0.0034735594792276864,0.0017609985706203979,0.0001575707074511351,-0.001011196372487283,-0.004912512044128903
541,0.11360504461801582,120.78208765416646,-0.011969053561872802,-3.4234161537525423,-0.048074794399826426,-0.1573840515811644,82.78932571269885,0.12505167832272004,120.78833420053347,-0.01831591650739865,-3.415525294842048,-0.04785770353617291,-0.15916492525274123,82.79014910996196,0.011446633704704223,0.006246546367009387,-0.006346862945525847,0.007890858910494458,0.00021709086365351293,-0.001780873671576838,0.0008233972631046527
542,0.11295506000203345,120.61018946251923,-0.014614924495898704,-3.452498527525365,-0.05571302994514628,-0.1481453702316298,82.76079139771298,0.11604129073243591,120.61433245756535,-0.032994005504791625,-3.450720099815908,-0.0566680580490897,-0.1481390962371269,82.75964887007272,0.003086230730402456,0.004142995046123588,-0.01837908100889292,0.00177842770945702,-0.00095502810394342,6.273994502897784e-06,-0.001142527640254798
543,0.11224964401339982,120.43891271821957,-0.01423953599927721,-3.3985662419841143,-0.06276707503617883,-0.13401643340967204,82.72710713185784,0.11105171856132516,120.43021438923297,-0.002342173178273982,-3.3919714152162492,-0.06256296341916334,-0.1353924306115554,82.72628882729603,-0.001197925452074658,-0.008698328986596948,0.011897362821003229,0.006594826767865047,0.0002041116170154872,-0.001375997201883361,-0.0008183045618039841
544,0.11165708815579269,120.26823907103284,-0.009950315341615838,-3.4283625905115995,-0.06912907161375799,-0.12046342969349438,82.69862603890381,0.13185888600301005,120.26547204368615,-0.0173636836946873,-3.435395341611525,-0.06848836891864041,-0.12020606504920808,82.7007556572269,0.02020179784721736,-0.00276702734669243,-0.007413368353071461,-0.007032751099925516,0.0006407026951175815,0.0002573646442863009,0.002129618323095883
545,0.11117786804527953,120.09815825024795,-0.009721905931336636,-3.3748631948132166,-0.07470121347960125,-0.1024222449402363,82.66497853830147,0.10708164039031677,120.10666845316163,0.0032674898699845273,-3.3783354612613956,-0.07551598035631768,-0.10192823800265512,82.66497714171362,-0.0040962276549627585,0.008510202913683429,0.012989395801321163,-0.0034722664481789955,-0.0008147668767164301,0.0004940069375811845,-1.3965878480348692e-06
546,0.11079580602640786,119.92866133264607,-0.0059194617686470115,-3.404993925893622,-0.07939151812766249,-0.08518994098221315,82.63652590230377,0.10945100794418078,119.93703710779366,-0.013683270221086185,-3.398038429027192,-0.080983278787647,-0.08670991608320314,82.63849606413024,-0.0013447980822270805,0.008375775147584363,-0.0077638084524391734,0.006955496866429822,-0.001591760659984509,-0.001519975100989987,0.001970161826463368
547,0.11060758478678594,119.75768310609806,-0.001899349103303423,-3.4341149959172865,-0.08317894196361447,-0.06630701245586612,82.60801647668224,0.12024125409416836,119.77213807623629,-0.02165867266465691,-3.441495597648939,-0.0836038955865086,-0.06825464900267217,82.61291789233537,0.009633669307382423,0.014454970138231715,-0.019759323561353487,-0.0073806017316524475,-0.00042495362289413086,-0.0019476365468060475,0.0049014156531370645
548,0.11068361845933754,119.58733449533746,0.004691846206464327,-3.3798208827383593,-0.08591771692169192,-0.04324398586723199,82.57433561556776,0.10886737384687033,119.59068282217507,-0.005484201553591786,-3.3838564129532633,-0.08524852348391798,-0.043770239803794415,82.57924897830604,-0.0018162446124672105,0.003348326837610216,-0.010176047760056112,-0.004035530214903993,0.0006691934377739406,-0.0005262539365624222,0.004913362738278693
549,0.11100281775561345,119.41760687127837,0.007948311778614051,-3.4092655449370337,-0.08758690460280515,-0.02352352137729691,82.54585456687887,0.09431567565632175,119.41818754809393,0.03541058936357513,-3.435379620493043,-0.08798135861827738,-0.022377232420166922,82.5493462293408,-0.016687142099291702,0.0005806768155594,0.027462277584961076,-0.026114075556009197,-0.000394454015472237,0.0011462889571299886,0.003491662461925671
550,0.11151843464286755,119.2485011703958,0.012624042522030782,-3.354955552543757,-0.08816532204669664,0.00038682362163746514,82.51218244406228,0.10048129518049491,119.25488340519442,0.004594145497663002,-3.3458625110254125,-0.08863762084639415,0.0011809437471977807,82.5185060321632,-0.011037139462372642,0.0063822347986217665,-0.00802989702436778,0.009093041518344336,-0.00047229879969751254,0.0007941201255603156,0.0063235881009262584
551,0.1123309531237782,119.07998287651324,0.019915153334925828,-3.385758840420091,-0.0876404001643117,0.02061005167376009,82.48379331185431,0.10204628863026323,119.08261463538717,0.013015635298963208,-3.3832442611619276,-0.08840844083789268,0.02044848306512131,82.49046190960382,-0.010284664493514964,0.0026317588739317443,-0.00689951803596262,0.002514579258163341,-0.0007680406735809803,-0.0001615686086387791,0.006668597749509786
552,0.11342740143864607,118.90996874747937,0.024059817897168122,-3.4147897994185668,-0.08611016536598584,0.04059934025927393,82.4553009477623,0.09717129887534688,118.92522161773854,0.019438039104782846,-3.4082253549808734,-0.08640930616331222,0.04082973566282468,82.4631699621907,-0.016256102563299193,0.01525287025917521,-0.0046217787923852754,0.006564444437693329,-0.0002991407973263749,0.00023039540355074967,0.00786901442840815
553,0.11471104951342151,118.74056599868673,0.027520451402066253,-3.3613151374122965,-0.08351599471592233,0.06316748574326661,82.42169833408497,0.10482363218809712,118.75623957214734,0.042832527195297905,-3.3536918688769854,-0.08379374421349706,0.06131672546721621,82.43215433100217,-0.009887417325324388,0.015673573460603052,0.015312075793231652,0.007623268535311034,-0.0002777494975747252,-0.0018507602760503977,0.01045599691720156
554,0.11628204657883591,118.57174947551653,0.035592585203685086,-3.3913293283440775,-0.07990881516880811,0.08111969614130202,82.3932757329302,0.11339489948400992,118.56483050962947,0.05587358871139755,-3.4011412953555276,-0.07905878434410374,0.0814160098394015,82.40909620107372,-0.002887147094825987,-0.006918965887052764,0.02028100350771246,-0.00981196701145004,0.0008500308247043759,0.0002963136980994874,0.015820468143516564
555,0.11807983533455574,118.40352008436365,0.036728513556076085,-3.33783964727924,-0.07537422732760031,0.10026381750701034,82.35968269399068,0.11647288812118398,118.40613640655336,0.038993920317663536,-3.346103239013795,-0.0747118535057485,0.1016564735096329,82.37204577109266,-0.0016069472133717622,0.002616322189709308,0.0022654067615874504,-0.008263591734554598,0.0006623738218518166,0.001392656002622561,0.01236307710198048
556,0.11988269545973944,118.23587618979472,0.03579710481060715,-3.367897546220759,-0.06999407905317491,0.11494211347000562,82.33127100244833,0.12790492238837906,118.23341518306277,0.017037637579161973,-3.3812832951661362,-0.07073101726595521,0.11644824642946597,82.3487716740757,0.008022226928639617,-0.0024610067319486006,-0.018759467231445174,-0.013385748945377252,-0.0007369382127802998,0.0015061329594603518,0.01750067162737423
557,0.12160297431534683,118.06880121702665,0.03356834519446317,-3.315092894208487,-0.06385319066119555,0.13069342220916905,82.2977300587669,0.11922140018217456,118.07303666685134,0.05198634555431027,-3.317879221602373,-0.06433527516693394,0.12901477091303742,82.31530747473815,-0.002381574133172276,0.004235449824690818,0.0184180003598471,-0.0027863273938857347,-0.00048208450573838935,-0.0016786512961316225,0.01757741597124607
558,0.1231872668635161,117.90227110191292,0.030322960495143617,-3.3460901881994896,-0.05704193416479432,0.14175683764688002,82.26938397547559,0.1126281327732849,117.90233868599302,0.017278704566435807,-3.3481960677768656,-0.056617838791260144,0.1409689029601753,82.28920280837643,-0.010559134090231195,6.75840800994365e-05,-0.01304425592870781,-0.0021058795773760686,0.00042409537353417515,-0.000787934686704711,0.019818832900838856
559,0.12458807640389279,117.7342274147503,0.02626889506960728,-3.375633168044733,-0.04973656148876323,0.15045806939436365,82.24095315634084,0.10589562893217946,117.72371345571344,0.033187741785523486,-3.3573565916610844,-0.05025456791601712,0.15056282119005268,82.26587468131397,-0.018692447471713322,-0.01051395903685659,0.006918846715916208,0.018276576383648546,-0.0005180064272538934,0.0001047517956890287,0.02492152497313782
560,0.12569223126425083,117.56674770161851,0.0185928773240353,-3.323538415842831,-0.04202058677946132,0.1581809189777127,82.20746998518308,0.11409607138774837,117.56571805511618,0.023861528926030124,-3.3316069277105105,-0.043070306144446846,0.15820003164386734,82.22869253036632,-0.011596159876502463,-0.001029646502331616,0.005268651601994825,-0.00806851186767954,-0.0010497193649855255,1.9112666154647018e-05,0.021222545183235297
561,0.12639749468788702,117.39981948820942,0.010230602781092215,-3.3535616844297733,-0.034005577883721716,0.1624194368518715,82.17907454225974,0.11675120886207219,117.39935774536237,0.014893889505329737,-3.3612525682990553,-0.031941474332387365,0.16176118420592517,82.1961234676849,-0.009646285825814838,-0.00046174284705102764,0.0046632867242375215,-0.0076908838692819614,0.002064103551334351,-0.0006582526459463223,0.01704892542515779
562,0.12653203098239732,117.23345163040337,-0.004114743770162311,-3.3011263941734366,-0.02586264562886204,0.16329785334251562,82.14557204478129,0.1386346716222724,117.24188480765206,0.004679525038562645,-3.294161848436244,-0.02570859169180828,0.16228774457557454,82.16118112948274,0.012102640639875067,0.008433177248690527,0.008794268808724956,0.00696454573719274,0.00015405393705375872,-0.0010101087669410758,0.015609084701452502
563,0.126104101103025,117.06760744350267,-0.012380493835944677,-3.3326062119963686,-0.01772812278825204,0.16208306028188443,82.11726858714665,0.12346497529965865,117.0728245524092,-0.00624148866580731,-3.344528793878534,-0.017990024873857813,0.16218742746040168,82.13696862964066,-0.0026391258033663517,0.005217108906535373,0.006139005170137367,-0.011922581882165328,-0.0002619020856057738,0.00010436717851725064,0.019700042494008585
564,0.1251112957904947,116.9022724859509,-0.02660853693691251,-3.2807629004624546,-0.009728944840226721,0.1578840576391283,82.08380850881144,0.1308583156328075,116.90676146838258,-0.033126960192751416,-3.2692930446880686,-0.010885852622623204,0.15782169611164862,82.10451117853785,0.005747019842312795,0.0044889824316811655,-0.0065184232558389045,0.011469855774385973,-0.001156907782396483,-6.236152747968182e-05,0.02070266972640411
565,0.12395774918775021,116.73743174223556,-0.018932025840687216,-3.312850316708281,-0.0017940279948481103,0.15951261617601611,82.05556162978608,0.12030387915525863,116.7460201559364,0.001999000663385854,-3.320648648744662,-0.0008629568690121658,0.1591268289939569,82.07555287865215,-0.0036538700324915824,0.008588413700849173,0.02093102650407307,-0.007798332036380806,0.0009310711258359444,-0.00038578718205922735,0.01999124886606296
566,0.12256416605920858,116.57103539641433,-0.03621654557757672,-3.3429618425701064,0.005958620431617217,0.15059332088259703,82.02717575719532,0.11997059255368457,116.57008986410271,-0.02359081881352918,-3.340919393848385,0.004587340316433597,0.15096476405571532,82.04633993763376,-0.0025935735055240133,-0.0009455323116185355,0.012625726764047537,0.002042448721721435,-0.0013712801151836203,0.00037144317311829655,0.019164180438437484
567,0.12074453609587853,116.40519765239638,-0.035898085036748004,-3.2905373959660538,0.013395334641376006,0.14687524750775446,81.99371239364885,0.11730386627728995,116.39042948068969,-0.034070895893362096,-3.2869621393244874,0.014923238077985346,0.14725203048635788,82.01385583544028,-0.0034406698185885792,-0.014768171706691646,0.0018271891433859072,0.0035752566415663267,0.0015279034366093396,0.0003767829786034127,0.020143441791432792
568,0.11927358192626607,116.23989577418001,-0.022381180861682518,-3.321532316461982,0.020763581620518643,0.14785463165795093,81.9654059905327,0.11657959757486108,116.2266263914861,-0.02468641635793324,-3.316690546858984,0.018733779221362656,0.14816886606856083,81.98522152296248,-0.002693984351404985,-0.013269382693906095,-0.0023052354962507238,0.004841769602998092,-0.0020298023991559867,0.00031423441060990376,0.019815532429774407
569,0.11844697153172944,116.07510430899879,-0.010018834499807202,-3.2701346628354235,0.02814878966905451,0.14755369028348378,81.9320075345351,0.11955781177250442,116.06404001258478,-0.010008095939669058,-3.2588897947049356,0.027756456702570542,0.14848121937535513,81.95105904800351,0.0011108402407749851,-0.011064296414005526,1.0738560138143921e-05,0.011244868130487973,-0.00039233296648396795,0.0009275290918713541,0.01905151346841194
570,0.11812570717896682,115.91080010363416,-0.0022761561564359966,-3.3020250985690747,0.035448154243642734,0.14442089270004507,81.9037675071318,0.12001343502816518,115.90219601687888,0.01669090408685112,-3.3228851154528334,0.03757277453695451,0.14346300344489446,81.92395137970362,0.0018877278491983562,-0.008604086755283902,0.018967060243287117,-0.020860016883758714,0.0021246202933117783,-0.0009578892551506124,0.020183872571820416
571,0.11766847342773513,115.74699763773563,-0.015397103673386509,-3.2500504351866235,0.042270138674203296,0.1284584845223773,81.87034109456368,0.11632619727829503,115.733270817948,-0.01784905637912893,-3.240084706871847,0.04196277031208062,0.12858260544830924,81.88716948465053,-0.0013422761494401025,-0.013726819787635236,-0.002451952705742423,0.009965728314776712,-0.00030736836212267443,0.00012412092593194757,0.016828390086843115
572,0.11700390871249926,115.58368491775657,-0.010710891784980924,-3.282445413770341,0.048510437228067055,0.12115345763217313,81.84214300122721,0.10876358131851614,115.57866373894541,-0.0026328958352839667,-3.277580015234829,0.04857272488592246,0.12375160406758283,81.85673108052431,-0.008240327393983116,-0.0050211788111624855,0.008077995949696958,0.004865398535512266,6.228765785540324e-05,0.002598146435409704,0.014588079297098488
573,0.11660491274398341,115.41879663918901,-0.004805657674683085,-3.3130709397587657,0.05433342227382309,0.11176594419806812,81.81384303595482,0.11827391635839271,115.4185997464861,-0.008890918343970631,-3.3082713574979743,0.053306962116347556,0.11117222015917406,81.82989141967687,0.0016690036144093034,-0.0001968927029167844,-0.004085260669287546,0.004799582260791357,-0.0010264601574755325,-0.0005937240388940584,0.016048383722051085
574,0.11643379372485388,115.25444057656327,-0.001564257795288155,-3.2611671182000785,0.05960526828244148,0.09910789614666765,81.78044917208541,0.12407199556901799,115.24534650087696,-0.009384058806040279,-3.261443454372089,0.06014736727575842,0.09937048250994385,81.79646356883849,0.007638201844164111,-0.009094075686306269,-0.007819801010752123,-0.0002763361720106161,0.0005420989933169404,0.000262586363276196,0.016014396753078586
575,0.11644186052278065,115.09060584014082,0.0022397600467038395,-3.2922049533017645,0.0642423582809372,0.08637570379316108,81.75218344790497,0.1227410471313772,115.08757784371109,-0.002031598988086811,-3.2816871413427156,0.06431980898511114,0.08553615841013255,81.76810757022132,0.00629918660859656,-0.0030279964297363904,-0.00427135903479065,0.010517811959048995,7.745070417393418e-05,-0.0008395453830285227,0.0159241223163491
576,0.11656142972414184,114.92726769103793,0.0028944645416121738,-3.241313540795219,0.06815111732123476,0.06997465781874132,81.71886258191799,0.12821997349512862,114.93288644714505,-0.0056611831158564435,-3.245310112692894,0.06762587909427031,0.06876961567407253,81.7318192824334,0.011658543770986782,0.005618756107125478,-0.008555647657468617,-0.003996571897674883,-0.0005252382269644446,-0.0012050421446687942,0.012956700515417197
577,0.116768878473282,114.76441439658025,0.005641401760437053,-3.2728002706127035,0.07128119429148781,0.055228420991381075,81.69063284855027,0.11471751618148203,114.7706485943057,0.018456893371427807,-3.298290752908503,0.0730285359464693,0.056336937891456676,81.7044876514447,-0.002051362291799974,0.006234197725447643,0.012815491610990755,-0.02549048229579931,0.0017473416549814852,0.0011085169000756012,0.01385480289442853
578,0.11700940670114827,114.60207419241083,0.0041852436184497245,-3.220799449289874,0.07355895758035903,0.03588211056346772,81.65725282107425,0.12084298071160947,114.60716072372517,0.011198525070756998,-3.2178178163842794,0.0732832876619045,0.036425042675111936,81.67148795802284,0.0038335740104611937,0.005086531314347553,0.007013281452307274,0.002981632905594722,-0.00027566991845452693,0.0005429321116442176,0.014235136948585136
579,0.11726174134588015,114.44022377922465,0.006013404039592463,-3.25319893103743,0.07494848340746517,0.019698922520777793,81.62908749517742,0.11887198473020089,114.44443251726072,0.008612902365029757,-3.2442317345701417,0.0732140311303473,0.018372512984381105,81.64516385479709,0.0016102433843207392,0.0042087380360698035,0.002599498325437294,0.008967196467288385,-0.0017344522771178678,-0.001326409536396688,0.016076359619674463
580,0.11754226314820182,114.2767859939665,0.005252080790990539,-3.2842947778137628,0.07553336545600522,0.0036963594208241947,81.60084842565288,0.1145701623617868,114.28351976504831,0.014367889376224578,-3.2875469134457447,0.07501942100213599,0.0028028920525803207,81.61069761582942,-0.0029721007864150217,0.006733771081812279,0.009115808585234038,-0.0032521356319819006,-0.0005139444538692362,-0.000893467368243874,0.009849190176538514
581,0.11776538445826577,114.11387007610169,0.003645824641052664,-3.2323349450568837,0.07523339633285288,-0.015695124346917992,81.56748871724317,0.11617751097871211,114.11481726174796,0.008815202412004636,-3.247414587956744,0.07535877181017314,-0.013577588482074575,81.57776657453974,-0.0015878734795536642,0.0009471856462681671,0.005169377770951973,-0.015079642899860524,0.00012537547732026366,0.0021175358648434176,0.010277857296571824
582,0.1179158232921133,113.95148489027581,0.00228073303200671,-3.2630553221922587,0.0740400858111189,-0.03203729652244096,81.53923449333344,0.11319558019062875,113.93918988086536,0.0003680604028597689,-3.253073298103447,0.07430039755583895,-0.03251915197947145,81.54948503975243,-0.004720243101484542,-0.01229500941045103,-0.001912672629146941,0.00998202408881177,0.0002603117447200487,-0.0004818554570304931,0.010250546418987483
583,0.1180579435213349,113.78959597135425,0.0032181902870855503,-3.212494667491317,0.07197382695310318,-0.0506130577981878,81.50597111913478,0.12072177172176014,113.78006505737642,0.0013198167414992961,-3.208108476982217,0.07353788656427707,-0.052670549837914,81.51280084296032,0.002663828200425239,-0.009530913977826572,-0.0018983735455862542,0.00438619050909983,0.001564059611173882,-0.0020574920397262025,0.0068297238255325965
584,0.11822482201705821,113.62816744863,0.0032352580544024174,-3.2446293066082146,0.06906068475661155,-0.06591263006147766,81.47781248541533,0.11745514324720717,113.62593608517817,-0.0013640176642484804,-3.263305869721413,0.06906206238187718,-0.06565997240646984,81.48304596696178,-0.0007696787698510399,-0.002231363451826951,-0.004599275718650897,-0.01867656311319843,1.377625265627791e-06,0.00025265765500781523,0.005233481546454755
585,0.11842331106423976,113.4672196143871,0.004370925471985352,-3.193276540960549,0.06535821723353495,-0.08218607086158645,81.4445104169399,0.11130871195602897,113.4646175737877,0.01194628705058135,-3.210555754981553,0.06563064192691836,-0.0819076428102703,81.45068070008882,-0.007114599108210787,-0.002602040599398947,0.007575361578595998,-0.017279214021004297,0.00027242469338341346,0.0002784280513161569,0.006170283148918543
586,0.11876279853013165,113.30676073502701,0.00887064650142435,-3.225060199413645,0.060934558971921564,-0.094760259602949,81.41633847583374,0.12421086196368289,113.29820548337445,0.0060313158157946686,-3.2301109936373487,0.05932877893984312,-0.09244894097899457,81.42346194127562,0.0054480634335512396,-0.008555251652566653,-0.002839330685629681,-0.00505079422370347,-0.0016057800320784452,0.0023113186239544226,0.007123465441878807
587,0.11930045981302334,113.14473754785966,0.012253988980574504,-3.2558468096256075,0.05593326777538464,-0.10529138825852802,81.3881108072459,0.12323184645830776,113.11965656992712,0.0016786152922411632,-3.2367657688819182,0.05524328989826488,-0.10523737349314286,81.39487895585168,0.003931386645284418,-0.02508097793254649,-0.01057537368833334,0.019081040743689215,-0.0006899778771197601,5.401476538516303e-05,0.00676814860578645
588,0.12004707237936031,112.98320806440331,0.017113119703754596,-3.20532056970262,0.050400595638062165,-0.1160154972343711,81.35487550365787,0.12983265909802527,112.96922009048613,-0.0022869051049754846,-3.1974893657047865,0.05007894626370346,-0.1165505057391154,81.36024263658386,0.00978558671866496,-0.013987973917181762,-0.01940002480873008,0.007831203997833658,-0.000321649374358704,-0.0005350085047443054,0.005367132925996998
589,0.12114519922608928,112.8221430324792,0.026354071951567897,-3.2372576485921005,0.044415791228734784,-0.1233766791387241,81.32672587597327,0.1201857650247399,112.82252187839778,0.03662456206713688,-3.233618689948113,0.04460712747090989,-0.12461164416033786,81.33405034638233,-0.0009594342013493767,0.000378845918575621,0.010270490115568982,0.0036389586439873334,0.00019133624217510664,-0.001234965021613757,0.007324470409059813
590,0.12222682319947674,112.66154401196962,0.016323450769463517,-3.186708347408363,0.03786532176467394,-0.13864209942370956,81.29349310480487,0.12051481549334077,112.65018114901694,0.010236032188225084,-3.1844698726827754,0.0367750148900039,-0.13963061019762898,81.29805454866853,-0.0017120077061359706,-0.011362862952680075,-0.006087418581238433,0.0022384747255874693,-0.001090306874670044,-0.0009885107739194265,0.004561443863664749
591,0.1233828185550614,112.50140043800107,0.02937999195860393,-3.21900639547875,0.030857764073515315,-0.1416602082226356,81.26537051061594,0.1275296862430575,112.49883684973503,0.025533370870216995,-3.2062316992341606,0.03040124401665434,-0.14202688296114177,81.27202420333651,0.004146867687996089,-0.002563588266042416,-0.0038466210883869346,0.012774696244589379,-0.0004565200568609762,-0.00036667473850618415,0.006653692720576032
592,0.12470528135177582,112.33967103017741,0.02296293616868414,-3.2501595376607124,0.02356662369796904,-0.14998540679921551,81.23718706335838,0.12928615341982586,112.33520688479415,0.023312889586478452,-3.2608942872391693,0.024479653163000048,-0.15003660869894955,81.24421442690931,0.0045808720680500375,-0.004464145383266782,0.0003499534177943131,-0.010734749578456881,0.0009130294650310095,-5.120189973403799e-05,0.007027363550932364
593,0.12572228233140867,112.17847562172203,0.017023579534152,-3.197657403397613,0.01587829544224564,-0.15754772342972043,81.20385675686056,0.12711586379571999,112.17688004198035,0.010387230919697513,-3.1903267339227215,0.01800317178505839,-0.15874778929756037,81.2127290124338,0.0013935814643113165,-0.0015955797416751238,-0.0066363486144544875,0.007330669474891582,0.0021248763428127516,-0.001200065867839939,0.008872255573237453
594,0.12702566534199375,112.01779956961175,0.03451225025765428,-3.2293513434975147,0.00807579936955809,-0.15455211947778155,81.17570729972354,0.12201798978647876,112.01634650708544,0.0490621813984297,-3.223572316271945,0.008858167531890615,-0.15407333991655595,81.18489315686034,-0.005007675555514984,-0.0014530625263091679,0.014549931140775421,0.005779027225569777,0.0007823681623325245,0.0004787795612256063,0.009185857136799314
595,0.1282545034653804,111.85759688776041,0.013923693048569774,-3.1787761420755287,8.836507843873291e-05,-0.16494525216699268,81.142483157486,0.1173215071073544,111.8545926134086,0.016152842492024394,-3.178751882940342,-0.00019760252423495217,-0.16389758466937446,81.15045702202183,-0.010932996358025998,-0.0030042743518094994,0.00222914944345462,2.425913518688816e-05,-0.0002859676026736851,0.0010476674976182265,0.007973864535827602
596,0.12901807997356582,111.69786317575623,0.015993823534324374,-3.2105528170836646,-0.008122168018286921,-0.1634760717020335,81.11435679137902,0.12618409265416494,111.6902137629671,0.04224076165936276,-3.2167523700572347,-0.008892113498530474,-0.1644482934226115,81.12381171496394,-0.002833987319400877,-0.007649412789120902,0.026246938125038387,-0.0061995529735701105,-0.0007699454802435526,-0.0009722217205780093,0.009454923584911512
597,0.12956265274083392,111.53860422584275,0.005048334014398881,-3.1598182342036183,-0.01638942176708938,-0.16721407825006482,81.08114476455994,0.12366780698401023,111.540858485907,-0.013776988505172956,-3.1493719065612553,-0.015643260499124345,-0.1677342649157535,81.08786497965164,-0.005894845756823697,0.0022542600642481148,-0.018825322519571835,0.010446327642362974,0.0007461612679650342,-0.0005201866656886767,0.006720215091704063
598,0.13008771886463322,111.37979260966696,0.015328001525779589,-3.1926221957351153,-0.024590401278662178,-0.16082510221284715,81.05308853943471,0.10896786294123595,111.38743026375354,0.01114701522889031,-3.1905256604892056,-0.02447595463625607,-0.16039832666952666,81.05995627249149,-0.021119855923397268,0.0076376540865794595,-0.00418098629688928,0.002096535245909692,0.00011444664240610816,0.00042677554332049006,0.006867733056779457
599,0.13060299498174083,111.22140659557236,0.004565669183148055,-3.1428251071442674,-0.032579183189539326,-0.15872617422223886,81.01995026993845,0.12370236443569471,111.22134481087195,0.007732520726795047,-3.147213384541889,-0.032172035940634114,-0.15969911372609186,81.0182468144261,-0.006900630546046116,-6.178470040651973e-05,0.003166851543646992,-0.004388277397621376,0.0004071472489052125,-0.0009729395038529931,-0.001703455512341634
600,0.13075184239143853,111.06344764540434,0.0007936824514329982,-3.17552504641063,-0.04041208074315128,-0.15458972792223916,80.99189376867244,0.13206560588717361,111.0602308963016,-0.0032294102282552136,-3.189964813531077,-0.04092050910441847,-0.15573112216407783,80.9882234493971,0.0013137634957350874,-0.003216749102733729,-0.004023092679688212,-0.014439767120447033,-0.000508428361267188,-0.001141394241838678,-0.0036703192753435587
601,0.13065540486483876,110.90592442815104,-0.005327238654403465,-3.12540354232274,-0.04793984306965711,-0.1465207651379941,80.9587502304667,0.13549513962292423,110.90628419088242,-0.012692795316192464,-3.1234513679960036,-0.04781168864197349,-0.1458593601869305,80.95466641663887,0.004839734758085468,0.0003597627313780549,-0.007365556661788999,0.0019521743267363334,0.00012815442768361607,0.0006614049510636211,-0.004083813827833183
602,0.13030802051946053,110.74881842381772,-0.009107319274144335,-3.15882345619365,-0.05504408801266262,-0.1376490325822262,80.93074921182897,0.13290110060119334,110.74924318462259,-0.011402106300706993,-3.164195498820475,-0.053006623082987314,-0.1373082689728028,80.92027641036171,0.0025930800817328126,0.0004247608048615348,-0.002294787026562658,-0.005372042626825113,0.0020374649296753047,0.00034076360942339456,-0.010472801467258819
603,0.12978541049592807,110.59210526361746,-0.012386316919176734,-3.109699849150881,-0.06161981000241931,-0.12537984700804145,80.89767820669705,0.1374924003812019,110.59513762417673,-0.010543754853259764,-3.101144754422133,-0.06191298954936286,-0.12395437684778009,80.89274276827688,0.007706989885273824,0.0030323605592741387,0.0018425620659169705,0.00855509472874827,-0.00029317954694355053,0.0014254701602613579,-0.004935438420176297
604,0.1291597821166213,110.43576720778272,-0.013089392689467004,-3.1438052974355757,-0.06756476419347802,-0.11241832063430722,80.86972878524647,0.12199889415332747,110.4313357382249,0.005882247508378525,-3.153317308475826,-0.06624159465704649,-0.11264732882809272,80.86946516396061,-0.007160887963293824,-0.004431469557815149,0.01897164019784553,-0.009512011040250457,0.0013231695364315371,-0.0002290081937855043,-0.00026362128585333267
605,0.1284966621390422,110.27979999986499,-0.013901728044932329,-3.094875822324493,-0.07276752383884429,-0.0956920651803431,80.8366809575929,0.12965941674669615,110.27515982579591,-0.017856128569065738,-3.1028424598518125,-0.07327030599444617,-0.09615697797711444,80.83825944039019,0.001162754607653943,-0.004640174069081127,-0.003954400524133409,-0.00796663752731952,-0.0005027821556018858,-0.00046491279677134123,0.001578482797285119
606,0.1279133170557635,110.12421166403718,-0.009764996417673345,-3.128638588687096,-0.07714659229447124,-0.07947067304473499,80.80871880831876,0.12442488898825294,110.13229912848034,-0.008537870772573172,-3.1466620402602885,-0.07742794998288804,-0.07921867570646174,80.81036507225369,-0.0034884280675105683,0.00808746444316455,0.0012271256451001737,-0.018023451573192517,-0.00028135768841680564,0.00025199733827324655,0.001646263934929948
607,0.12749937164885436,109.9690014845026,-0.0071032094029788995,-3.0797590829448267,-0.08060911195098787,-0.059030113215930144,80.77568385131258,0.12355473196663605,109.97444801143013,-0.002953718836810594,-3.080846137329515,-0.07869801651743291,-0.05941005131109025,80.77572804868954,-0.003944639682218309,0.005446526927528339,0.004149490566168305,-0.0010870543846883685,0.0019110954335549574,-0.0003799380951601053,4.4197376965371404e-05
608,0.1272049006151721,109.81415158673391,-0.004866380563020738,-3.114218466029583,-0.08312471297246145,-0.041593927643013014,80.74777309365219,0.13122357274659968,109.80904751101995,0.011967637058024826,-3.111010564334393,-0.08317446694182129,-0.04003012108665684,80.74643146387977,0.004018672131427592,-0.005104075713958878,0.016834017621045562,0.0032079016951902517,-4.9753969359842e-05,0.0015638065563561704,-0.001341629772412034
609,0.12704872684971022,109.65761491855645,-0.0015034721790022662,-3.1472298189246652,-0.0847395161098325,-0.02299819785182924,80.71977949054842,0.13114683686842835,109.65495041284436,-0.01035633383895014,-3.1330322368773924,-0.0851272314717133,-0.023080390945428148,80.71423204553714,0.004098110018718126,-0.002664505712090204,-0.008852861659947874,0.014197582047272839,-0.0003877153618807999,-8.219309359890764e-05,-0.0055474450112740215
610,0.1271087516905479,109.49945486825737,0.0038525026453829,-3.179154222382151,-0.08541067566103021,-0.0038481841960787445,80.69172536144957,0.1283933985992694,109.50236595699975,0.004825507445051275,-3.1794990224030726,-0.08750383512072579,-0.004493263259433095,80.68522997086521,0.001284646908721515,0.002911088742379775,0.0009730047996683749,-0.00034480002092163176,-0.0020931594596955844,-0.0006450790633543502,-0.006495390584362326
611,0.12745852428003435,109.34177601856862,0.010172653524485533,-3.127992668173361,-0.08502286900360564,0.019360450493061378,80.65857379137545,0.1281777895201278,109.35085050061788,0.006110522244375633,-3.1197175630139973,-0.08573127946050274,0.022253198161699034,80.64973381358138,0.0007192652400934418,0.009074482049257426,-0.004062131280109901,0.008275105159363694,-0.0007084104568970961,0.0028927476686376567,-0.008839977794067977
612,0.1280479898197095,109.18456953730714,0.013515262596960138,-3.1602497645525998,-0.08358500838262244,0.03815397434626682,80.63054854339654,0.1314190987206064,109.18191863091722,0.007575767803775427,-3.160995630207103,-0.08268077352053993,0.03867788259064595,80.62276453420951,0.0033711089008968964,-0.0026509063899169405,-0.005939494793184711,-0.0007458656545034081,0.0009042348620825064,0.0005239082443791315,-0.007784009187034258
613,0.12885029158390715,109.02782081228162,0.0187940290557038,-3.1096924210794596,-0.0811553911386041,0.05903071541446685,80.59744554832547,0.13277197691554724,109.02384885818566,0.015713991605952486,-3.0961383396235966,-0.08047730166781353,0.056521781055564144,80.59265449950664,0.003921685331640085,-0.003971954095959518,-0.0030800374497513133,0.01355408145586301,0.000678089470790566,-0.0025089343589027036,-0.004791048818830745
614,0.12981378237972252,108.8715112676825,0.02000159066909389,-3.1426722307020563,-0.0777852387059533,0.07577538189156484,80.5694735926985,0.13078503754182563,108.86256034721013,0.016184955076824614,-3.1540272409499925,-0.07831575363752341,0.0755877922548655,80.56605252442687,0.0009712551621031129,-0.008950920472358348,-0.0038166355922692775,-0.011355010247936281,-0.0005305149315701085,-0.00018758963669933404,-0.0034210682716349083
615,0.1308295337337681,108.71564061569681,0.021011270595874043,-3.0921468480346537,-0.0735265916225675,0.09457050144386704,80.53638277435114,0.12997153195208533,108.71100799235131,0.029338377597947475,-3.1104756170305072,-0.07249033089031043,0.0938857433564068,80.53550840888364,-0.0008580017816827712,-0.0046326233455005195,0.008327107002073432,-0.01832876899585356,0.0010362607322570716,-0.000684758087460241,-0.0008743654674958634
616,0.13181960901745832,108.56224432862655,0.01905172658096924,-3.043694993186593,-0.06838987252657791,0.11089826239571651,80.50342183835973,0.14091056921795972,108.56036287962367,0.019974439549633592,-3.051473042162496,-0.06993025764259775,0.11174741715040971,80.50094331310493,0.009090960200501402,-0.001881449002880231,0.0009227129686643527,-0.007778048975902951,-0.0015403851160198379,0.0008491547546932016,-0.0024785252548014114
617,0.13279189805185515,108.40919541863668,0.020283818680432233,-3.0782424728253215,-0.06252375138495188,0.12374658326932499,80.4755563507684,0.1387867024343869,108.40854086915053,-0.0017523858533300095,-3.0725853419761653,-0.06306415604229088,0.12351644408400762,80.47071019741553,0.005994804382531749,-0.0006545494861569523,-0.022036204533762243,0.0056571308491562,-0.000540404657338997,-0.00023013918531736288,-0.004846153352872307
618,0.1337204689358917,108.25444524245809,0.017349108476334328,-3.1117434719814283,-0.05606817030197976,0.13447666004955966,80.44763259441753,0.1352766517554915,108.25737475496452,0.015632364550075415,-3.1138670757768967,-0.058124249081459745,0.1346218269694302,80.44710275106513,0.001556182819599794,0.0029295125064265903,-0.001716743926258913,-0.0021236037954683873,-0.0020560787794799834,0.00014516691987054298,-0.0005298433523961421
619,0.13461621185695194,108.10008474364027,0.01910683276058162,-3.062663241330075,-0.04907747927942946,0.1451509808524524,80.41464958766176,0.1403298573098592,108.1033070521468,0.020203171532603058,-3.063366999421828,-0.04942657205908496,0.14557270515775875,80.41725061503924,0.005713645452907257,0.0032223085065368196,0.0010963387720214386,-0.0007037580917530484,-0.0003490927796555021,0.00042172430530634797,0.0026010273774801362
620,0.1354357266857202,107.94610914907472,0.01423699804599049,-3.0963344005001106,-0.04166458550368986,0.1513647701771315,80.38674221536016,0.1382832055606025,107.94638436019395,0.0031570092424196994,-3.1108660873864564,-0.04249682648232822,0.1510317722836159,80.38936512780505,0.002847478874882292,0.00027521111923078934,-0.01107998880357079,-0.014531686886345874,-0.0008322409786383628,-0.00033299789351562414,0.0026229124448917673
621,0.13598833817250042,107.79252113733779,0.00855838854215606,-3.047165841975516,-0.03397536427880512,0.1562040788182581,80.35375989739289,0.1288298006290752,107.79242065823902,0.013615627901175998,-3.0595297989656007,-0.03356566409219486,0.15672072189675207,80.3570942831207,-0.007158537543425214,-0.00010047909876220729,0.005057239359019939,-0.012363956990084635,0.0004097001866102609,0.0005166430784939724,0.0033343857278111955
622,0.13612766171211949,107.63932050097921,-0.0023903699340868736,-3.0808277670614235,-0.0261335987843406,0.15746654096032273,80.32585563002549,0.12788123497621073,107.64138577916917,-0.010443760787695528,-3.091452625174999,-0.026620900260003744,0.15675188225385242,80.3364710154779,-0.008246426735908752,0.0020652781899599404,-0.008053390853608655,-0.01062485811357572,-0.0004873014756631433,-0.0007146587064703058,0.01061538545241092
623,0.13565263504279176,107.48648884592276,-0.01590681520547395,-3.032412114670065,-0.018283339766505043,0.15654381975309956,80.29292377334073,0.13539398708535078,107.4893910368391,-0.0025610969059280883,-3.0374795540524504,-0.017862958860215716,0.1553328345226159,80.30407053834226,-0.00025864795744098834,0.0029021909163304827,0.013345718299545863,-0.005067439382385519,0.0004203809062893263,-0.0012109852304836577,0.011146765001527115
624,0.1345104176520394,107.33400654614299,-0.029194108080426148,-3.0668437073633026,-0.010543738219184686,0.15304024213971468,80.26506934316491,0.13091188255034164,107.33471838785016,-0.017288485899041982,-3.059532802077695,-0.009635843228110286,0.1523239332242888,80.27487009470208,-0.0035985351016977474,0.0007118417071723115,0.011905622181384166,0.007310905285607738,0.0009078949910744007,-0.0007163089154258728,0.009800751537170527
625,0.13307359216406914,107.17983627960143,-0.027695564813756627,-3.0999489220078993,-0.0028612305721937093,0.1542600637399244,80.23715395818488,0.12883104729132655,107.17334199267135,-0.016962273357812144,-3.1080002754190814,-0.00355035721976682,0.1529485612997849,80.25076603968782,-0.004242544872742587,-0.006494286930077919,0.010733291455944483,-0.008051353411182127,-0.0006891266475731106,-0.0013115024401395003,0.013612081502941464
626,0.1316418498247751,107.02608662176537,-0.028883253177962885,-3.050028064590288,0.004832334880382116,0.15348255436310862,80.20415841103093,0.13311575424542718,107.01561055527301,-0.022244973917632464,-3.0373158947213477,0.007051512724851161,0.15102004316345075,80.21630877811167,0.0014739044206520946,-0.010476066492358882,0.006638279260330421,0.012712169868940304,0.002219177844469045,-0.002462511199657874,0.012150367080735691
627,0.13011022810028028,106.87273930112353,-0.03180645646533724,-3.083841175860967,0.01240931057160386,0.1495964732857611,80.17629330434312,0.1318026650026307,106.87114922229784,-0.029243801256817283,-3.0712963688530492,0.01329359687764553,0.15074576493576586,80.18911864768154,0.0016924369023504082,-0.0015900788256857368,0.0025626552085199553,0.012544807007917935,0.0008842863060416709,0.001149291650004769,0.012825343338420225
628,0.12886049039053,106.71975318079653,-0.01751211529827039,-3.035611038758342,0.019929948828212647,0.15122905697859032,80.14340290210053,0.12571983172466422,106.7211755324814,-0.022511998021489996,-3.0420442365529525,0.019703418143158125,0.1512302974918359,80.15723465183906,-0.00314065866586577,0.0014223516848659301,-0.004999882723219606,-0.006433197794610379,-0.00022653068505452262,1.240513245570618e-06,0.013831749738528742
629,0.1282229832858312,106.56713633774523,-0.007416175245752825,-3.0690569888117936,0.027476205033009703,0.1506211912132919,80.11551930755037,0.1343193478090124,106.56217711863148,-0.023268205478685963,-3.0719859733644106,0.02596103351227219,0.14974106004397533,80.12695826796143,0.006096364523181186,-0.004959219113743529,-0.015852030232933138,-0.002928984552617031,-0.0015151715207375113,-0.000880131169316567,0.011438960411055632
630,0.12819792534363875,106.414898596775,0.007078145594564182,-3.0204572280142625,0.034932599054097645,0.1476345696302259,80.08261923053344,0.12479692697441322,106.41846539692985,0.006054744671526885,-3.003889375624858,0.03408267955535882,0.14768114853543246,80.09755527840097,-0.0034009983692255275,0.0035668001548430084,-0.0010234009230372966,0.016567852389404614,-0.0008499194987388256,4.657890520656793e-05,0.014936047867536217
631,0.12831756185907642,106.26300433787941,-0.001756246904572878,-3.0552839898991966,0.04200887960212872,0.13541665229101726,80.05482836007968,0.13054511600378807,106.25027612863455,0.005669473600054592,-3.0566425471868515,0.042057849555104276,0.13437132397718818,80.06440427629998,0.002227554144711652,-0.012728209244855293,0.00742572050462747,-0.0013585572876548824,4.896995297555551e-05,-0.0010453283138290859,0.009575916220299518
632,0.12836333987205115,106.11144504804254,0.004173267668734093,-3.007084817865956,0.04856083655344565,0.12666162576165968,80.02196756375298,0.1300547813007641,106.09622086558842,-0.00021058637094619435,-3.0003460232767414,0.04983770849295022,0.12580847357785419,80.03443674190167,0.001691441428712942,-0.015224182454119273,-0.004383854039680287,0.0067387945892147805,0.0012768719395045702,-0.0008531521838054945,0.01246917814869164
633,0.12861544435528266,105.96022480875045,0.0063720385666797994,-3.041709047793692,0.054651967901405876,0.11698362815674966,79.99417888945861,0.13216268828166197,105.95872558981647,0.007910405671223409,-3.040045803083313,0.052559772300135865,0.1176849896889379,80.00627689525004,0.003547243926379312,-0.0014992189339864126,0.0015383671045436096,0.0016632447103792636,-0.002092195601270011,0.0007013615321882355,0.0120980057914295
634,0.12904489510946096,105.80933090525626,0.01130080058199747,-2.99404198145008,0.06019224634732889,0.10462750968017107,79.96136162494983,0.13139441124343662,105.79627910703333,-0.009284727276639987,-2.9780590041788066,0.06200973134460641,0.10388735751192242,79.97127933753657,0.00234951613397566,-0.01305179822293212,-0.02058552785863746,0.015982977271273402,0.0018174849972775187,-0.000740152168248645,0.009917712586741345
635,0.12955556733092335,105.65874505320878,0.009497004965016036,-3.029373734936717,0.06509549882236064,0.09150258932109873,79.93362503168716,0.12820692086042934,105.64435870624412,0.00888745039493883,-3.0162646611786883,0.06286323989335907,0.09340644015172717,79.94615338542499,-0.0013486464704940138,-0.014386346964656127,-0.0006095545700772059,0.013109073758028611,-0.002232258929001571,0.0019038508306284396,0.012528353737835118
636,0.13019541751971628,105.5064375363599,0.016416675536123578,-3.0629099357340372,0.06933585819244449,0.07811178548225525,79.90578513348333,0.11235133451215312,105.50332173718978,0.02931785124232425,-3.0554635638223973,0.06905717332448758,0.07861046584854775,79.91555430880899,-0.017844083007563155,-0.003115799170117839,0.012901175706200672,0.007446371911639993,-0.00027868486795691594,0.0004986803662924977,0.009769175325658352
637,0.13097754979945864,105.35451474467312,0.01517860542313708,-3.013992764559812,0.07279316943769595,0.06018066432780313,79.8729094413955,0.12254115423693111,105.34673273555688,0.03404607282199271,-2.9929668779501415,0.07246846723712741,0.05902175752756345,79.88384653927329,-0.008436395562527524,-0.007782009116240829,0.018867467398855628,0.02102588660967042,-0.00032470220056854404,-0.0011589068002396744,0.010937097877786073
638,0.1319224709849921,105.20295724637465,0.022812818573348343,-3.048288645219889,0.07540127122635966,0.04414340721874488,79.84512424081497,0.13160405258017946,105.19946132153444,0.017203130202454196,-3.038926750347104,0.07552949154923772,0.04350070521452812,79.85815946510048,-0.0003184184048126426,-0.003495924840208886,-0.005609688370894147,0.009361894872784937,0.00012822032287805596,-0.0006427020042167608,0.013035224285516733
639,0.13298163465669255,105.05175217252976,0.019706971661250558,-2.999905319263318,0.07711312844926792,0.02433088169758522,79.81229099775314,0.13171118420430925,105.04872741870739,0.021146742423002136,-3.010566577369891,0.07648311816206776,0.02360337888621136,79.8269646259149,-0.0012704504523833038,-0.0030247538223733272,0.0014397707617515784,-0.010661258106572813,-0.0006300102872001528,-0.0007275028113738619,0.014673628161759211
640,0.13395434941108142,104.90293354501036,0.019265978744037477,-2.952831085632591,0.07783252881338608,0.004445132867140992,79.77954088398144,0.13974431004390386,104.89961000876762,0.01481958901988661,-2.9512195624031783,0.07780053374603746,0.005456650268502055,79.7969038562934,0.005789960632822444,-0.0033235362427319615,-0.004446389724150866,0.0016115232294127146,-3.199506734861968e-05,0.0010115174013610633,0.017362972311957492
641,0.13489662946954176,104.75439808884609,0.018410008915126258,-2.9885695495772437,0.0776292577741586,-0.01257597443624011,79.75185428909327,0.13056236693425588,104.75300784271053,0.03759791225785071,-2.9952786617713247,0.0768246897675704,-0.013094134610563,79.77142265164129,-0.004334262535285877,-0.0013902461355570495,0.019187903342724452,-0.006709112194080991,-0.0008045680065882077,-0.0005181601743228896,0.019568362548014306
642,0.13593139539097462,104.60412677281303,0.022899837554527035,-3.0222659186313674,0.07658360937396522,-0.029249961571495404,79.72404962489165,0.13402152425828867,104.59667115075653,0.028610909565991625,-3.0189287645653025,0.07731359351396261,-0.029263031166409915,79.73948313257809,-0.001909871132685953,-0.007455622056497191,0.005711072011464591,0.00333715406606494,0.0007299841399973916,-1.3069594914510985e-05,0.015433507686438475
643,0.13700640835847971,104.45421249896067,0.019925958223079028,-2.97429784064562,0.07463085388902015,-0.04886025782630758,79.69126229915112,0.14350944404874444,104.44867469723143,0.015117015290169329,-2.992618420768837,0.07453376035353232,-0.04946878217931511,79.70241932019553,0.006503035690264725,-0.005537801729246894,-0.004808942932909699,-0.01832058012321669,-9.709353548782718e-05,-0.0006085243530075252,0.011157021044411408
644,0.13802589664838547,104.30465759600865,0.020638550818354553,-3.007881394211064,0.07179933578476556,-0.06440046634387586,79.6634594155948,0.13370103287604512,104.30651714617258,0.039658104605271194,-2.99849000324067,0.0725926263457235,-0.06267354829242176,79.67385748751776,-0.004324863772340343,0.0018595501639282475,0.01901955378691664,0.009391390970394209,0.0007932905609579349,0.0017269180514540988,0.010398071922963936
645,0.13903945410657226,104.15544368448833,0.019576901694358974,-2.9606676816934536,0.06814120223811228,-0.08192487552225541,79.63072873734917,0.13348017190310138,104.15319399425316,0.015685966573495105,-2.9590362000922306,0.06707434528165246,-0.08214664799133939,79.64235902176702,-0.005559282203470878,-0.0022496902351747394,-0.003890935120863869,0.0016314816012230615,-0.001066856956459819,-0.00022177246908397508,0.011630284417847747
646,0.14004437834654782,104.00654054291951,0.02028556001951229,-2.9954394393652604,0.06372321497810923,-0.09479461487786618,79.60300693502779,0.13715155929814818,104.00538664794658,0.022417122108255475,-2.9907225501997274,0.06320945429886571,-0.09438647864629716,79.61663748206448,-0.0028928190483996363,-0.0011538949729299475,0.0021315620887431865,0.004716889165532923,-0.0005137606792435245,0.00040813623156901735,0.013630547036683538
647,0.1411328041146676,103.85794633221815,0.022797325615706614,-2.9483186752152397,0.05864135835414408,-0.1084796500807401,79.57029200493582,0.1425231200703699,103.85256120540323,0.031338455577858276,-2.945524652794741,0.06074529138531348,-0.10736815297449881,79.58406257234924,0.0013903159557022982,-0.005385126814914543,0.008541129962151662,0.002794022420498532,0.0021039330311694027,0.0011114971062412965,0.013770567413416757
648,0.14231775224990417,103.70965248758155,0.02416995645530926,-2.9834161809404236,0.052948725898950756,-0.1192256481269929,79.54259864621453,0.134009570097864,103.72292800220757,0.031155943876754057,-2.9849250043687974,0.05237649366822916,-0.11953048660364923,79.55783374511701,-0.008308182152040183,0.013275514626016616,0.006985987421444798,-0.0015088234283737734,-0.0005722322307215935,-0.00030483847665632724,0.015235098902479649
649,0.14368576484972234,103.5616583867675,0.029996452882233834,-2.936333729370679,0.046749817439507846,-0.12873069025072356,79.50989487911497,0.14375420509283082,103.57568198489324,0.021606792918288452,-2.936009381519822,0.04769945914945639,-0.12861154781586057,79.52404700223725,6.844024310848074e-05,0.01402359812573195,-0.008389659963945383,0.0003243478508569986,0.0009496417099485455,0.00011914243486299547,0.014152123122286753
650,0.1453307196854582,103.41395848501607,0.035302650723664446,-2.9716389807262877,0.040150608157858515,-0.13523768101524972,79.48222108750797,0.14024000284336358,103.42178214803833,0.04476238944107989,-2.9779301188996965,0.040629790564579604,-0.13698696165213395,79.50017546169548,-0.005090716842094611,0.007823663022264782,0.009459738717415442,-0.006291138173408761,0.00047918240672108897,-0.0017492806368842317,0.01795437418751078
651,0.14685584802357873,103.26655054822051,0.025068673280995407,-2.9246825056481347,0.03305074017662642,-0.14875703823403427,79.44953078612686,0.14184267673336767,103.26544052878,0.024126054671274905,-2.9465419456966053,0.03377258862164689,-0.14964439532578416,79.46115349752701,-0.00501317129021106,-0.0011100194405031516,-0.0009426186097205025,-0.021859440048470624,0.000721848445020476,-0.0008873570917498907,0.011622711400150365
652,0.14834210384972132,103.11944905682152,0.03381455285606684,-2.959348694117907,0.025561679438619016,-0.15080539128626172,79.4218233128661,0.14572165011263852,103.11464680881673,0.04174609382027453,-2.9438689859774456,0.02548426029702755,-0.1512619565973838,79.43176651188557,-0.0026204537370828063,-0.004802248004793341,0.007931540964207687,0.015479708140461401,-7.741914159146643e-05,-0.0004565653111220924,0.009943199019474491
653,0.14995532434978878,102.97061723831276,0.030131024878267444,-2.9939129374636333,0.017854262008089924,-0.15749130593490196,79.39411948818379,0.14824692271879764,102.9575034524287,0.0222750069017481,-2.9873560522958362,0.017234442407522366,-0.15694498621225772,79.40339147009193,-0.0017084016309911465,-0.01311378588405887,-0.007856017976519344,0.006556885167797066,-0.0006198196005675581,0.0005463197226442396,0.00927198190814238
654,0.15147282184939065,102.8221210442678,0.02985352441887729,-2.945930810336659,0.009860505066451312,-0.16225897173064252,79.36138978088343,0.14620096659387616,102.80738297793266,0.03556517128976919,-2.947152439830096,0.010013557965229403,-0.16321838671436187,79.36897217789449,-0.00527185525551449,-0.014738066335141298,0.005711646870891898,-0.0012216294934370708,0.0001530528987780909,-0.0009594149837193477,0.007582397011063335
655,0.15255206796268356,102.67396255576162,0.012685284043413823,-2.9804152417011385,0.0015243299477548222,-0.17118803301721702,79.33367122848108,0.15087798079452888,102.66491935053169,0.019202569385641046,-2.971051996064153,0.0012700854995486566,-0.17236475992988048,79.34527241745135,-0.0016740871681546754,-0.009043205229929185,0.006517285342227223,0.009363245636985429,-0.0002542444482061656,-0.0011767269126634616,0.011601188970274734
656,0.1532717426140173,102.52612807756921,0.015338691036308794,-2.932953847104646,-0.007005318295024562,-0.16999789669395837,79.30098397239132,0.15546802935370752,102.53079396197293,0.014937449616512354,-2.9253887212753273,-0.006401984626676072,-0.16975254536863546,79.30986570150789,0.0021962867396902175,0.004665884403721066,-0.00040124141979644076,0.007565125829318564,0.0006033336683484904,0.00024535132532291226,0.008881729116566817
657,0.1541480271434746,102.37860836404063,0.019075099168799473,-2.967813843141397,-0.01542198022608959,-0.16666858054864273,79.27331658527183,0.15342731964324252,102.37669689302102,0.018465937345477596,-2.956965517952765,-0.014496636662902684,-0.1667407892679666,79.28214646049625,-0.0007207075002320651,-0.0019114710196106444,-0.0006091618233218764,0.010848325188632213,0.0009253435631869054,-7.220871932386852e-05,0.008829875224421357
658,0.1548192357172245,102.23138900980733,0.00702742383911766,-2.920971472284722,-0.023795048695410694,-0.16825415822420137,79.24066618257874,0.15547770642078962,102.23792645420862,0.008907551126923652,-2.927206865882684,-0.023768147550995433,-0.16706100023782802,79.24414163600194,0.0006584707035651172,0.006537444401288894,0.0018801272878059914,-0.006235393597961991,2.6901144415260314e-05,0.0011931579863733444,0.0034754534232064316
659,0.15496591230974505,102.08447410551345,-0.0017939340735299743,-2.9556201743661643,-0.03216968760456733,-0.1667313981420641,79.21298906882578,0.14507870850068053,102.08209771161467,0.0013508033190846552,-2.9508014345686724,-0.03120814304159536,-0.1650728959841579,79.21661954305098,-0.009887203809064521,-0.0023763938987855227,0.0031447373926146295,0.004818739797491922,0.0009615445629719693,0.001658502157906222,0.003630474225204239
660,0.15465979054368706,101.93786578734505,-0.011185746034855212,-2.9087169312194234,-0.0403935187173924,-0.1622218463709388,79.18035142821401,0.15246728834855988,101.93176823019623,-0.015531409566094903,-2.902209757695052,-0.04026727500238714,-0.16276884926684013,79.184999016446,-0.0021925021951271773,-0.0060975571488199876,-0.004345663531239691,0.006507173524371357,0.00012624371500526144,-0.0005470028959013162,0.00464758823198963
661,0.15395678646684013,101.79154478396215,-0.017534502678357156,-2.944112742154065,-0.048339557390844605,-0.15561970056714935,79.15273228525514,0.14990613778686795,101.78268552831386,-0.03048756060769995,-2.939799405481778,-0.04964910640068654,-0.1550171171668882,79.15518773342436,-0.00405064867997218,-0.008859255648289377,-0.012953057929342794,0.004313336672286727,-0.001309549009841933,0.0006025834002611474,0.0024554481692149466
662,0.15349800924201007,101.64550071418451,-0.0014683856893140598,-2.8976223452400003,-0.05563284295780845,-0.13611172211140446,79.12012109287703,0.16239881838873294,101.65372933634157,-0.018175457332297147,-2.891547197196826,-0.05756189685630542,-0.1384114080576534,79.12178273865891,0.008900809146722866,0.00822862215706266,-0.016707071642983087,0.006075148043174217,-0.0019290538984969643,-0.002299685946248936,0.0016616457818798835
663,0.1534536244583871,101.49972920522617,-0.0007995116157769553,-2.9332212608636334,-0.06214836652609511,-0.12450922062006181,79.09252489073427,0.15621756449009055,101.5096602778546,-0.00021445283562501402,-2.943251163320082,-0.06273369552605867,-0.12444229406166595,79.0912837352408,0.0027639400317034657,0.009931072628432958,0.0005850587801519413,-0.010029902456448525,-0.0005853289999635664,6.692655839586614e-05,-0.0012411554934743663
664,0.1534102577569544,101.35424656308115,-0.0014572251808817652,-2.8860764962853986,-0.06799022864827532,-0.10916526426714668,79.05989821361528,0.14424986445494403,101.35130268212038,0.0011720860967250409,-2.886276635737519,-0.06722317759996432,-0.1088283549953455,79.05530983820147,-0.009160393302010378,-0.002943880960771139,0.002629311277606806,-0.00020013945212049578,0.0007670510483109988,0.00033690927180117514,-0.004588375413817403
665,0.15334690818670926,101.20905251041339,-0.001462458817364172,-2.9216682462261083,-0.07309359169970843,-0.0949692577901776,79.03231024091038,0.14980790238028344,101.21987912720645,0.015843094630373505,-2.9270104181051524,-0.0723456174010404,-0.09413247585125856,79.02412007643555,-0.0035390058064258267,0.010826616793067956,0.017305553447737678,-0.005342171879044066,0.0007479742986680332,0.0008367819389190484,-0.008190164474825679
666,0.15343128001510178,101.06413364911302,0.004452672533364394,-2.8750770830342716,-0.07738328123959465,-0.07661832380527117,78.99972756869485,0.1481020112178501,101.07746134856488,-0.0050385926813492216,-2.870218023436143,-0.0790255848051058,-0.07669043931146248,78.99645294423371,-0.0053292687972516795,0.01332769945186385,-0.009491265214713615,0.004859059598128379,-0.0016423035655111495,-7.211550619130869e-05,-0.003274624461141684
667,0.15374440724854588,100.91947782922105,0.007815993842815127,-2.911136286437225,-0.08077804160352775,-0.05917209075205292,78.97217601719089,0.14929333088087138,100.92350732646923,0.02476269608566314,-2.9155429681134364,-0.08022785110567066,-0.05818615191782811,78.96257120518167,-0.0044510763676745,0.004029497248183134,0.016946702242848014,-0.004406681676211388,0.0005501904978570948,0.000985938834224806,-0.009604812009214925
668,0.15419990474408918,100.77507816503254,0.01018610338192719,-2.864840654949271,-0.08321940232770572,-0.03848233821506612,78.93962139126103,0.16190509963527877,100.77888202197789,0.01953695667092485,-2.86502527231001,-0.08280992261637055,-0.03932380039403338,78.93391403711342,0.007705194891189593,0.0038038569453533455,0.009350853288997662,-0.00018461736073893675,0.0004094797113351756,-0.0008414621789672588,-0.005707354147602928
669,0.154821029901045,100.63093475043084,0.014547038892601102,-2.900877737906822,-0.08469124481087455,-0.020391361111686636,78.91207745338627,0.15107844929208913,100.63097124460161,0.0060329300380453366,-2.8898386940527265,-0.08657659791458272,-0.018151255017079888,78.90755035742274,-0.0037425806089558533,3.6494170771561585e-05,-0.008514108854555766,0.011039043854095265,-0.0018853531037081733,0.002240106094606748,-0.004527095963538841
670,0.15564327698970093,100.4850196324535,0.018301618517476255,-2.9357090751851986,-0.08523239127642666,-0.0012544975103982586,78.88446582262443,0.15689980052900826,100.48838134045916,0.02059971501496281,-2.9351881877536266,-0.08795318758075465,-0.0007924693955694835,78.8842810105465,0.0012565235393073304,0.003361708005655828,0.002298096497486555,0.0005208874315720813,-0.002720796304327991,0.00046202811482877514,-0.00018481207793286103
671,0.15669586075026418,100.33942756803224,0.023847091484282604,-2.887965537911724,-0.08472455559886678,0.021567924612793592,78.85183928527495,0.15673478425394483,100.35439342569701,0.02262587498693796,-2.91211708681124,-0.0839052558980149,0.022918508559519588,78.85793852135262,3.892350368064901e-05,0.01496585766477665,-0.0012212164973446453,-0.024151548899515873,0.000819299700851886,0.0013505839467259952,0.006099236077673709
672,0.15793647367678992,100.19619707956403,0.0259207120149913,-2.841245911541875,-0.08312028611536224,0.042602854727388374,78.81927951570002,0.15540882083411414,100.19365946842562,0.024858917533617093,-2.821743434157582,-0.08322939201814572,0.04222748942907502,78.82261018759435,-0.0025276528426757816,-0.0025376111384076694,-0.0010617944813742057,0.019502477384293115,-0.00010910590278348509,-0.0003753652983133557,0.0033306718943322267
673,0.15928761527055188,100.05319998069952,0.028317733706555173,-2.8786211315985586,-0.0805570549212959,0.0599263930352649,78.79183425621612,0.1575531117185096,100.05385742558775,0.03351560205976706,-2.8836561473981956,-0.08038151044399644,0.061971832530184776,78.79429931833762,-0.0017345035520422714,0.0006574448882332717,0.005197868353211885,-0.005035015799637055,0.00017554447729946354,0.002045439494919879,0.00246506212150166
674,0.16071572021168032,99.91040824461892,0.0291162738891751,-2.8330400226498518,-0.07708052256833034,0.07913490108335774,78.75935426691929,0.1487674939925104,99.91075298643769,0.02382602447610916,-2.815095115182934,-0.07857605374340304,0.08050138033945267,78.76291761095513,-0.01194822621916991,0.00034474181876475996,-0.005290249413065939,0.01794490746691757,-0.0014955311750727007,0.0013664792560949268,0.0035633440358395774
675,0.1622229320804884,99.76782027146773,0.031498984650182575,-2.8704619309938493,-0.07273519184770313,0.09467832774173038,78.73192072510409,0.1543610191920883,99.76916005718421,0.019457584964752073,-2.887662331788975,-0.07429676840244381,0.09473387956791224,78.73388778746165,-0.007861912888400102,0.001339785716481856,-0.012041399685430502,-0.01720040079512586,-0.001561576554740679,5.555182618185994e-05,0.0019670623575649415
676,0.16384647853712767,99.6254483864069,0.033901942159467326,-2.8244046259490854,-0.06758320320912437,0.11140121780142068,78.6994222548831,0.16266965083507187,99.63487296450373,0.025779622923005015,-2.825733886115001,-0.0668343624324863,0.11156380110691987,78.7018120016529,-0.0011768277020557938,0.009424578096826508,-0.008122319236462311,-0.0013292601659156134,0.00074884077663806,0.0001625833054991893,0.0023897467697935326
677,0.16545161970560862,99.48330872415418,0.03074560451068256,-2.8611612218671674,-0.06172153165586901,0.12306564432879365,78.67195639673713,0.16034686567607961,99.49055040975102,0.021291388230684688,-2.86200052363058,-0.06226105133554638,0.1229905937564519,78.67744577516324,-0.005104754029529007,0.007241685596838465,-0.009454216279997874,-0.0008393017634125144,-0.0005395196796773721,-7.50505723417505e-05,0.005489378426105418
678,0.16686879612122543,99.34137625445793,0.026516082472915325,-2.8161240401476952,-0.055267548719109515,0.13509367314158607,78.63952917387094,0.16925643873860752,99.341886909884,0.03629996304288441,-2.8139176965676587,-0.05537572493302223,0.1351321177790265,78.64130328117989,0.0023876426173820853,0.0005106554260692064,0.009783880569969084,0.002206343580036574,-0.00010817621391271542,3.844463744043236e-05,0.0017741073089467818
679,0.1680482162333492,99.19964333153371,0.021184872299710035,-2.853168631230983,-0.04831542490804534,0.1429912793009807,78.61208798201163,0.1695458075501702,99.20354849879658,0.016788484412077424,-2.8636111881229116,-0.048008873029573795,0.1442777873582488,78.62061547196143,0.0014975913168210064,0.0039051672628716005,-0.004396387887632611,-0.010442556891928412,0.00030655187847154763,0.0012865080572680987,0.008527489949798905
680,0.16891519777632608,99.05811813796917,0.014147262193436441,-2.807819364944284,-0.04099885664210743,0.14967145133653578,78.57964876602662,0.16964239540343806,99.0577611947597,0.015581464656780411,-2.809684789122041,-0.04026430966590899,0.15095706226880456,78.58879826225224,0.0007271976271119862,-0.00035694320946788594,0.0014342024633439698,-0.0018654241777569247,0.0007345469761984372,0.0012856109322687825,0.009149496225617781
681,0.16938955734908415,98.91680050331153,0.005397976443142287,-2.84485636092241,-0.03343426583714883,0.15291218086180836,78.55221190094369,0.16537351735725456,98.9251663366076,-0.01256512634268576,-2.8512180009714916,-0.032863218862089205,0.15214051218882832,78.55719839775743,-0.00401603999182959,0.008365833296068104,-0.017963102785828047,-0.006361640049081796,0.000571046975059622,-0.0007716686729800359,0.004986496813742747
682,0.16932556854755362,98.77567976800876,-0.007273680195725133,-2.7999476095837386,-0.025756060512590336,0.15421603212053137,78.51980490801955,0.15831526450292469,98.7800908436934,-0.011511991633710238,-2.7860690164256647,-0.026484498145780577,0.15425088157805653,78.52753840346845,-0.011010304044628938,0.004411075684643606,-0.004238311437985105,0.013878593158073826,-0.0007284376331902417,3.484945752516011e-05,0.007733495448903227
683,0.16872088110460573,98.63473488768227,-0.016333626658892736,-2.837814842189844,-0.01806624165722486,0.15337672209408762,78.492424021408,0.15966058730148813,98.64143453694933,-0.009014320354849729,-2.8273870040726656,-0.01854101740964431,0.15390774057672252,78.50110451443952,-0.009060293803117597,0.0066996492670625685,0.007319306304043007,0.01042783811717829,-0.00047477575241944986,0.0005310184826348985,0.008680493031519632
684,0.1675686232682454,98.49194301951991,-0.02918235718806223,-2.8738249170858157,-0.010478905770684815,0.15011671336751425,78.46493353343017,0.16358066276980782,98.50238478689712,-0.02651423769905256,-2.862194676581326,-0.011357521476857535,0.14909766832025048,78.4711240037907,-0.003987960498437582,0.010441767377216138,0.002668119489009673,0.011630240504489464,-0.0008786157061727203,-0.0010190450472637724,0.0061904703605364375
685,0.1661481971254116,98.3494032651446,-0.026960925801284997,-2.8277577543634607,-0.002922046767734287,0.15215764675050686,78.43248324119563,0.15585984615759074,98.34632013661042,-0.04836138060686063,-2.8282581784742713,-0.002173873190807196,0.1503155132288468,78.43883883416555,-0.010288350967820853,-0.0030831285341861303,-0.02140045480557563,-0.0005004241108106378,0.0007481735769270907,-0.001842133521660072,0.006355592969924828
686,0.1651390402382278,98.20712172436838,-0.012819144277098274,-2.8635045909002637,0.004838044841927177,0.1582460176359517,78.40498488843916,0.15842330799537263,98.19371113064146,-0.011765352042654567,-2.8766481987914725,0.0056665891475553565,0.1592136215536754,78.41307484996491,-0.0067157322428551824,-0.013410593726916886,0.001053792234443707,-0.01314360789120883,0.0008285443056281795,0.0009676039177237139,0.00808996152575503
687,0.1643537588132293,98.06512296258032,-0.017894285914401013,-2.816430944077423,0.01264442286318657,0.15400910321442404,78.37248262754872,0.1666744240764461,98.06796091479582,-0.020116616326304695,-2.8038233488386677,0.013690771212378827,0.1550208928688155,78.38065333739205,0.0023206652632167812,0.00283795221550065,-0.002222330411903683,0.01260759523875521,0.0010463483491922575,0.0010117896543914706,0.008170709843327018
688,0.16375537327608955,97.92339016990536,-0.0054604973209371205,-2.852876001744532,0.02037229740941031,0.15510587863452552,78.34504184459645,0.16088540113884148,97.92423454494477,-0.012758422250740538,-2.855034390000639,0.020885621052427084,0.1568657519970252,78.35674769355849,-0.0028699721372480724,0.0008443750394064864,-0.007297924929803417,-0.0021583882561073686,0.0005133236430167748,0.001759873362499692,0.011705848962037635
689,0.16371243330500937,97.78190125960384,0.004431694744176502,-2.806684508147689,0.02809459454678055,0.1537860068602841,78.3125990076384,0.15662859064227946,97.78151881397915,-0.010056630701919459,-2.817391675789267,0.026771623046825788,0.15353867091419052,78.32306172827903,-0.007083842662729906,-0.0003824456246945829,-0.01448832544609596,-0.010707167641577975,-0.0013229714999547608,-0.0002473359460935798,0.010462720640632028
690,0.1642079331749676,97.64267747138334,0.016062578985826016,-2.7622699003257596,0.03569940951814152,0.15040659199415465,78.2802676935208,0.15921476960578893,97.6386990572421,-0.0019433128964571388,-2.7530848092054305,0.035600199184266934,0.15006952746252708,78.29096180868726,-0.004993163569178671,-0.003978414141229791,-0.018005891882283156,0.009185091120329059,-9.921033387458311e-05,-0.00033706453162757333,0.010694115166458573
691,0.16513136510939885,97.50360859092521,0.02142958805520111,-2.800474300842207,0.04308176737687089,0.14488772235502023,78.25294924050975,0.16206984961250487,97.51232108126972,0.011532921900331792,-2.7983098528815815,0.04414092629825417,0.14633056060889393,78.25853084565064,-0.003061515496893985,0.008712490344507273,-0.009896666154869319,0.0021644479606255373,0.0010591589213832797,0.0014428382538737017,0.005581605140889678
692,0.166297034536592,97.3626813183831,0.025728171526113886,-2.836602431220241,0.050122536787891823,0.13674305408581713,78.2255128300514,0.15707540728670707,97.36981146717156,0.03056295517214648,-2.849979278350893,0.04959110433157532,0.13496708303260457,78.23563654258018,-0.009221627249884928,0.00713014878846252,0.004834783646032594,-0.013376847130651903,-0.0005314324563165038,-0.0017759710532125605,0.01012371252878097
693,0.1671993221830123,97.22200880211284,0.010931036601332496,-2.790272485288489,0.05646399457565943,0.11691525742488731,78.19307375328016,0.1629884297594151,97.2144537857766,0.008556551900045999,-2.7821984386908634,0.05607398728150814,0.11679867144823132,78.20538293277558,-0.004210892423597207,-0.007555016336240783,-0.0023744847012864972,0.00807404659762545,-0.00039000729415129137,-0.00011658597665599457,0.012309179495417766
694,0.16774510936749892,97.08158116449108,0.011319821673250657,-2.8268165558203435,0.062023947103735176,0.10548284369814237,78.16567165422065,0.1700613718207082,97.07587230922694,0.013345073748343674,-2.8286201104382918,0.0625490486653173,0.10458389599510395,78.17630864488846,0.002316262453209289,-0.0057088552641459955,0.002025252075093017,-0.0018035546179482331,0.0005251015615821211,-0.0008989477030384163,0.010636990667819646
695,0.1683095485450024,96.94138475134392,0.01169291113279926,-2.7810304184011665,0.0669053545430809,0.08977345387568646,78.13329023617932,0.1688435707573849,96.93475301129912,0.02260100859804922,-2.7797245295154633,0.06467172481907113,0.0888315640778036,78.14103481110081,0.0005340222123824956,-0.00663174004479572,0.01090809746524996,0.0013058888857031548,-0.0022336297240097697,-0.0009418897978828583,0.007744574921488834
696,0.16897353898385836,96.8014220502542,0.015178569615415229,-2.8174602720201474,0.0710487994637964,0.07596434295293336,78.10589000512694,0.17778300635665537,96.80420423511453,0.010757369872521622,-2.8155162651168406,0.07172590515990152,0.07600275879187944,78.11435935645748,0.008809467372797003,0.0027821848603224453,-0.004421199742893607,0.0019440069033067608,0.0006771056961051153,3.841583894607925e-05,0.008469351330546715
697,0.16967374714097663,96.66168327781239,0.013126865047575181,-2.7720800012738316,0.07438134395876557,0.05733743684583348,78.07354305703487,0.17062970390335033,96.6668679194449,0.007009476881592628,-2.7546496903048956,0.07522394883013206,0.05624825763649098,78.07871284493416,0.0009559567623736998,0.005184641632510534,-0.006117388165982554,0.01743031096893599,0.0008426048713664896,-0.0010891792093424973,0.005169787899291123
698,0.17024938117757232,96.52214649560057,0.010083197514033788,-2.8093724536116365,0.07683391425810913,0.04076537512790927,78.04620311728746,0.16404462334862677,96.52789064742018,0.017127289522737184,-2.8048746701775062,0.07559761202914128,0.04037814287553701,78.049016787329,-0.006204757828945556,0.005744151819612853,0.007044092008703396,0.004497783434130209,-0.0012363022289678532,-0.0003872322523722632,0.0028136700415331006
699,0.17082612139089254,96.38280520405443,0.013123472809733527,-2.764269553871753,0.07838309562597766,0.02120187958683179,78.0138835095492,0.16919600642296798,96.38439346860865,0.015183436993704646,-2.7783685952112434,0.0792288355397548,0.0198270903731761,78.01738838948572,-0.001630114967924562,0.001588264554214902,0.002059964183971119,-0.014099041339490359,0.0008457399137771354,-0.0013747892136556916,0.0035048799365142713
700,0.17137717017115614,96.24568822137323,0.008967075193368972,-2.720400125317465,0.07892906130792218,0.0006367476909493464,77.98164112862382,0.1662241442711344,96.25598608318069,0.003523005980294671,-2.715325043913105,0.07888227086055322,0.001968968448917515,77.98570658655962,-0.005153025900021729,0.01029786180745873,-0.0054440692130743006,0.00507508140435986,-4.6790447368966204e-05,0.0013322207579681685,0.004065457935794825
701,0.17183861246734772,96.10870118272182,0.009460897512123615,-2.759064005805731,0.07853468502796243,-0.01641179888933936,77.95439542221698,0.18626582738896613,96.11726166116763,-0.008398961246423767,-2.750150561486092,0.07839633777210686,-0.016858464637043418,77.96145476633978,0.014427214921618414,0.008560478445815534,-0.017859858758547384,0.00891344431963903,-0.00013834725585556984,-0.00044666574770405726,0.0070593441228083975
702,0.17229502757861792,95.96982206919327,0.008702408752015918,-2.7960835402916495,0.07729500522460811,-0.033175393244833665,77.92705679810929,0.18873383531498128,95.96869156342404,0.018300691579278848,-2.8048822626448695,0.07837718580634512,-0.03339941432870805,77.93042067399867,0.01643880773636336,-0.001130505769225465,0.00959828282726293,-0.00879872235321999,0.0010821805817370078,-0.00022402108387438446,0.0033638758893772547
703,0.1726768632214927,95.83115884090608,0.006379463861021926,-2.750437935027497,0.07514262765768907,-0.052919709431927926,77.89472488654766,0.17955749607049104,95.8317146113432,0.0033664882751585253,-2.7551352241113514,0.07685130766236004,-0.05433928090045422,77.89577713739382,0.0068806328489983415,0.0005557704371170757,-0.0030129755858634005,-0.004697289083854361,0.0017086800046709621,-0.0014195714685262956,0.0010522508461576763
704,0.1729712654917984,95.69272181675039,0.005167098742398812,-2.7870269114052206,0.0720975228362144,-0.06888448342705905,77.86736887488725,0.17181186586640038,95.69080063679739,0.0036767220318435385,-2.8031561256115434,0.07248734315130045,-0.06917646467918916,77.86919935235004,-0.0011593996253980166,-0.0019211799530012286,-0.0014903767105552733,-0.01612921420632274,0.0003898203150860535,-0.0002919812521301052,0.001830477462789304
705,0.17322324578480486,95.55451615244306,0.004566855448485898,-2.7411913312311222,0.0682252366657275,-0.08600696339241738,77.83503650894305,0.1936291358180457,95.55567539872568,0.002971637319951433,-2.7426991650734163,0.06805414063091408,-0.08545760980255943,77.83643822561717,0.020405890033240837,0.0011592462826257588,-0.0015952181285344646,-0.0015078338422940263,-0.00017109603481341162,0.0005493535898579566,0.0014017166741240317
706,0.1735325638987226,95.4165340542896,0.007456626604429029,-2.7780747366105776,0.06359949108038,-0.09902286002148233,77.80770738157673,0.19088605170436593,95.41253938362514,0.02076114750807168,-2.7663594686772712,0.06500355958197135,-0.0991594784789277,77.80871523100058,0.01735348780564333,-0.003994670664454247,0.01330452090364265,0.01171526793330635,0.0014040685015913462,-0.00013661845744536438,0.0010078494238427993
707,0.1739713508986557,95.27873667852103,0.00962284148504033,-2.733810611283392,0.058293965064596415,-0.11319818060986103,77.77548035645756,0.17958156083954568,95.28161842506302,-0.005460687580293517,-2.723163971502308,0.05855349544661115,-0.11331706021778488,77.77985313048167,0.005610209940889982,0.0028817465419876953,-0.015083529065333848,0.010646639781084044,0.0002595303820147332,-0.00011887960792385244,0.004372774024105297
708,0.17453423584353606,95.14110841004644,0.012447939719970706,-2.771299725130381,0.05238902015327691,-0.12299961584291912,77.74819600619604,0.17826737057344882,95.14341910409162,0.014532039979398325,-2.7809164749129867,0.05173483192844497,-0.12297958606283756,77.75371062195231,0.003733134729912768,0.002310694045178252,0.0020841002594276185,-0.009616749782605627,-0.0006541882248319447,2.0029780081559645e-05,0.005514615756268881
709,0.17532792742766934,95.00367398470566,0.01873113527017224,-2.7260621281388695,0.04601060121936535,-0.13213714151354353,77.71591873457173,0.17339256189663751,95.00636893197476,0.020705335792705604,-2.7184370254822334,0.04697061984999973,-0.13406772668686423,77.73144134089117,-0.001935365531031824,0.0026949472691057963,0.0019742005225333627,0.0076251026566360736,0.000960018630634378,-0.0019305851733207036,0.01552260631943625
710,0.17646271398158672,94.8664338773379,0.026149938210851646,-2.7635186810141548,0.03924888994921833,-0.13833130929233717,77.68863981724812,0.174106881809225,94.87475721479687,0.013704782089389482,-2.771722027164509,0.03839629680144441,-0.14083313316972756,77.70546165626378,-0.0023558321723617104,0.008323337458975288,-0.012445156121462164,-0.008203346150354118,-0.0008525931477739238,-0.0025018238773903967,0.016821839015662476
711,0.17817241348202315,94.7293828224477,0.041608304250565165,-2.7185030183318823,0.03222830589856573,-0.14249205273376697,77.65638284357057,0.19177041034212783,94.73818456419838,0.04157847199301984,-2.7139589469060765,0.03350448913091508,-0.14320996007455755,77.67278324116528,0.013597996860104683,0.008801741750673386,-2.9832257545325813e-05,0.004544071425805818,0.0012761832323493552,-0.00071790734079058,0.016400397594708238
712,0.1800737636190059,94.59252101793498,0.03389191691436539,-2.755961164315985,0.024874620932542335,-0.15165534590716873,77.62911065704358,0.19003856394896845,94.59679316906266,0.047823812809123276,-2.759815503919542,0.02462772333278096,-0.1527961824331496,77.64640350403788,0.009964800329962553,0.004272151127679535,0.013931895894757886,-0.0038543396035568556,-0.0002468975997613754,-0.0011408365259808761,0.017292846994294564
713,0.18124309588797255,94.45582900751278,0.012176391877688375,-2.711742683204457,0.016895676926745956,-0.1675024143246864,77.59688356028533,0.18626214998013382,94.45042337732565,0.007182572967684753,-2.7267759506737215,0.01773786826993362,-0.16741319854569314,77.60909957922294,0.005019054092161274,-0.005405630187127031,-0.004993818910003622,-0.015033267469264366,0.0008421913431876649,8.921577899326238e-05,0.012216018937607487
714,0.1822463319830698,94.32131658463045,0.027216990518598584,-2.6687245453950412,0.008607936844800839,-0.16400718895311828,77.56475409383602,0.1795695943537836,94.32797489174467,0.03997791023996948,-2.6536109760490785,0.008641322309825838,-0.1645261387631611,77.57728146035063,-0.002676737629286191,0.006658307114221884,0.012760919721370896,0.015113569345962752,3.338546502499977e-05,-0.0005189498100428291,0.012527366514618166
715,0.1832038509163928,94.18688095012858,0.010454530740715569,-2.708706931965596,0.00019761922007078755,-0.17240551603608387,77.53763028411359,0.1739041757952813,94.1811688920053,-0.0020965922783733014,-2.7030932113595787,0.001744546909590472,-0.1721694919871388,77.55385864697378,-0.00929967512111149,-0.005712058123279462,-0.01255112301908887,0.005613720606017392,0.0015469276895196844,0.00023602404894507156,0.016228362860189804
716,0.18376467971860494,94.05051042056971,0.01133105236290538,-2.7460966024753,-0.008400623632927512,-0.17152419808384817,77.5103756480846,0.17810073901749035,94.04753444726674,0.015483039521374337,-2.7425886169053335,-0.007145505966136945,-0.17183638803689721,77.5268817422442,-0.005663940701114589,-0.002975973302966395,0.004151987158468956,0.003507985569966454,0.0012551176667905672,-0.00031218995304904684,0.016506094159595364
717,0.18444467931630878,93.91431658680213,0.015114774429001101,-2.7016439919700557,-0.016874115274659207,-0.16741546758541964,77.47818905949417,0.18676457565283405,93.9071055687046,0.03797103327908419,-2.715164314143322,-0.01612481013945599,-0.1683457485323888,77.49756603265823,0.002319896336525268,-0.007211018097535771,0.022856258850083085,-0.013520322173266486,0.0007493051352032154,-0.0009302809469691475,0.019376973164057176
718,0.1848814209159293,93.78031007549878,0.001610325992395292,-2.6586262648351737,-0.025273055754223395,-0.16854215159714783,77.4460820169103,0.1892931627299034,93.77632829911921,0.0070432966416725945,-2.6525737431690772,-0.02520645009835709,-0.16938152060419925,77.46893345354172,0.004411741813974107,-0.003981776379561097,0.005432970649277303,0.006052521666096489,6.660565586630307e-05,-0.0008393690070514215,0.02285143663142719
719,0.18475198911808505,93.64639584981825,-0.00741609008191349,-2.697937783527129,-0.0336529957216743,-0.1666554471008885,77.41894913931407,0.19106287859117665,93.64469555235857,-0.022079412643356337,-2.7083468242754267,-0.03464253753214663,-0.16681802165638607,77.44325666622134,0.006310889473091608,-0.001700297459677813,-0.014663322561442847,-0.010409040748297738,-0.0009895418104723316,-0.00016257455549756328,0.024307526907278998
720,0.18473243484388216,93.51257357390939,0.0059232981469992795,-2.654928715480953,-0.04163813590033212,-0.15275016004542438,77.38685665148515,0.1884662997554921,93.50336361836412,0.025171490343785928,-2.668947975497067,-0.04022167214056749,-0.1523210764081687,77.41245096247144,0.00373386491160993,-0.009209955545273374,0.019248192196786647,-0.014019260016113755,0.001416463759764633,0.00042908363725568943,0.025594310986292612
721,0.1848776148946697,93.37886846943417,-0.0006785948308149284,-2.693266221354107,-0.04912173030985926,-0.14659361633566104,77.35967647142425,0.194587749756586,93.38366291927461,-0.007275725837342449,-2.6938825461002187,-0.04996303712701344,-0.14542171150412275,77.3866936710095,0.009710134861916297,0.004794449840446191,-0.006597131006527521,-0.0006163247461117294,-0.0008413068171541846,0.001171904831538284,0.027017199585245066
722,0.18483396925167955,93.2432773202223,-0.0016021718202427074,-2.7303661223478426,-0.05622287910115238,-0.13745233531606385,77.33243023121138,0.18518607297147122,93.2445158706091,-0.023135895674306774,-2.7324743816015387,-0.05776970744170562,-0.1362300946501152,77.35734326976349,0.0003521037197916632,0.0012385503868017622,-0.021533723854064067,-0.0021082592536960654,-0.0015468283405532385,0.0012222406659486429,0.02491303855211413
723,0.1847244224556888,93.10787798819992,-0.0033610986253957307,-2.6855992483718425,-0.06275682740357742,-0.12390559678093792,77.3002564639303,0.18053188841038983,93.10167134335141,-0.00284574782941081,-2.687199200361843,-0.0623093689316101,-0.12408924396739844,77.32870828891545,-0.004192534045298957,-0.006206644848504084,0.0005153507959849207,-0.0015999519900002923,0.00044745847196732413,-0.0001836471864605227,0.028451824985154417
724,0.18458896889846874,92.97466320485039,-0.002573433229404598,-2.642983881934776,-0.06858036852754706,-0.10903604817784758,77.26821568565893,0.16850985436177665,92.98215860977531,-0.009010287287416464,-2.6445874211738643,-0.07010476869348103,-0.10846750788277205,77.29527801242584,-0.016079114536692085,0.007495404924924287,-0.006436854058011867,-0.0016035392390882919,-0.00152440016593397,0.0005685402950755258,0.02706232676690945
725,0.18454948352113126,92.84154130554514,0.0006120520665597322,-2.681873413608504,-0.07366201656357195,-0.09422987326314773,77.24108913879813,0.17871276339427394,92.840933448426,-0.0059197938248242345,-2.681444460679654,-0.07356195072445937,-0.09606844539671326,77.2665953294295,-0.00583672012685732,-0.0006078571191352466,-0.006531845891383966,0.00042895292884992386,0.00010006583911258138,-0.0018385721335655303,0.025506190631375603
726,0.18464106173492084,92.70851178488678,0.002674322393770869,-2.639296795339909,-0.07791052876563914,-0.07571061481953972,77.20906120970028,0.1878321832535456,92.70995878629795,0.008705694016927964,-2.630576769047167,-0.07905286776256837,-0.07673157514244733,77.23057143809959,0.0031911215186247455,0.0014470014111651608,0.006031371623157095,0.008720026292742045,-0.0011423389969292264,-0.0010209603229076047,0.021510228399307607
727,0.18485358054489162,92.57556456789285,0.0055743350429169,-2.678572861821686,-0.08127011883214115,-0.05867298784054077,77.18196648853522,0.18633155178011235,92.5846376357742,0.014011505298057935,-2.6782917360402716,-0.08225993303632517,-0.05840051716372692,77.20716153370182,0.0014779712352207264,0.009073067881345764,0.008437170255141034,0.00028112578141437083,-0.0009898142041840224,0.00027247067681385184,0.02519504516659765
728,0.18523322075033036,92.44270219236938,0.00939768403447147,-2.6359111534060533,-0.08367795052499649,-0.037640279873672744,77.14994335713517,0.18069633968520557,92.44499325769596,0.016042088129246346,-2.657363484867389,-0.08438952131071975,-0.03814500493757296,77.17427280942937,-0.004536881065124787,0.002291065326573971,0.006644404094774875,-0.02145233146133574,-0.0007115707857232589,-0.000504725063900216,0.024329452294196585
729,0.1858065679377549,92.3099583922052,0.013428597002110666,-2.6738227125765373,-0.08510295023997784,-0.019359708725581366,77.12277514808574,0.17932917983217192,92.31408673505854,0.010835173267261952,-2.66774060652836,-0.08477766283731158,-0.018961820933992152,77.14552858492144,-0.006477388105582987,0.004128342853334743,-0.002593423734848714,0.0060821060481770495,0.000325287402666255,0.00039788779158921386,0.02275343683569986
730,0.18656033921964585,92.17732692971963,0.016683980924739803,-2.631425994089705,-0.08553424653777253,0.0021078568137939575,77.09077862410547,0.1854803502947792,92.18015000121343,0.011245478842358492,-2.641614650575771,-0.08698540256974274,0.001669342829935326,77.11560358215269,-0.0010799889248666594,0.0028230714938075607,-0.005438502082381311,-0.010188656486066261,-0.0014511560319702133,-0.00043851398385863147,0.02482495804721907
731,0.18748539312636284,92.04479615803002,0.02036114417779999,-2.669787820754644,-0.0849627678432672,0.020751290966419245,77.06364614486066,0.1876315439030552,92.05182185325495,0.014029619823733809,-2.673472949039116,-0.08688457337779898,0.02019217662817278,77.08539285198901,0.00014615077669236087,0.0070256952249252436,-0.0063315243540661825,-0.0036851282844718725,-0.0019218055345317786,-0.000559114338246465,0.02174670712835791
732,0.188611489207072,91.9123798304533,0.024822830236423545,-2.6268569109941264,-0.0833818873412293,0.04248392911509692,77.03162745558737,0.18607410266254082,91.90563696160083,0.03286816195242279,-2.6440397502900708,-0.08437375494980603,0.042909628875147154,77.05212634889534,-0.0025373865445311727,-0.0067428688524699965,0.008045331715999249,-0.01718283929594433,-0.000991867608576738,0.0004256997600502327,0.020498893307973276
733,0.1899033374260701,91.78008580573041,0.027043551692713694,-2.6648876806160184,-0.08082320197672527,0.059863485465064134,77.00448446233386,0.17134073405362177,91.76756029664442,0.027436222245430346,-2.6749385076410013,-0.08129624580519534,0.060687803753131826,77.02498818331179,-0.018562603372448333,-0.012525509085989484,0.00039267055271665144,-0.010050827024982834,-0.00047304382847007664,0.0008243182880676922,0.020503720977927742
734,0.1912871885374904,91.64792360503768,0.028618918729676316,-2.621591709573577,-0.07734818441644711,0.07913721694606186,76.97245518835761,0.17997848209474468,91.63572367555409,0.03205071973290364,-2.6212648528141123,-0.07769262175246272,0.08150903349637555,76.98918921631933,-0.01130870644274573,-0.012199929483585947,0.003431801003227323,0.0003268567594645333,-0.0003444373360156072,0.0023718165503136823,0.016734027961717857
735,0.19271097384089386,91.51587413969033,0.028657725696568194,-2.660369494806039,-0.07301671181705514,0.09412168702961671,76.94536625677885,0.1851709782000992,91.50289869025089,0.03430191835099954,-2.665327835483638,-0.07385361757333397,0.09271203998985955,76.96027749416425,-0.007539995640794661,-0.012975449439437625,0.005644192654431349,-0.004958340677598816,-0.0008369057562788301,-0.0014096470397571559,0.014911237385391019
736,0.19417918087666908,91.38393192136338,0.03052366188649349,-2.6173089799575626,-0.06790561308489057,0.11032226225696597,76.91336167117365,0.1982306232218624,91.37088331656965,0.030759912227531012,-2.6156937165059233,-0.06818196658766196,0.10896537155824272,76.9276724334004,0.004051442345193335,-0.01304860479373815,0.0002362503410375215,0.001615263451639315,-0.00027635350277138704,-0.0013568906987232454,0.014310762226756424
737,0.19563302070494304,91.25209581635728,0.02806633460813349,-2.6561153777571467,-0.06209347962032413,0.12216307632569161,76.886282855911,0.19099053403550356,91.2503447507131,0.03825165392881058,-2.663971117446702,-0.061759113166906854,0.12079102080704728,76.89615253527636,-0.004642486669439477,-0.0017510656441857009,0.01018531932067709,-0.007855739689555108,0.00033436645341727855,-0.0013720555186443328,0.009869679365351658
738,0.1968985127850033,91.12036971188658,0.023121326473982753,-2.61291375938005,-0.05569592843557234,0.13373897106438,76.85427876485709,0.18793095794160186,91.11643385082783,0.038084005790636574,-2.608218462809063,-0.05646557144133091,0.1333406623361642,76.86656587103894,-0.008967554843401448,-0.003935861058749879,0.01496267931665382,0.004695296570987217,-0.0007696430057585676,-0.0003983087282158071,0.012287106181858576
739,0.198075031666832,90.98874992930551,0.024456083010112754,-2.6518541006560916,-0.04880676938245715,0.1418273910602277,76.82721539681518,0.1933630824231422,90.99073456942195,0.0260957472980584,-2.6501109042221205,-0.0486942184023178,0.14188087461080587,76.83168744009204,-0.004711949243689784,0.0019846401164329563,0.0016396642879456455,0.0017431964339711392,0.00011255098013934761,5.3483550578159456e-05,0.004472043276862792
740,0.19907744122950466,90.85722425917218,0.016284674211237724,-2.6091525370284403,-0.04154647877082747,0.14858423340495952,76.79524900989405,0.1894856404520419,90.8538378412751,0.009505766371512018,-2.6021920300040446,-0.039804759599297856,0.14866007940581002,76.80063761939601,-0.009591800777462772,-0.003386417897090155,-0.006778907839725706,0.006960507024395657,0.0017417191715296126,7.584600085050464e-05,0.005388609501963515
741,0.19962898362746262,90.72578897032433,0.006340515129449706,-2.6482289578280587,-0.03404064514857863,0.15164911148499413,76.76819770738715,0.19093146381946546,90.7283261741487,0.01527413128356993,-2.6539288605041236,-0.03480257793269459,0.15146607274447765,76.77646602355173,-0.008697519807997156,0.002537203824374501,0.008933616154120224,-0.005699902676064905,-0.0007619327841159595,-0.00018303874051647795,0.008268316164588896
742,0.19962828889142623,90.5944543890908,-0.005691760837584275,-2.6051294506764284,-0.026413219085396785,0.15344793104227972,76.73621407437079,0.19888180764639996,90.59517719680284,-0.013202303688683437,-2.6062749351274896,-0.02780487368715745,0.15292900050630925,76.7454251585595,-0.0007464812450262703,0.0007228077120373655,-0.007510542851099162,-0.0011454844510612183,-0.0013916546017606647,-0.0005189305359704632,0.009211084188706309
743,0.19906201969194712,90.46322949379626,-0.016382856523460422,-2.6438345441452573,-0.01875313045850365,0.15295561403344554,76.70914759440878,0.2028117881597636,90.4642734947569,-0.018639624648058566,-2.635268572318809,-0.01729981266731695,0.15190732293496828,76.72405420771207,0.0037497684678164944,0.0010440009606327294,-0.0022567681245981436,0.008565971826448138,0.001453317791186702,-0.0010482910984772609,0.014906613303296012
744,0.19782731773205967,90.33209427724871,-0.03233470024780652,-2.601542359099933,-0.011211711126745846,0.1487011592368667,76.67721361455243,0.19404443732112833,90.32878242107286,-0.026446162185332966,-2.5868137666378983,-0.012702289566509872,0.14804039269749977,76.6921128116077,-0.003782880410931333,-0.0033118561758556098,0.005888538062473553,0.01472859246203484,-0.0014905784397640266,-0.0006607665393669193,0.01489919705527143
745,0.1963054103765732,90.20103790433795,-0.027980874415895463,-2.6406967218325055,-0.0037253666301854662,0.1507526206255485,76.6501913614766,0.18973696577045268,90.21031152754756,-0.024330229064434737,-2.643110427951587,-0.0045621607722354796,0.1516049173692656,76.66529091521659,-0.0065684446061205215,0.009273623209608672,0.003650645351460726,-0.002413706119081649,-0.0008367941420500133,0.0008522967437170903,0.015099553739986504
746,0.19491196385159248,90.07008344336309,-0.027089198240410367,-2.597470811813578,0.0038001429914275176,0.15026776423897087,76.61822921812012,0.19964338789518934,90.0615530706625,-0.02435820633075731,-2.5830659632347857,0.003920320145614831,0.15110219224476992,76.63444435943785,0.00473142404359686,-0.00853037270059076,0.0027309919096530563,0.014404848578792429,0.00012017715418731305,0.0008344280057990539,0.01621514131772983
747,0.1934933422082996,89.9392319472555,-0.029097168325346118,-2.636567511097271,0.011239684046038114,0.14731387794545306,76.59121171146474,0.1973761210651769,89.93174679479208,-0.036415918638293014,-2.649311530311746,0.013218592905052784,0.14830456441468254,76.60570957391833,0.0038827788568772947,-0.007485152463416966,-0.007318750312946896,-0.012744019214474989,0.00197890885901467,0.0009906864692294792,0.01449786245359519
748,0.19235219241275425,89.80849588681512,-0.01589315381095823,-2.5928794843132423,0.018643592565645916,0.14884246283885896,76.55922502518382,0.19435949465296198,89.80550966938242,-0.002060919790689914,-2.5771562165148945,0.01906823711258321,0.1490590620681522,76.56892625848927,0.002007302240207731,-0.0029862174327064395,0.013832234020268317,0.015723267798347873,0.0004246445469372924,0.00021659922929323505,0.009701233305449364
749,0.19141829626304388,89.67787144408635,-0.020917627763852125,-2.6320723188211668,0.025897740006007017,0.14132343477558504,76.53221955150697,0.19369406829533606,89.6817698012872,-0.0062886088104860535,-2.653613254506586,0.026288721855843633,0.13954900563394199,76.54043055792,0.002275772032292178,0.0038983572008532974,0.01462901895336607,-0.02154093568541926,0.0003909818498366163,-0.0017744291416430524,0.008211006413034738
750,0.19057977327266382,89.54737241325493,-0.012002272983566617,-2.5878894887350987,0.032886203903131773,0.13821512110940523,76.50021679097044,0.19942212319314048,89.546809695733,-0.006771017742965035,-2.5876788481506376,0.03262248772260845,0.13911898988688254,76.50147169160817,0.008842349920476666,-0.0005627175219302671,0.005231255240601582,0.0002106405844610748,-0.00026371618052332263,0.0009038687774773069,0.0012549006377327032
751,0.19014208486759016,89.41701421454755,-0.004995287263640303,-2.6264280293770064,0.039683910704345,0.1336931509391239,76.47318162557666,0.18419771982645813,89.41980295216091,0.007152405968612889,-2.623136445015609,0.03910486669731306,0.13242929278623725,76.47079614991034,-0.0059443650411320215,0.002788737613357739,0.012147693232253193,0.003291584361397426,-0.0005790440070319453,-0.0012638581528866544,-0.0023854756663155285
752,0.19004743877581917,89.2867658304903,0.0017848725774728255,-2.583503884929027,0.046179361337515504,0.12612487438769635,76.44126715376692,0.18193063718407299,89.29079684278548,-0.009826101253272379,-2.583778304477246,0.044053434493967814,0.12502181895081052,76.44176638600294,-0.008116801591746187,0.004031012295186542,-0.011610973830745205,-0.0002744195482193845,-0.0021259268435476902,-0.0011030554368858247,0.0004992322360237722
753,0.1902720006503869,89.15861699563003,0.007734561539932851,-2.542445146261163,0.052257817242699886,0.11701336181967896,76.40946817962659,0.19003447252125186,89.15288632227346,0.03472044411352689,-2.5532631457459307,0.051349464532055134,0.11734288264286984,76.412135039776,-0.00023752812913505061,-0.00573067335656674,0.026985882573594043,-0.010817999484767693,-0.0009083527106447525,0.0003295208231908764,0.002666860149417971
754,0.19047714789748085,89.03049731598323,0.0008802865692996006,-2.582312296967514,0.0576858788367907,0.1001091019439537,76.3825143037669,0.19600032785308685,89.02619710700165,0.002132106686531205,-2.5761929358352704,0.05780419728724562,0.09964574671472638,76.3835542637515,0.005523179955606,-0.004300208981575793,0.0012518201172316045,0.00611936113224365,0.00011831845045491562,-0.0004633552292273163,0.0010399599846095953
755,0.19053186152264856,88.90041759265098,0.0016624057524565685,-2.620859780462556,0.06239997115863966,0.08845459093000482,76.35549993486467,0.18924294169737152,88.8977076703645,-0.0038742890200032997,-2.6233451820166165,0.06362046461507243,0.08956410760763756,76.35514570103625,-0.0012889198252770406,-0.0027099222864848116,-0.005536694772459869,-0.002485401554060296,0.0012204934564327627,0.0011095166776327325,-0.0003542338284177049
756,0.19058189069151596,88.7704615507837,0.000696785898314672,-2.5773715051913775,0.06643127629542883,0.0727976145415621,76.32357446701975,0.17784689428557748,88.77240806150834,0.004726274915668873,-2.592827099390104,0.06576832778060737,0.07299833219010096,76.32151201580275,-0.012734996405938476,0.0019465107246503521,0.004029489017354201,-0.015455594198726441,-0.0006629485148214598,0.00020071764853886453,-0.0020624512170002163
757,0.19059596573220725,88.64264385604712,0.00015274527517937086,-2.5353261630018884,0.06966650732434801,0.056611626615205,76.29173900111522,0.17122377740680966,88.64203025724638,-0.0004422196946569394,-2.547090167650618,0.06900368129953183,0.05713279456242608,76.29090542617469,-0.019372188325397582,-0.0006135988007400783,-0.0005949649698363102,-0.011764004648729731,-0.0006628260248161821,0.0005211679472210753,-0.0008335749405290471
758,0.19060479598643326,88.51488950375051,0.00038554000560595176,-2.5748301933045505,0.07213527787793442,0.04213919552825141,76.26479335215436,0.18217901502137407,88.51974401329674,0.0017244224468771453,-2.5632933598839744,0.07184899512623621,0.04180757301854554,76.26467119853925,-0.008425780965059193,0.004854509546234453,0.0013388824412711936,0.011536833420576098,-0.0002862827516982025,-0.0003316225097058714,-0.00012215361510925504
759,0.19058186330264779,88.38716829507723,-0.001156123157761728,-2.5340076912455594,0.07379467416356103,0.024236655896812953,76.23304145928549,0.1871816393111953,88.389549954325,-0.0005586208298147657,-2.5221203011961757,0.07518829770512836,0.025670191711083958,76.22723458168478,-0.0034002239914524834,0.002381659247774337,0.0005975023279469622,0.011887390049383662,0.0013936235415673293,0.0014335358142710045,-0.005806877600704752
760,0.19046036764997432,88.25945814764957,-0.0036427481989160858,-2.5743803780356362,0.07460677483600693,0.008247371001023188,76.20615623744717,0.18505142476335787,88.25289232297155,-0.0024883207333205775,-2.5555435561757034,0.07442141264195001,0.008166476592186299,76.19504818625641,-0.005408942886616447,-0.006565824678020249,0.0011544274655955083,0.01883682185993285,-0.00018536219405691778,-8.089440883688945e-05,-0.011108051190760193
761,0.1902317748022565,88.12976850101083,-0.005499356959932754,-2.6131881241223325,0.07462844255146452,-0.007380662382719547,76.17918392812237,0.17755304325471177,88.12569547276422,-0.005024584499762914,-2.6020173035102396,0.07574380251714308,-0.008038704043211593,76.17046332618916,-0.01267873154754473,-0.004073028246608601,0.00047477246016984064,0.011170820612092847,0.0011153599656785612,-0.0006580416604920463,-0.008720601933205785
762,0.18989597463156546,88.0001877721893,-0.008006753833393342,-2.570031837985988,0.07379157851427712,-0.026093899104776476,76.14730951515729,0.181446900680914,87.99759411795506,0.0005678387020702485,-2.594780641405743,0.07416263722302929,-0.025652430774945507,76.14297297136143,-0.008449073950651476,-0.002593654234246401,0.00857459253546359,-0.02474880341975494,0.0003710587087521755,0.0004414683298309685,-0.004336543795858461
763,0.18944922122585287,87.87275850152696,-0.010019051934370953,-2.5271298469082564,0.07203749839123239,-0.04406930581701306,76.11545406520165,0.17920202610722546,87.86472921115512,-0.014129536077376853,-2.511979966307213,0.07028733384909547,-0.04420741247180748,76.10799546362809,-0.0102471951186274,-0.008029290371837305,-0.0041104841430059,0.015149880601043275,-0.0017501645421369172,-0.00013810665479442596,-0.007458601573560486
764,0.18903423602431038,87.74539263025795,-0.006771689195726475,-2.5674874035252957,0.06948964208524579,-0.05784494642245086,76.08858612890295,0.18163977677462287,87.74956723554313,0.0003257007241256396,-2.5827196428419863,0.06915384493621746,-0.057975325145743176,76.07413452049983,-0.007394459249687513,0.004174605285172106,0.007097389919852115,-0.015232239316690599,-0.00033579714902833013,-0.00013037872329231537,-0.014451608403120986
765,0.1888440727562909,87.61808097047337,-0.0011279639268018003,-2.524969148955895,0.06620179069799617,-0.07366910906753364,76.05676436873716,0.18643957426074614,87.62205402453165,0.0037348634736773948,-2.5152161833900255,0.06777148874562045,-0.07557998256795914,76.04027196928206,-0.002404498495544749,0.0039730540582780804,0.004862827400479195,0.009752965565869687,0.001569698047624274,-0.0019108735004255,-0.01649239945510317
766,0.18875778291017115,87.4908311223337,-0.002623260664825818,-2.565007586816764,0.06219816637505483,-0.0864758638501201,76.02988619894619,0.19255908229973234,87.48948483200077,-0.011568918058786511,-2.565731419419498,0.061450932388419144,-0.08784062180788528,76.01936088136982,0.003801299389561197,-0.0013462903329326537,-0.008945657393960693,-0.0007238326027336761,-0.0007472339866356828,-0.0013647579577651808,-0.010525317576366433
767,0.18873186019298482,87.36362871699242,0.0011749136775848095,-2.5230765716367416,0.057556145490596095,-0.09920497152822912,75.99810958544285,0.2047318651093547,87.36471744100605,-0.00104158681169965,-2.507018405695897,0.057730573184772815,-0.09955975146391484,75.98523569474385,0.01600000491636988,0.0010887240136270293,-0.0022165004892844595,0.01605816594084475,0.00017442769417672088,-0.00035477993568572286,-0.012873890698998025
768,0.1888526073726526,87.23647015787147,0.003265430463001095,-2.5632459476384715,0.052355721292496674,-0.10881199639574757,75.97124757265877,0.1973381566420819,87.23764107092575,0.006352779229581214,-2.570455695577432,0.05177198922735515,-0.1100074401480191,75.9582166189236,0.008485549269429293,0.0011709130542811863,0.0030873487665801186,-0.0072097479389605645,-0.0005837320651415207,-0.0011954437522715272,-0.013030953735167827
769,0.1891660192680539,87.10936722253136,0.008768628077859202,-2.520856495647318,0.046685777391143914,-0.11798575965836283,75.93945281713336,0.19271100723420928,87.10936650476017,0.016044166690970797,-2.5320203243701935,0.04818523242859918,-0.11797949044018814,75.92807882796541,0.0035449879661553774,-7.177711864869707e-07,0.007275538613111594,-0.011163828722875468,0.0014994550374552648,6.269218174689839e-06,-0.011373989167950072
770,0.18977950146862854,86.98433815898571,0.01523153358549464,-2.4802905843462413,0.04059076172899961,-0.12581486682740953,75.9077707197059,0.1829598640776698,86.99099974177355,0.01360331026446556,-2.4903608217638102,0.03940416792203916,-0.1262993378760629,75.89249615956194,-0.006819637390958755,0.006661582787842235,-0.0016282233210290816,-0.010070237417568961,-0.0011865938069604495,-0.0004844710486533732,-0.015274560143950566
771,0.1907733677299582,86.85930641746502,0.02404432440709032,-2.5209533685643715,0.03420196178042354,-0.12973713111563298,75.88094618855033,0.19242671041690973,86.85839096420314,0.0014360001691031653,-2.521083390518819,0.03438755995361431,-0.12995016003155963,75.86634494011375,0.0016533426869515255,-0.0009154532618822486,-0.022608324237987153,-0.0001300219544475567,0.00018559817319076938,-0.00021302891592664408,-0.014601248436576952
772,0.19223893011081047,86.73426304643388,0.033999366469899095,-2.480760446558326,0.027645119372305467,-0.1325365652090899,75.84929288902404,0.1914121794735705,86.73501940687035,0.016446186270162633,-2.4679547872653242,0.027541274780159775,-0.13225480233459996,75.83757959838462,-0.0008267506372399702,0.0007563604364690946,-0.01755318019973646,0.012805659293001703,-0.00010384459214569236,0.00028176287448994364,-0.011713290639420393
773,0.19427991061335562,86.60918853945293,0.04714148084877766,-2.5221913161706158,0.021008835938341325,-0.13291477214947578,75.82252062799044,0.19208671857971374,86.60426566745092,0.04835705912994004,-2.543773209858159,0.0217984132074589,-0.13293554190465523,75.8111770295112,-0.0021931920336418775,-0.004922872002012468,0.00121557828116238,-0.021581893687543374,0.0007895772691175751,-2.0769755179450566e-05,-0.011343598479243155
774,0.19619070006959172,86.48410750321916,0.02867539084248565,-2.481068788023956,0.01399175450102012,-0.14776848534337247,75.7907943036424,0.20832288461520979,86.48422780032033,0.04289297101754351,-2.4919799344883096,0.014659451701875437,-0.1464485533853122,75.7763570939272,0.012132184545618069,0.00012029710116223669,0.014217580175057861,-0.01091114646435365,0.0006676972008553168,0.0013199319580602664,-0.014437209715197241
775,0.19716588582941752,86.35904198360453,0.00975975012614359,-2.521558814705254,0.006345008903503886,-0.15810133855727687,75.76395764661576,0.2064041255379202,86.3652462817739,0.018962335094088033,-2.5081415134177485,0.006796713199370696,-0.15799480295338691,75.75193535238799,0.009238239708502682,0.006204298169379285,0.009202584967944443,0.013417301287505623,0.00045170429586681004,0.00010653560388995675,-0.012022294227776342
776,0.19764921206679842,86.23396735412273,0.008873287679792199,-2.4814178400439424,-0.001586828444043114,-0.1591721553446032,75.73233413273022,0.20560187668236163,86.23967455662792,0.005200473568356699,-2.4902204770799226,-0.0009123575562530739,-0.1579204240048516,75.71985836426423,0.00795266461556321,0.005707202505192299,-0.0036728141114354997,-0.008802637035980165,0.0006744708877900402,0.001251731339751594,-0.012475768465989745
777,0.19817021344650276,86.10889717492942,0.011372866548768287,-2.5213710606287867,-0.00950978740914829,-0.15774620325960387,75.70549815494742,0.20316670344456894,86.11155315617391,-0.005592608218852018,-2.502172881211502,-0.009063230642616826,-0.15967819977147918,75.70183633965856,0.004996489998066178,0.0026559812444872932,-0.016965474767620305,0.019198179417284855,0.00044655676653146403,-0.0019319965118753113,-0.003661815288865
778,0.19886374788934855,85.9838310684363,0.015682114627844565,-2.481258747557533,-0.017282174305685922,-0.15314927260190137,75.67388632647021,0.20335733536684703,85.98833598875653,0.006645739415841882,-2.4845223180555496,-0.01678246411468942,-0.15302671846730562,75.67364713326444,0.0044935874774984785,0.004504920320229644,-0.009036375212002682,-0.0032635704980163993,0.0004997101909965003,0.00012255413459574815,-0.00023919320577192593
779,0.19936380654614702,85.85876574347279,0.0037462391522539943,-2.5213514804772417,-0.024960018924283442,-0.15396451214199952,75.64705910932837,0.1854871903785491,85.87408587181912,-0.005656056377074222,-2.530732365966417,-0.023317665617662353,-0.15425669447957674,75.64523912144904,-0.013876616167597916,0.015320128346331785,-0.009402295529328216,-0.009380885489175483,0.0016423533066210888,-0.0002921823375772181,-0.0018199878793296875
780,0.1997849797432801,85.73374155893634,0.012438854664151426,-2.479597795638696,-0.032418950118558644,-0.14439273562900862,75.61535806616818,0.19101611024595064,85.7447239292998,0.02650168484364633,-2.474401450900371,-0.033921851809077364,-0.14542846758356184,75.61114374221582,-0.008768869497329468,0.0109823703634504,0.014062830179494905,0.005196344738324754,-0.0015029016905187195,-0.0010357319545532262,-0.004214323952368204
781,0.2003742811476829,85.60875557368925,0.010600967120592886,-2.5198323250069157,-0.039535358804179854,-0.14026361179583985,75.58855370451393,0.2010670223304028,85.61460041158334,0.01272840618523963,-2.51377366635225,-0.040428813861443924,-0.1406962786333879,75.58715681447393,0.0006927411827198915,0.005844837894088073,0.0021274390646467446,0.006058658654665816,-0.0008934550572640698,-0.0004326668375480569,-0.001396890039998766
782,0.20076596090470156,85.48379303807587,0.0044621871287724,-2.478666549492854,-0.04637018104287304,-0.13312927775188768,75.5568982526971,0.19202101902865293,85.48526487506722,0.011099824246085004,-2.47243946140399,-0.04729070986313477,-0.13419521845437388,75.55341378392485,-0.008744941876048629,0.0014718369913424567,0.006637637117312604,0.006227088088863741,-0.0009205288202617304,-0.0010659407024861955,-0.0034844687722426215
783,0.20091797058732755,85.35885781574926,0.0011350131152652737,-2.5187293553541887,-0.05282597629851586,-0.12510253247382516,75.53009452114463,0.19220216140160654,85.35529177404558,-0.00949334402059995,-2.5191716119765477,-0.05256881510612299,-0.12354631865904292,75.51986350464706,-0.008715809185721013,-0.0035660417036780245,-0.010628357135865223,-0.0004422566223589719,0.0002571611923928713,0.0015562138147822424,-0.010231016497570522
784,0.2008912711479258,85.23396354050065,-0.0027316811777899777,-2.477035574340156,-0.058798682402473317,-0.11380571168447308,75.4984196394724,0.1924573559254054,85.23322703137369,-0.012162483375331112,-2.4736458157687427,-0.0590782872838731,-0.11364207644440741,75.48607724409125,-0.008433915222520405,-0.0007365091269662116,-0.009430802197541135,0.003389758571413548,-0.0002796048813997823,0.00016363524006567098,-0.012342395381153892
785,0.20071308364388546,85.10911621310831,-0.004800744146169928,-2.5168417617036947,-0.06420408350267753,-0.1024103323236953,75.47161035750788,0.1930737218296304,85.11467092302058,-0.003451668843343598,-2.532262758878376,-0.0653972945561736,-0.10091690054163122,75.46024273338483,-0.0076393618142550634,0.005554709912274802,0.00134907530282633,-0.015420997174681261,-0.0011932110534960683,0.0014934317820640836,-0.011367624123053588
786,0.20050349703065648,84.98433884484596,-0.00400246568497826,-2.4742431281494013,-0.06893700714615023,-0.08690661341521269,75.43989286509971,0.1973757666749852,84.97962275897001,0.008838450636928598,-2.483595823025013,-0.06872992002185185,-0.08580609981300097,75.42361144502524,-0.003127730355671293,-0.0047160858759554,0.012840916321906858,-0.009352694875611522,0.00020708712429837184,0.0011005136022117223,-0.016281420074463426
787,0.2003915201275836,84.86163268083949,-0.0008248750381849015,-2.4339934177086837,-0.07287353717807107,-0.07055458786162103,75.40831898928509,0.2097674580434192,84.86554308450054,-0.002698926115740673,-2.417210643135745,-0.07132919687332073,-0.07095626407786428,75.39188000482251,0.009375937915835603,0.003910403661052442,-0.0018740510775557715,0.016782774572938752,0.0015443403047503412,-0.0004016762162432491,-0.01643898446258163
788,0.20035089315081264,84.73888420137133,-0.0010363757678243913,-2.475928581187373,-0.07604007081145904,-0.056106757473897644,75.38164841366344,0.1958635888245195,84.73936617239349,-0.0062392591722385555,-2.4823489522951414,-0.07632590786021343,-0.05706142761825253,75.36689178463433,-0.004487304326293129,0.0004819710221539708,-0.005202883404414164,-0.006420371107768386,-0.00028583704875438654,-0.0009546701443548869,-0.014756629029108126
789,0.20038115707525891,84.61609827909687,0.0020401381916828032,-2.4354974356602312,-0.07837720811439165,-0.03737873464340671,75.35007414517301,0.18838158771316849,84.61997252436554,-0.00946960063637814,-2.443899299155972,-0.07924394806437673,-0.037907132187554586,75.33912912374002,-0.011999569362090429,0.00387424526866198,-0.011509738828060943,-0.008401863495740791,-0.000866739949985082,-0.0005283975441478794,-0.010945021432988256
790,0.2005519199842259,84.4933084008812,0.004681372244975151,-2.4760798933983748,-0.07983221073527061,-0.020821370191751475,75.32333157708177,0.1902609917935123,84.49955967507809,0.01297071980272001,-2.4885886948568836,-0.0774205630972209,-0.019245816002399888,75.31194727349782,-0.010290928190713589,0.0062512741968845376,0.00828934755774486,-0.012508801458508856,0.002411647638049713,0.0015755541893515863,-0.01138430358395226
791,0.20089050819439627,84.37052906927953,0.00881019672108137,-2.4350832652979384,-0.08040796093393679,-0.002208637754895555,75.2917343313155,0.1970404824961114,84.3663845874942,0.0182057736557977,-2.4192525086776464,-0.07920269231992627,-0.0014903090555804474,75.28108545065183,-0.0038500256982848813,-0.004144481785331777,0.00939557693471633,0.015830756620291986,0.0012052686140105184,0.0007183286993151078,-0.010648880663666205
792,0.2013825858022469,84.24773927368894,0.010894292635130014,-2.4764912734080116,-0.08011755623412888,0.013824825747212149,75.26505016514233,0.20017523612314858,84.24393564392466,0.012532453682939032,-2.482297126249845,-0.0784007687829722,0.0135812179859662,75.25414419356417,-0.0012073496790983296,-0.0038036297642776162,0.001638161047809018,-0.005805852841833659,0.0017167874511566789,-0.00024360776124594807,-0.010905971578154094
793,0.20192841037700202,84.124937953011,0.011040782937503657,-2.435551484028737,-0.07896268692691409,0.032369946541379264,75.23346684818449,0.20428366803008813,84.12059553656465,0.020623364960572085,-2.4278369338292,-0.0794219387929549,0.032595590919398766,75.22705281214682,0.0023552576530861125,-0.004342416446348807,0.009582582023068428,0.00771455019953704,-0.00045925186604080237,0.00022564437801950166,-0.006414036037668325
794,0.20253522308948455,84.00213936553672,0.013381875441891561,-2.4763750973159677,-0.07695024517171661,0.04812772366651982,75.20675674598809,0.20979319341503436,84.01560216631854,0.019695692097449626,-2.4691630885954066,-0.07692037089687309,0.04713656437076042,75.20358504844796,0.007257970325549812,0.013462800781823603,0.006313816655558064,0.007212008720561158,2.987427484352212e-05,-0.0009911592957594015,-0.003171697540125251
795,0.20320758439939332,83.87933373487664,0.013763912983411173,-2.4358400520611325,-0.07410460969326138,0.06569769547168973,75.17520804227546,0.20872704079187424,83.90088235560506,0.02307823592385778,-2.42525725382626,-0.07317327814545438,0.06482702776119793,75.16830583078651,0.005519456392480915,0.02154862072842434,0.009314322940446608,0.010582798234872737,0.0009313315478070017,-0.0008706677104917959,-0.006902211488949206
796,0.20392696761960527,83.75652256883512,0.015282138860372932,-2.4765884893971952,-0.07048008421773792,0.07928332354924851,75.14850230476723,0.2157665127953942,83.77099988241505,0.02689042936838116,-2.4874171740789683,-0.07097624732714403,0.07818325854699212,75.139084637342,0.011839545175788918,0.014477313579931206,0.011608290508008228,-0.010828684681773115,-0.0004961631094061031,-0.0011000650022563868,-0.009417667425239529
797,0.20468416829130437,83.6337346272798,0.015390253975659872,-2.4349179018711453,-0.06613766132127909,0.0944135923091048,75.11689634380052,0.211755399921427,83.62694724660773,0.015331725709457287,-2.4424434446257854,-0.06521251788074922,0.09424300289084898,75.11397424471221,0.007071231630122632,-0.006787380672065524,-5.852826620258468e-05,-0.007525542754640124,0.0009251434405298659,-0.00017058941825581764,-0.0029220990883089826
798,0.20534291218578546,83.51297683004252,0.011404319478028035,-2.3953802471603787,-0.06109345816276391,0.10735453403150241,75.08542014393524,0.19658559603943418,83.50916515371905,-0.002733221101562317,-2.4121314181478186,-0.061982178823733136,0.10735173964924757,75.08435440045822,-0.00875731614635128,-0.0038116763234654627,-0.014137540579590352,-0.016751170987439945,-0.0008887206609692264,-2.7943822548393005e-06,-0.0010657434770138252
799,0.20581959857631643,83.39218224113255,0.008082982420152271,-2.4363830109182154,-0.055476113528276715,0.11733925134798531,75.05874058447405,0.20316514565408603,83.40231192834867,0.0194003524249292,-2.4440205019867087,-0.055360383043392414,0.11761928616694885,75.05497438430298,-0.0026544529222304047,0.010129687216121397,0.011317370004776927,-0.007637491068493318,0.00011573048488430077,0.0002800348189635343,-0.003766200171071432
800,0.20605254874946988,83.27135802661289,0.0017732900397201493,-2.3965685804463956,-0.049377760998132646,0.12659484985777752,75.02725693762532,0.21119418453968203,83.28797774794113,0.007466258857995194,-2.39442991715712,-0.04750560007613336,0.12535483408155754,75.0258111202638,0.005141635790212151,0.01661972132824019,0.005692968818275045,0.0021386632892754776,0.0018721609219992871,-0.0012400157762199882,-0.0014458173615281567
801,0.20593165380944758,83.15048822865137,-0.006126043895687803,-2.438197293438005,-0.0429111505791081,0.1320695669032043,75.00061985932034,0.2009494987623825,83.15247848079387,-0.008608704685647119,-2.442277319304643,-0.04343885426322558,0.13097380238500855,75.0037216959533,-0.00498215504706509,0.0019902521425052555,-0.002482660789959316,-0.004080025866637804,-0.0005277036841174823,-0.0010957645181957354,0.003101836632964705
802,0.20548352964169192,83.02957681839551,-0.011203708884899011,-2.3982384063250217,-0.03618046388618965,0.13715790081353352,74.96913575694043,0.20536430834924777,83.01541721448888,-0.01428970645389032,-2.40087674453861,-0.03665230143621567,0.13600154618009572,74.97132848649946,-0.00011922129244415491,-0.014159603906634288,-0.003085997568991309,-0.002638338213588387,-0.0004718375500260205,-0.0011563546334378005,0.0021927295590273843
803,0.20468691585796508,82.9086357456446,-0.020143464285297077,-2.4393763683621623,-0.029265707465109675,0.13943235602966553,74.94247690672148,0.1991755545129529,82.8992551625103,-0.012990816341423786,-2.4296247062332865,-0.02793669909290175,0.13742159892606304,74.94245812855381,-0.005511361345012178,-0.0093805831343019,0.007152647943873292,0.009751662128875793,0.0013290083722079238,-0.0020107571036024896,-1.877816767148488e-05
804,0.20330686281892213,82.78765266064767,-0.03444452989132979,-2.399919965412414,-0.022302821187095992,0.1390830950908818,74.91102637931448,0.21010621209479813,82.76923075913237,-0.03614648509838114,-2.4077303458914856,-0.021975126881492724,0.13902427968416312,74.91243862352819,0.006799349275875999,-0.018421901515296213,-0.0017019552070513533,-0.007810380479071455,0.0003276943056032683,-5.8815406718676355e-05,0.0014122442137107782
805,0.20164195377621608,82.66664267217999,-0.031622528769657265,-2.4404655517777787,-0.0152274334297578,0.14393241520264588,74.88434675304975,0.22006069881990326,82.65337216616905,-0.01900954508801382,-2.4561931258592336,-0.014099819085609422,0.14400540836083683,74.88616957797943,0.01841874504368718,-0.013270506010940153,0.012612983681643444,-0.015727574081454865,0.001127614344148379,7.299315819095376e-05,0.0018228249296754484
806,0.2000592718456893,82.545649999256,-0.03104194378549502,-2.3992316208318254,-0.007959852636722801,0.14677081651875415,74.85281279284132,0.1950779838694146,82.54936592597977,-0.016840679827656503,-2.3884740208757886,-0.009373328394516545,0.14787379179910345,74.85711190987594,-0.004981287976274701,0.00371592672377119,0.014201263957838516,0.010757599956036756,-0.0014134757577937435,0.0011029752803493054,0.004299117034619826
807,0.19862403225125483,82.42465894590282,-0.025818904519954458,-2.4403937619205216,-0.0005961504679498032,0.14777727023216577,74.82617912645873,0.18686901185339913,82.42179900486956,-0.025948718357904667,-2.4389182057453924,0.001914357504474662,0.14715959313457372,74.83021057827104,-0.011755020397855698,-0.0028599410332645903,-0.00012981383795020868,0.001475556175129178,0.002510507972424465,-0.0006176770975920565,0.004031451812309683
808,0.19720552044986397,82.30365362019752,-0.03027476005513353,-2.3998036015430158,0.0067260960276834935,0.14511258959316609,74.79469281079884,0.18856913890845675,82.30195714268744,-0.022356364135265653,-2.4026240268244403,0.007074759644878359,0.14440719686321377,74.798104408079,-0.008636381541407223,-0.0016964775100802854,0.007918395919867878,-0.0028204252814245656,0.00034866361719486545,-0.0007053927299523199,0.003411597280162937
809,0.19601878397421502,82.18463107106129,-0.01654803351321381,-2.3611048003429604,0.014072414204702606,0.14874013748759843,74.7633129431844,0.18399570784664968,82.17225085839277,-0.01900273079556266,-2.3515959997934757,0.014002730851708112,0.14878630917703117,74.76322339159232,-0.01202307612756534,-0.012380212668517743,-0.0024546972823488514,0.009508800549484775,-6.968335299449395e-05,4.6171689432744634e-05,-8.95515920831258e-05
810,0.1954405602079794,82.06551151391571,-0.0060256261521943,-2.403672939573241,0.021534201503661903,0.14973135447077346,74.73676761402425,0.1923343152930923,82.05563498753565,0.009273009237657835,-2.4108402692149085,0.02298567711397803,0.14978120843855638,74.72998834285171,-0.0031062449148870908,-0.009876526380054429,0.015298635389852135,-0.0071673296416676635,0.0014514756103161282,4.985396778292572e-05,-0.0067792711725331856
811,0.19485178071174153,81.94631268930422,-0.01688682768740149,-2.3642576648761513,0.028766895410479006,0.1395764018019107,74.70536095967692,0.1932613901895824,81.93460646980324,-0.018964991034876925,-2.3589037356588745,0.029049552379111443,0.13952358347164892,74.69933550503066,-0.0015903905221591186,-0.011706219500979387,-0.0020781633474754348,0.005353929217276843,0.00028265696863243733,-5.2818330261772406e-05,-0.006025454646263029
812,0.19416619320146858,81.82704952096883,-0.010022539151798541,-2.4062596104725738,0.0356620675837809,0.13623048513016503,74.67879490760777,0.19444060815560313,81.82483751918167,-0.0062765364830598075,-2.4031439588682106,0.034100442341010506,0.13545964328008958,74.67192776770067,0.00027441495413454975,-0.0022120017871571918,0.0037460026687387337,0.003115651604363112,-0.0015616252427703911,-0.0007708418500754488,-0.00686713990710075
813,0.19387356673172862,81.70771906248952,-0.0010959683097569797,-2.3669567250773778,0.042330794585769486,0.13051859494937854,74.64740783052274,0.20741899959019153,81.70539085533738,-0.003992947545566209,-2.376243873056002,0.041784211832749385,0.13050855343938728,74.64123061017763,0.013545432858462908,-0.0023282071521322223,-0.002896979235809229,-0.009287147978624066,-0.0005465827530201015,-1.0041509991259856e-05,-0.006177220345108481
814,0.1939096877943761,81.58834499228803,0.003015288789454394,-2.407993363239263,0.04867963533100498,0.12343503486004105,74.62079532079763,0.1999351855747674,81.58075098233866,0.008887994051116975,-2.418805965861947,0.05015926099827839,0.12318422686741821,74.61930092695665,0.006025497780391298,-0.007594009949372094,0.005872705261662581,-0.010812602622684242,0.0014796256672734084,-0.0002508079926228368,-0.0014943938409714974
815,0.19408495688799954,81.46895509227394,0.004515722585041299,-2.3675939475815464,0.054570769175638446,0.11221031892529765,74.58935675343749,0.19539788931561855,81.46833703792447,0.012843278490848459,-2.372041875747212,0.054620688767270664,0.11236527137534764,74.58832737428943,0.0013129324276190124,-0.0006180543494735957,0.008327555905807159,-0.004447928165665527,4.9919591632217875e-05,0.00015495245004999714,-0.0010293791480506798
816,0.19458519416915218,81.34955045900293,0.015888376757632754,-2.4085752428730696,0.059913542865995435,0.1015006286889818,74.56275094616649,0.1977564775227453,81.35130201414187,0.01123546454238044,-2.4173826593875227,0.06187838328762929,0.10238913127782748,74.56543731723788,0.003171283353593124,0.001751555138937988,-0.004652912215252315,-0.008807416514453159,0.0019648404216338552,0.0008885025888456799,0.002686371071391136
817,0.19558441383484368,81.23013571009754,0.02449198489003856,-2.3680032572274183,0.06461234189041112,0.08645133228764576,74.53131268777483,0.18603789312242905,81.21747993527612,0.033195371700977194,-2.3580673372940573,0.06527619580613697,0.08655317479506583,74.5360166174578,-0.00954652071241463,-0.012655774821425325,0.008703386810938633,0.00993591993336107,0.0006638539157258483,0.00010184250742006906,0.004703929682975172
818,0.19683814909731984,81.1107014219422,0.02595454684522159,-2.4093501627139506,0.06859433392149902,0.07282834895587031,74.50473742919061,0.18726653199929827,81.1044657191478,0.025831078905176347,-2.415498918062795,0.06900083836583937,0.07391506322792474,74.51239435039487,-0.009571617098021568,-0.00623570279439889,-0.00012346794004524167,-0.0061487553488444036,0.0004065044443403443,0.0010867142720544232,0.007656921204258538
819,0.19807043030720273,80.9912520804414,0.023620460897855508,-2.368612006289846,0.07180509510443651,0.05560209836162951,74.4732996718305,0.19120680304065246,80.99490629758635,0.04359484002659138,-2.3875168185885407,0.07110565604228469,0.05479346520045117,74.48119643217835,-0.006863627266550265,0.003654217144955396,0.01997437912873587,-0.018904812298694562,-0.0006994390621518215,-0.0008086331611783376,0.007896760347847476
820,0.19919907805661807,80.87380660862624,0.021731444313789774,-2.329195555408735,0.07414083204733024,0.03782737935411957,74.44194398775143,0.20450187621608718,80.86938977122354,0.008135674285408206,-2.3265148199730894,0.07468395497724112,0.03869685856372488,74.44504988527174,0.005302798159469102,-0.004416837402700935,-0.013595770028381568,0.0026807354356455093,0.0005431229299108775,0.0008694792096053117,0.0031058975203137607
821,0.20025778713716696,80.75628553795757,0.020728578609176932,-2.3716293907177914,0.07563707564172469,0.022022364421658325,74.41544452813939,0.19617260343136364,80.74763763418926,0.016511443008161923,-2.3647406965315554,0.07524628139867673,0.023476282612927453,74.41643302191603,-0.004085183705803325,-0.008647903768306264,-0.004217135601015009,0.006888694186236055,-0.0003907942430479566,0.0014539181912691275,0.0009884937766457824
822,0.2012234485353478,80.63866640179094,0.017953599045923297,-2.3331252400064315,0.07627073594488043,0.0033240477045714915,74.38415331939603,0.1994595665041137,80.63295165085428,0.017314316223718297,-2.3285267499385864,0.07600643372584415,0.003552063473513554,74.38906949680532,-0.001763882031234093,-0.005714750936661517,-0.000639282822205,0.0045984900678450735,-0.00026430221903628315,0.00022801576894206262,0.004916177409285183
823,0.20206336074576453,80.52095629216335,0.015625685410756332,-2.3752620696175555,0.07603997781584616,-0.012554372865942031,74.35764538811367,0.20171701165338457,80.52038690384485,0.026157503041583936,-2.360079949880885,0.07477469101057554,-0.011839976199553997,74.36186739950291,-0.0003463490923799606,-0.0005693883184960669,0.010531817630827604,0.015182119736670607,-0.0012652868052706184,0.0007143966663880341,0.004222011389245495
824,0.20279894921702143,80.4031558241607,0.013702631236985272,-2.3367464841682817,0.07495778800172093,-0.030733219699067563,74.32636431155953,0.2035387433951169,80.4015787970189,0.011296870135173519,-2.3399013678590217,0.0747328698091736,-0.030525147305235627,74.33077704304004,0.0007397941780954709,-0.0015770271418062975,-0.002405761101811753,-0.003154883690740018,-0.0002249181925473298,0.00020807239383193593,0.0044127314805137985
825,0.20349410497644044,80.28528178953087,0.013960467063893721,-2.378198328903354,0.07304166666413657,-0.0459116338043065,74.2998249554694,0.2077518522601504,80.29090377795602,0.0052889976261833475,-2.3867662706930197,0.07522121019969186,-0.04430965253429914,74.29989459156425,0.004257747283709951,0.005621988425147606,-0.008671469437710373,-0.008567941789665579,0.0021795435355552867,0.001601981270007359,6.963609484955668e-05
826,0.20420443996559123,80.16737321736376,0.014210707256712739,-2.3381356565461138,0.07029789406172358,-0.0638392702922127,74.26846238064718,0.19651142794224327,80.16702788974462,0.030748578503672228,-2.3283793429205493,0.07059556530710198,-0.06309710210216515,74.2711292400308,-0.0076930120233479615,-0.00034532761914363164,0.01653787124695949,0.009756313625564506,0.0002976712453783975,0.0007421681900475485,0.0026668593836234322
827,0.204904485737796,80.04942244842576,0.013527359192877349,-2.379878414163624,0.06676346992170296,-0.07753769530861238,74.24194929638247,0.19411402438384623,80.0452370933563,0.006109976388238663,-2.378115849316808,0.06691685223463972,-0.0769837379748274,74.24557046413602,-0.01079046135394976,-0.004185355069452612,-0.007417382804638686,0.0017625648468158062,0.0001533823129367673,0.0005539573337849796,0.0036211677535504805
828,0.20560643070537665,79.93142569329345,0.014176042751343739,-2.339981003772288,0.06252036509600106,-0.09218649771946366,74.2106075593957,0.20538371785193857,79.93090695510367,0.021997649484547174,-2.342364385107118,0.06333580523976634,-0.08963817529854955,74.21259751610198,-0.000222712853438084,-0.0005187381897826526,0.007821606733203436,-0.0023833813348299593,0.0008154401437652781,0.0025483224209141148,0.0019899567062822143
829,0.20637535015596412,79.81538100406453,0.01614583980617879,-2.3017950581680178,0.05757810685235148,-0.10550383202651963,74.17937080188564,0.20888102262349514,79.81790842370458,0.04722644887451851,-2.298334934939405,0.059058604465440645,-0.10496683754561612,74.1801661350256,0.0025056724675310282,0.0025274196400459914,0.03108060906833972,0.003460123228612666,0.001480497613089167,0.0005369944809035104,0.0007953331399619401
830,0.20685621236479346,79.6992167284446,0.0026659176427742213,-2.3447721423458368,0.051884075562401155,-0.1222574195714933,74.15292956538119,0.20935680653659333,79.7000002583426,0.005091307234901341,-2.340181595968505,0.05388593639761163,-0.12173834629119253,74.15610804015236,0.0025005941717998748,0.000783529898001234,0.00242538959212712,0.004590546377331695,0.0020018608352104783,0.0005190732803007775,0.003178474771175388
831,0.2071569141190318,79.58293536291805,0.00880201395440618,-2.3064680964050797,0.04553046960252935,-0.1318868188233789,74.12169573083108,0.20767238587608308,79.56910159962919,0.020415170207533792,-2.2968856028045286,0.04515406269755218,-0.13203579707509563,74.12396370564021,0.0005154717570512724,-0.013833763288857881,0.011613156253127612,0.009582493600551079,-0.00037640690497717233,-0.00014897825171672485,0.002267974809129214
832,0.20792710834674308,79.46654534954617,0.021499982528282342,-2.349108472874785,0.03879711718282801,-0.13744727796467474,74.09525415781386,0.21256398349315117,79.46046416542985,0.027917458312940437,-2.335073404291423,0.03896857183461533,-0.1369176436732229,74.09719268436598,0.004636875146408093,-0.006081184116311533,0.006417475784658094,0.014035068583361898,0.00017145465178732,0.0005296342914518359,0.001938526552123676
833,0.20932007335010724,79.35004521967853,0.03360153174686953,-2.3108762735796264,0.03181424811854874,-0.1418674846064962,74.06403182839115,0.20856069299798308,79.34681373449861,0.03584235142053451,-2.299120509467102,0.03306401620045163,-0.14144551377926537,74.06837945970027,-0.0007593803521241671,-0.0032314851799242206,0.002240819673664983,0.011755764112524325,0.0012497680819028925,0.0004219708272308331,0.0043476313091161956
834,0.21086418234544094,79.23344194374928,0.027618703926981885,-2.353246900823167,0.024501107296825735,-0.15065814826242385,74.03758190273017,0.2127976133607351,79.24240797025764,0.027574607286203482,-2.352462620406817,0.02421482316101642,-0.15012484106010796,74.04126828019402,0.001933431015294168,0.00896602650836087,-4.4096640778402973e-05,0.0007842804163500361,-0.0002862841358093164,0.0005333072023158969,0.0036863774638504765
835,0.21215598480038353,79.11676367743482,0.0233740408888802,-2.313880547569099,0.016787879608474048,-0.15787095927164368,74.00630528981526,0.20237042161346797,79.11809413926586,0.036803670930150245,-2.318135084811729,0.016616763103043386,-0.1591031583398033,74.0106786160521,-0.009785563186915563,0.0013304618310456817,0.013429630041270044,-0.004254537242629919,-0.00017111650543066154,-0.0012321990681596062,0.004373326236844832
836,0.21324694150113233,79.00201357027765,0.01956074319412052,-2.276117833586318,0.008782015238781424,-0.16236361551606127,73.97512830796994,0.21433818752022338,79.00282628268324,0.0010122803190897242,-2.2703775530712957,0.0098194859162275,-0.16386017004683193,73.98273351035245,0.0010912460190910522,0.0008127124055903323,-0.018548462875030796,0.005740280515022178,0.0010374706774460753,-0.0014965545307706607,0.007605202382507059
837,0.21458642690293928,78.88712003520519,0.03342482129548899,-2.3195879286750642,0.0007914917435188056,-0.1572573242944435,73.94874632747684,0.21835348226131396,78.88910379984812,0.04119497747470067,-2.3235435196861425,-0.0007761798008774079,-0.15999755595264012,73.95962920373049,0.0037670553583746824,0.0019837646429294864,0.0077701561792116805,-0.00395559101107823,-0.0015676715443962135,-0.002740231658196618,0.010882876253646145
838,0.2159289839135234,78.77209174053831,0.019574528902442434,-2.281555656109104,-0.007235420736929992,-0.16381917492350845,73.91754897194325,0.2187719240104167,78.77160631378949,0.011368554708247451,-2.28096711972628,-0.0069644721541481935,-0.16280804720525685,73.92401573820372,0.002842940096893315,-0.00048542674882412484,-0.008205974194194983,0.0005885363828239676,0.00027094858278179854,0.0010111277182515976,0.006466766260473378
839,0.2169795400068542,78.65694815353744,0.021843439757239704,-2.3241677060558885,-0.015347243689544706,-0.1606537431810801,73.89113768307743,0.21204353662647918,78.65969354864471,0.030298303030445402,-2.3213398678135597,-0.015382261491644122,-0.16153273285326084,73.90189454367044,-0.004936003380375031,0.0027453951072686777,0.008454863273205698,0.002827838242328795,-3.5017802099416434e-05,-0.0008789896721807244,0.010756860593005513
840,0.21776509835063396,78.54169613828049,0.008870091660230157,-2.2859205316718967,-0.023416301269451108,-0.16210856001517598,73.85994363632719,0.21899390035965963,78.550453351714,0.0025219613091024187,-2.296080680951155,-0.02282975049837166,-0.16282739843909422,73.86632018829353,0.0012288020090256702,0.008757213433511879,-0.0063481303511277384,-0.010160149279258235,0.0005865507710794485,-0.0007188384239182333,0.006376551966340571
841,0.21795357410944424,78.42832762262937,-0.002038895812561361,-2.248824961085814,-0.03149108964634379,-0.16088297506053145,73.82882413013569,0.22630403081306458,78.43109230884225,-0.011662613953946178,-2.2622682894362702,-0.029774276589660253,-0.1611642400014818,73.83285553421828,0.008350456703620335,0.002764686212884726,-0.009623718141384817,-0.013443328350456252,0.0017168130566835374,-0.0002812649409503487,0.004031404082596168
842,0.21810952426395594,78.3148058169678,0.007694673219237695,-2.292021262865773,-0.03928902699494994,-0.15103451888371447,73.80245652859745,0.226901653876713,78.31944498005865,0.011224164571982045,-2.2964204907221797,-0.03929049918197158,-0.15050203512776744,73.80701954062529,0.00879212961275705,0.0046391630908431125,0.0035294913527443503,-0.004399227856406895,-1.4721870216435895e-06,0.0005324837559470275,0.004563012027844593
843,0.21832856730587577,78.20114025340997,0.0004182890604356934,-2.2545994662683486,-0.04667367863271133,-0.14435154662674132,73.77133299008713,0.2307019487143474,78.19854902450457,-0.007041918793496192,-2.2573161424298083,-0.0492006237040048,-0.14538447317030043,73.77625818817444,0.012373381408471634,-0.0025912289054019766,-0.007460207853931885,-0.0027166761614596524,-0.002526945071293467,-0.001032926543559104,0.004925198087306626
844,0.21837151086864,78.08733099772306,0.0007782508473272085,-2.297756845695416,-0.053677510627662434,-0.13580173317130279,73.74497472950956,0.22292221546570362,78.08944937102476,-0.002307275518558789,-2.2871186278776103,-0.05574862113044032,-0.13576915067518405,73.74697322721802,0.0045507045970636095,0.002118373301698284,-0.0030855263658859976,0.010638217817805717,-0.0020711105027778898,3.258249611873265e-05,0.0019984977084561706
845,0.21840573828539864,77.97337371549924,2.156823559300552e-05,-2.260525670326682,-0.060162094291493474,-0.12358161338193888,73.71387582300294,0.22123721432971827,77.9698713070357,-0.010190086254050948,-2.280323601090288,-0.05915472999624294,-0.12247135678150424,73.71491375015071,0.0028314760443196307,-0.003502408463532447,-0.010211654489643953,-0.01979793076360581,0.001007364295250536,0.0011102566004346365,0.0010379271477773955
846,0.21835551927297236,77.86127160673226,-0.0025434821063608903,-2.2235504108497532,-0.0660095475109207,-0.11031651539515017,73.68279565086243,0.2061633141963467,77.86289930360476,-0.00785254243504997,-2.248689741657152,-0.06456244429289049,-0.11006688639307007,73.68513435205166,-0.012192205076625662,0.0016276968725037477,-0.00530906032868908,-0.025139330807398608,0.0014471032180302101,0.0002496290020801012,0.002338701189231074
847,0.21818990266734595,77.7490121167894,-0.004467723345960883,-2.266813325458168,-0.07120764970074273,-0.09760757219773103,73.65645601108068,0.21050941227625955,77.74705575159902,-0.001432109394116747,-2.263943554618053,-0.07002479633458814,-0.09796334890998475,73.66038844042576,-0.0076804903910863975,-0.001956365190380893,0.003035613951844136,0.0028697708401148603,0.0011828533661545904,-0.00035577671225371643,0.003932429345084643
848,0.21807575851837377,77.63460914263557,-0.00043638941970964,-2.3092887235807913,-0.07573386260620442,-0.08344094402073687,73.63007605963293,0.2177184755902677,77.62608807188914,-0.009532659474082173,-2.304326635212368,-0.0742524288941504,-0.08344813621638214,73.63474650851127,-0.00035728292810607853,-0.008521070746425607,-0.009096270054372534,0.0049620883684231565,0.0014814337120540172,-7.192195645266963e-06,0.004670448878343336
849,0.218075055331471,77.52010883814353,8.070660688480418e-05,-2.270712442754118,-0.07945498801314455,-0.06540407225686826,73.59891913962052,0.21152981579065117,77.52889801032408,0.001912167284931321,-2.2602345387136813,-0.0782661835768863,-0.06422827703306276,73.60424105281223,-0.006545239540819842,0.008789172180556193,0.0018314606780465168,0.01047790404043658,0.0011888044362582395,0.0011757952238054953,0.005321913191707495
850,0.2182026308785407,77.40551172656782,0.004807691700594884,-2.3131543628011197,-0.0823198453882146,-0.04919022274593404,73.57254607732047,0.21546924225536007,77.41892264535666,-0.009711646259640013,-2.309254440443705,-0.08293521201437715,-0.04886358992327799,73.57194684323188,-0.0027333886231806215,0.013410918788835602,-0.014519337960234899,0.0038999223574145425,-0.0006153666261625446,0.0003266328226560547,-0.0005992340885825342
851,0.2185688297015272,77.29082885945694,0.009668389037633071,-2.2741485699512167,-0.08426352887913229,-0.02855711689077326,73.5413736762842,0.21982803388042804,77.29610659905094,-0.0036464122640166422,-2.282875149357046,-0.08460631673731545,-0.028771396494734654,73.54236367284868,0.0012592041789008523,0.005277739594006903,-0.013314801301649713,-0.008726579405829327,-0.0003427878581831606,-0.00021427960396139256,0.0009899965644848407
852,0.21917442886354238,77.1780657482742,0.014475339564707966,-2.2363645776920507,-0.08516917060822252,-0.007668552272835815,73.51027712249245,0.2164428418011494,77.18053033169313,0.014816624877722437,-2.230968762976346,-0.08559679806212772,-0.006768722515433485,73.50913481648092,-0.002731587062392987,0.0024645834189414018,0.00034128531301447045,0.0053958147157047165,-0.00042762745390520496,0.0008998297574023296,-0.0011423060115305361
853,0.22025443101300562,77.06516109120345,0.02872269410007157,-2.279804665202613,-0.08511061563191455,0.01001075132515477,73.48397438036145,0.21155007563220757,77.06852994848087,0.029521925262697396,-2.2870802034085322,-0.08578169213436837,0.010961172926531608,73.48385461403234,-0.008704355380798057,0.0033688572774224212,0.0007992311626258269,-0.0072755382059193074,-0.0006710765024538212,0.0009504216013768389,-0.00011976632910659646
854,0.22185760154770315,76.95212623660503,0.03549212256543516,-2.2415793418957826,-0.08409200570184118,0.030733645877780203,73.45286250149015,0.21739058309280412,76.95701234568479,0.039269844146399065,-2.240369371083259,-0.0842851537907996,0.029164532969252647,73.4567490911406,-0.004467018454899024,0.004886109079762946,0.0037777215809639067,0.0012099708125234976,-0.00019314808895841418,-0.0015691129085275562,0.0038865896504489683
855,0.22367607184756874,76.83897615104071,0.037392505774648636,-2.2844076524941235,-0.08213332021967364,0.047613773408921686,73.42653295531437,0.21183165258194556,76.83390882993368,0.05068977840323047,-2.27036819793589,-0.08351785500904763,0.04892003508721489,73.4316921173534,-0.011844419265623185,-0.005067321107034672,0.013297272628581831,0.014039454558233633,-0.0013845347893739895,0.0013062616782932024,0.0051591620390354365
856,0.22562533539323867,76.72569675507343,0.040829405726876114,-2.2467585085127304,-0.0792677559596331,0.06700879699269958,73.39546584689505,0.22434748054482054,76.70906053963267,0.04005753237495138,-2.251034440895413,-0.08069015397690116,0.06698873712692355,73.39883998989455,-0.0012778548484181362,-0.01663621544075511,-0.0007718733519247317,-0.004275932382682424,-0.0014223980172680534,-2.0059865776037022e-05,0.00337414299950467
857,0.2276921099827997,76.61427795866598,0.04217545306082872,-2.2099832963818122,-0.07546210942981953,0.08521706419984346,73.36445422374106,0.2331218394613506,76.60562299655257,0.05297423166823896,-2.2122402961640053,-0.07351420371191297,0.08499020994206644,73.36110135944072,0.005429729478550888,-0.008654962113411102,0.010798778607410242,-0.00225699978219307,0.0019479057179065534,-0.0002268542577770205,-0.00335286430033932
858,0.22974611833942846,76.50268404491378,0.04032598572455637,-2.253754419256037,-0.07087359251832812,0.09832361225981305,73.33819202364207,0.2289878802045445,76.50381666629983,0.05233131850434268,-2.259457691820623,-0.07097567696913387,0.09840304786586429,73.33452721689498,-0.0007582381348839595,0.0011326213860485268,0.012005332779786312,-0.005703272564586026,-0.00010208445080575612,7.943560605123967e-05,-0.003664806747082139
859,0.23172669691858175,76.39093052450437,0.03936090191396115,-2.216373355054934,-0.06559530727573955,0.11280779744372973,73.3071550089473,0.22530841857399928,76.38886952745997,0.019415956419900123,-2.208660658450769,-0.06728717373099435,0.11205218564063475,73.30450561128112,-0.006418278344582473,-0.0020609970443956627,-0.019944945494061023,0.007712696604164737,-0.0016918664552548063,-0.0007556118030949827,-0.0026493976661896568
860,0.23364449335950233,76.2790181066214,0.03779100839776433,-2.26010423136035,-0.05967543474092998,0.12398710394865281,73.28089949183136,0.23540784507319143,76.28101658141279,0.023174881742920584,-2.2517274891968695,-0.057948821861572686,0.12527700269389486,73.27608710193837,0.0017633517136891041,0.0019984747913923684,-0.014616126654843745,0.00837674216348061,0.0017266128793572977,0.0012898987452420463,-0.004812389892990154
861,0.2353807878910755,76.16694187649696,0.0322274243695504,-2.2229265715367346,-0.053230384765600866,0.1338148950645119,73.24988258015026,0.23780289426175308,76.15840792253157,0.009474314810396574,-2.2086067025314957,-0.053774973377531676,0.13304078291871796,73.24170271947808,0.002422106370677579,-0.008533953965397245,-0.022753109559153828,0.01431986900523885,-0.0005445886119308102,-0.0007741121457939537,-0.008179860672171912
862,0.23688557208019823,76.05470545695086,0.028475148611219553,-2.266506447745148,-0.046362634101772396,0.14089513148862684,73.22362518127939,0.23708804246549092,76.05201545349028,0.031568233374430404,-2.2577502129799445,-0.046484737714201696,0.14098653610473438,73.21903858518887,0.00020247038529269679,-0.0026900034605716883,0.0030930847632108516,0.008756234765203708,-0.00012210361242930012,9.140461610754325e-05,-0.004586596090518924
863,0.23806039715609728,75.94232150165053,0.019149583925685117,-2.2288297093474583,-0.0391755970187331,0.14658635183294513,73.19258727863256,0.23943242175351118,75.93908412568393,0.029446041085548942,-2.2274288368579316,-0.03921931084101793,0.14843964022775152,73.19297340463005,0.0013720245974138956,-0.0032373759665915713,0.010296457159863825,0.0014008724895266944,-4.371382228483128e-05,0.0018532883948063905,0.00038612599749399124
864,0.23870325384893948,75.83178484842817,0.007214637422776889,-2.192611290864888,-0.031768491473196214,0.1496978699885303,73.16163661983448,0.2379777668013118,75.82908105458428,0.0038150554900650887,-2.208412395737375,-0.032173038915776164,0.15037818996445929,73.16014822273826,-0.0007254870476276765,-0.0027037938438922993,-0.0033995819327118006,-0.01580110487248687,-0.00040454744257995,0.0006803199759289891,-0.001488397096224503
865,0.23889680167584065,75.72106826301939,0.0010869164389592286,-2.2360214730158563,-0.02426671413080328,0.15037322370718717,73.1353755972807,0.2464797052640421,75.72239644356732,0.0073368033276828264,-2.2432447903808823,-0.0242671324630388,0.14996642251890221,73.13907280596402,0.007582903588201434,0.0013281805479294917,0.006249886888723598,-0.007223317365026016,-4.183322355189034e-07,-0.00040680118828495537,0.003697208683320241
866,0.2385644679454809,75.6101950723713,-0.01372341790598901,-2.1988762282925367,-0.0167964190255713,0.14843858050209202,73.10437529967464,0.25152973774225734,75.61621064523518,-0.011494889965541984,-2.200152642010804,-0.017677807959488145,0.1491932173545345,73.11216757648806,0.012965269796776452,0.006015572863887542,0.002228527940447025,-0.0012764137182674773,-0.0008813889339168469,0.0007546368524424807,0.007792276813418653
867,0.23751726127540024,75.49915958206952,-0.027619866837249395,-2.242509385017252,-0.009461503227602142,0.14495805141667426,73.07813155928936,0.24444068757728066,75.5044252261568,-0.0361127891503441,-2.2339807850923896,-0.009552546365740433,0.14369716183090553,73.09044378996353,0.00692342630188042,0.005265644087273813,-0.008492922313094703,0.008528599924862323,-9.104313813829146e-05,-0.0012608895857687263,0.0123122306741692
868,0.2361424625251829,75.38796266804468,-0.026733089415264612,-2.205356109011664,-0.0021822107543837148,0.1462136475120628,73.04715439160877,0.23942358520560025,75.39360857809379,-0.035447193353537784,-2.214836733352653,-0.0008846774465518514,0.14639124794777988,73.05928074253778,0.0032811226804173588,0.00564591004911108,-0.008714103938273172,-0.009480624340989063,0.0012975333078318633,0.0001776004357170735,0.012126350929008822
869,0.23516516812372312,75.27859653404825,-0.011704855067719039,-2.1692971069513467,0.005283791939881423,0.15242646025854267,73.01623257165195,0.2336157367851329,75.28082779453366,-0.010815581075928872,-2.169959681558454,0.008129010642210055,0.15379963304760028,73.03103213501855,-0.0015494313385902292,0.002231260485416442,0.0008892739917901668,-0.0006625746071073912,0.002845218702328632,0.0013731727890576029,0.01479956336659427
870,0.23442375669227206,75.16901966869877,-0.017393936064271632,-2.213753336598651,0.012799658113466245,0.1482081866848502,72.99005981525245,0.2473545629889992,75.17398876471988,-0.01959826809147283,-2.2252786311377664,0.010544487756605214,0.1491947580644309,73.00444626767965,0.012930806296727132,0.004969096021113728,-0.0022043320272011994,-0.01152529453911555,-0.002255170356861031,0.0009865713795806919,0.014386452427203267
871,0.23388219155605242,75.05925346939631,-0.003613304818092123,-2.1769008391022764,0.02026503346980649,0.15040682756875956,72.95910419124195,0.24362322252980462,75.06742962874132,-0.006631874673654871,-2.184277161302505,0.02074662414881745,0.14964501839851213,72.97027902938717,0.009741030973752202,0.00817615934501248,-0.003018569855562748,-0.007376322200228547,0.00048159067901095906,-0.0007618091702474294,0.01117483814522302
872,0.2335099290315168,74.94931537330021,-0.010732419353513167,-2.220596864207301,0.027588744325886514,0.1425416066744414,72.93289420033109,0.235486844628892,74.9599521755064,-0.019141683702972517,-2.2106196394242503,0.026958514076238504,0.14346025619334704,72.94230808699058,0.0019769155973752006,0.010636802206192897,-0.00840926434945935,0.00997722478305052,-0.0006302302496480096,0.0009186495189056343,0.009413886659487503
873,0.23318384809658677,74.83919632787216,-0.0016936534631629818,-2.184164201074774,0.034632930630305925,0.13922584550233508,72.9019801880611,0.23385591378116036,74.84246105852857,0.019696148306035638,-2.184541374993644,0.03365637692078627,0.1383874972243917,72.91074782131109,0.0006720656845735917,0.0032647306564115297,0.02138980176919862,-0.000377173918869822,-0.0009765537095196564,-0.0008383482779433793,0.008767633249988194
874,0.2328486106670609,74.72889896215908,-0.011219296659039788,-2.227702527995561,0.041305071609908255,0.12765979368175812,72.87576732311703,0.22714978509805173,74.73451991750993,-0.011025631128430876,-2.238165600630645,0.04095920071196124,0.13017785365696827,72.88559323841473,-0.005698825569009164,0.005620955350849499,0.00019366553060891183,-0.01046307263508428,-0.0003458708979470135,0.002518059975210152,0.009825915297696497
875,0.23243200292041413,74.61846596683999,-0.004901973368838377,-2.1896115743171465,0.047488630696687045,0.11968256978939337,72.84476929693503,0.22750065054339577,74.61870846012566,-0.010825836375910471,-2.1970520204154487,0.046180809918608734,0.12056047362962738,72.85766138963926,-0.004931352377018361,0.00024249328566838813,-0.005923863007072094,-0.007440446098302189,-0.0013078207780783113,0.0008779038402340067,0.012892092704234415
876,0.23230714136535283,74.50988866101365,0.00041023579145056926,-2.153473643724778,0.05323228849343681,0.11006374208059719,72.81389021736271,0.244916334852419,74.50428728062457,0.005591908666860846,-2.142350424642291,0.053478271264142396,0.11102125665830742,72.8298675751923,0.012609193487066184,-0.005601380389080646,0.005181672875410276,0.011123219082486813,0.0002459827707055884,0.0009575145777102334,0.015977357829584093
877,0.23241893408335793,74.401091031533,0.0044495416871098295,-2.198415527308256,0.05847954970131195,0.09982670623440862,72.78777803513096,0.2296321071314147,74.39836201949646,0.005863395752756965,-2.192908330404504,0.05877695639240743,0.1008102271833835,72.79881043314795,-0.0027868269519432387,-0.0027290120365393022,0.0014138540656471353,0.005507196903752121,0.0002974066910954795,0.0009835209489748864,0.011032398016993739
878,0.2326770233776092,74.29207422604004,0.006281050766116894,-2.162245753633053,0.06312703675251523,0.08607277581372219,72.75690869581514,0.22942584793870638,74.29189647174951,0.011898517125195296,-2.1698850359589583,0.06379138408991336,0.08717084080112424,72.77064293744918,-0.003251175438902826,-0.0001777542905330165,0.005617466359078402,-0.007639282325905494,0.0006643473373981329,0.0010980649874020448,0.013734241634040245
879,0.23296548637002518,74.18287175734385,0.005553293389486236,-2.2058353582623735,0.06710559566535698,0.0730695806999481,72.73072616479631,0.229369438737384,74.19027591230855,0.012229752209913621,-2.2079265138067674,0.06598727721339515,0.07356287831782929,72.75068439989894,-0.0035960476326411805,0.00740415496470348,0.0066764588204273854,-0.0020911555443938745,-0.001118318451961836,0.0004932976178811943,0.019958235102635058
880,0.23323928546909584,74.07350874693114,0.0056844404251648745,-2.168673711637706,0.07036040421155824,0.057122761148102566,72.6998091309612,0.21941811259974303,74.07535280620729,-0.0017292001791376632,-2.1624060233355142,0.0693243952970084,0.05774282124079677,72.71846938728295,-0.013821172869352805,0.0018440592761521657,-0.007413640604302538,0.006267688302191932,-0.0010360089145498436,0.0006200600926942051,0.018660256321751945
881,0.2335020395425651,73.9639819969612,0.005011588011462565,-2.2123788952676353,0.07286057816466848,0.04288419697630704,72.67364235878492,0.23179633922399595,73.96102592575276,0.027263578294144355,-2.2012294472086498,0.07325635418702081,0.042594760556587015,72.69219011837167,-0.0017057003185691477,-0.002956071208430444,0.02225199028268179,0.011149448058985545,0.0003957760223523288,-0.00028943641972002665,0.018547759586752477
882,0.23369110635068813,73.85428896061498,0.00269976066401155,-2.1753307198737586,0.07455155811671309,0.0247550011054769,72.64274199031325,0.23911145384528767,73.85791947508494,0.002947296381414201,-2.1875295980774325,0.07549006496202093,0.02625519174751283,72.66359768227704,0.005420347494599548,0.003630514469961099,0.00024753571740265086,-0.012198878203673935,0.0009385068453078432,0.0015001906420359298,0.02085569196378856
883,0.23388147992559313,73.74643318398907,0.0049822603225132605,-2.1388888165600317,0.07532452421393837,0.006163642783534706,72.6118808767926,0.23816496638544477,73.75138748585353,0.002078262144193104,-2.14637974900061,0.07571261529012085,0.005137881378001242,72.63262902880243,0.004283486459851632,0.0049543018644584436,-0.0029039981783201565,-0.007490932440578302,0.00038809107618248406,-0.0010257614055334645,0.020748152009829823
884,0.23408172595706117,73.63838496210737,0.003021682968156066,-2.1830231913761127,0.07524271579501415,-0.009435979540503492,72.58575090994412,0.23456477966076392,73.629611139096,0.01150229076914349,-2.1752481609094443,0.07601571149015385,-0.010548069789437122,72.60723486800832,0.00048305370370274603,-0.008773823011367199,0.008480607800987423,0.007775030466668387,0.0007729956951396943,-0.0011120902489336303,0.021483958064195008
885,0.23408764518091318,73.53013521218206,-0.0028653012806199862,-2.1469562575682732,0.07431188408153759,-0.02779728899855885,72.55492249552688,0.241169880209119,73.52761062000732,-0.006921516205675344,-2.1512717083388813,0.07474615873717116,-0.02797192933484748,72.58039709455544,0.007082235028205819,-0.002524592174736995,-0.004056214925055358,-0.00431545077060802,0.0004342746556335736,-0.0001746403362886291,0.025474599028555645
886,0.2339518596261418,73.4216941307384,-0.0026972933213790023,-2.1906707041549818,0.0725473795944825,-0.0427828904836448,72.528777088528,0.23798530177136468,73.41728438235108,-0.00411236690246006,-2.182804197814696,0.0727852855618174,-0.04211144921893964,72.55504089118799,0.0040334421452228875,-0.004409748387317336,-0.0014150735810810576,0.007866506340285628,0.0002379059673349032,0.0006714412647051624,0.02626380265998307
887,0.233919866129917,73.31307747081217,0.001191766363316428,-2.1539853865899197,0.0699866825442791,-0.059644991524491014,72.4979233955518,0.24936330922575228,73.30667576448933,0.015506943314412297,-2.146000709305457,0.06865002290070699,-0.06020889563242531,72.52123908709297,0.015443443095835285,-0.0064017063228476445,0.01431517695109587,0.007984677284462727,-0.0013366596435721162,-0.0005639041079342974,0.02331569154117119
888,0.2340228596905643,73.20428411800076,0.0026819715459966958,-2.1977316626736743,0.06667909413543635,-0.07265854482921905,72.47178907422585,0.24891501353834394,73.20702377156991,0.009826531217269075,-2.1813087470090995,0.06683494566904624,-0.07410356659068701,72.49587021550373,0.014892153847779643,0.002739653569150846,0.00714455967127238,0.016422915664574766,0.0001558515336098909,-0.0014450217614679628,0.024081141277875417
889,0.23426696158268343,73.0953178062084,0.006730412290923369,-2.160909665500385,0.06268214972493254,-0.08721923159093374,72.44093801999699,0.24000753982040576,73.09910086476796,-0.014417479834396271,-2.1673671341139293,0.06220170045773399,-0.08542815719229081,72.4634631541102,0.005740578237722338,0.0037830585595628463,-0.021147892125319638,-0.006457468613544126,-0.00048044926719854886,0.0017910743986429278,0.022525134113209333
890,0.23466859236957335,72.98817688284161,0.00892472648982212,-2.1247144488016265,0.05800323670493338,-0.09993728920903241,72.41012728717936,0.23598987136216185,72.97891968688329,0.004036029532296625,-2.11756858819092,0.058929909673284264,-0.09884978700748061,72.43167272824739,0.0013212789925884927,-0.009257195958326747,-0.004888696957525494,0.007145860610706656,0.000926672968350882,0.001087502201551807,0.021545441068028026
891,0.2353887819908947,72.8808230101754,0.019490130970590065,-2.1694217889313365,0.05276254290204268,-0.10969046290659583,72.38406100956414,0.23163965894791153,72.89562875655174,0.019363328771980028,-2.176033551063624,0.0539095344495224,-0.11048785451107049,72.4011618281942,-0.0037491230429831657,0.014805746376339357,-0.00012680219861003691,-0.006611762132287424,0.0011469915474797213,-0.0007973916044746593,0.017100818630069625
892,0.2364787776633707,72.77327190970826,0.0236067704242122,-2.132607729994162,0.04703418844222185,-0.11944371548623758,72.35322410354784,0.22959052155443266,72.78772412743949,0.026917147514933203,-2.1470794798417,0.04702131092279194,-0.12171518588921801,72.36704932237564,-0.0068882561089380345,0.014452217731232508,0.0033103770907210034,-0.01447174984753774,-1.2877519429910222e-05,-0.0022714704029804245,0.013825218827790309
893,0.23782666229761423,72.66752641040488,0.029770087588375693,-2.0971947255466614,0.04087967654834317,-0.12673676026890945,72.32247176913128,0.229867985784469,72.67767110679367,0.030509575169000006,-2.1012201950017277,0.04041679401997289,-0.1261956603658743,72.33210446290204,-0.007958676513145246,0.01014469638879234,0.000739487580624313,-0.004025469455066322,-0.0004628825283702828,0.0005410999030351638,0.009632693770754486
894,0.23918473254599273,72.56153456176142,0.024064352511518457,-2.1424718858202687,0.034269659681619415,-0.13766391440004086,72.29644623456912,0.2349704912873503,72.57236437939937,0.022701913439709735,-2.136677364851807,0.03500487758342263,-0.13794513967938277,72.30408739694077,-0.0042142412586424205,0.010829817637954875,-0.0013624390718087222,0.005794520968461558,0.0007352179018032187,-0.0002812252793419068,0.007641162371655241
895,0.24080665262171594,72.45528675982266,0.040198333727392885,-2.1074183849259933,0.02731088239356377,-0.14068717712218495,72.26572297530164,0.23831123584729802,72.45700604640781,0.047933840324247426,-2.127578416462485,0.02539311616081097,-0.13867751281295232,72.27731108022941,-0.002495416774417919,0.001719286585156965,0.007735506596854541,-0.020160031536491818,-0.001917766232752801,0.002009664309232634,0.011588104927767517
896,0.24235454408124674,72.34880766738495,0.021173090627985842,-2.1517534147764943,0.019944421598219318,-0.1539712546915932,72.23962916023304,0.23304759016324902,72.34957439111446,0.03429888572553989,-2.148845131552748,0.02058262177399861,-0.1534052821654458,72.24776118760094,-0.009306953917997712,0.0007667237295123641,0.01312579509755405,0.0029082832237463663,0.0006382001757792924,0.0005659725261474013,0.008132027367906858
897,0.24330349332447146,72.24211854887037,0.01609768002277818,-2.115807110044652,0.012098346369322997,-0.1598717544642597,72.208867297235,0.23175731514743497,72.23631739922348,0.00915469072026729,-2.130816741198406,0.010823203407030135,-0.16181841060273242,72.21549719989677,-0.011546178177036487,-0.005801149646885051,-0.006942989302510888,-0.0150096311537542,-0.0012751429622928617,-0.0019466561384727243,0.006629902661771325
898,0.24409391027070404,72.1372067445037,0.01481449494227045,-2.0806555419601604,0.004045299307394359,-0.1622501280128858,72.17815731718535,0.23148910137065956,72.14328162390153,0.02922531768687848,-2.0836881500265845,0.00478196064488845,-0.1617474583828323,72.18244700931922,-0.012604808900044479,0.006074879397829136,0.014410822744608028,-0.003032608066424025,0.0007366613374940913,0.0005026696300534927,0.004289692133866652
899,0.24448966549497403,72.03202883746164,0.00040499160000175005,-2.1264664550850956,-0.0042429033518278664,-0.1692779783560032,72.15217140204464,0.23637414522758857,72.04672068648122,0.011711613860136505,-2.120454317369993,-0.005155417831794296,-0.16835939757533344,72.15493800555738,-0.008115520267385462,0.014691849019584424,0.011306622260134755,0.006012137715102561,-0.0009125144799664291,0.0009185807806697532,0.002766603512739607
900,0.24459662440617125,71.92657548397631,0.0031402461757375566,-2.091652594028627,-0.01262963757619382,-0.1661913906186349,72.12149143859375,0.24229638660974537,71.9229113004125,0.00598781037769403,-2.0864489688536128,-0.011991594499376479,-0.1684179814271189,72.1341860049833,-0.0023002377964258802,-0.0036641835638135944,0.0028475642019564736,0.00520362517501427,0.0006380430768173403,-0.0022265908084840025,0.012694566389555462
901,0.2448482726637797,71.82086266058737,0.0063185471903937345,-2.1368390630030447,-0.02082456711171113,-0.16160579080205761,72.0954949882845,0.24216960257447945,71.81902304276043,0.012660827108946896,-2.1369408781850514,-0.01979317387890145,-0.16269103832821766,72.10457540852202,-0.0026786700893002557,-0.0018396178269313168,0.006342279918553162,-0.0001018151820066926,0.0010313932328096798,-0.0010852475261600436,0.009080420237523867
902,0.24490318277394219,71.7149144296153,-0.004827854030703413,-2.101096334426171,-0.02890274955474373,-0.1615215069192463,72.06476247829588,0.23442748580256317,71.73122969530888,-0.006074865530851197,-2.096218361189696,-0.02790511582519528,-0.16283361386099554,72.07418552390915,-0.010475696971379012,0.016315265693577885,-0.0012470115001477836,0.004877973236474986,0.0009976337295484472,-0.0013121069417492415,0.009423045613274894
903,0.24447553273174968,71.60874232823886,-0.012871703251466428,-2.145782706735132,-0.03691674823093982,-0.15903844012859758,72.03874128693764,0.25775906234536533,71.61358856721769,-0.01393761901131317,-2.1454526376499174,-0.034566328378558886,-0.15974808219981346,72.04303326615344,0.013283529613615647,0.00484623897882841,-0.0010659157598467417,0.0003300690852143795,0.002350419852380936,-0.0007096420712158769,0.004291979215807373
904,0.24408522168887303,71.5023638560802,-0.0034101981014668242,-2.1093337606596223,-0.04454267553977457,-0.14599865222479233,72.00798287790182,0.24412725663063756,71.49756681004287,-0.014012977197729709,-2.1094666106515425,-0.04328561259939834,-0.14510725958709889,72.01298590377975,4.2034941764523825e-05,-0.0047970460373250035,-0.010602779096262884,-0.00013284999192020308,0.0012570629403762315,0.0008913926376934445,0.005003025877925893
905,0.24377087679494197,71.39776639080974,-0.009783995380799812,-2.074561558144786,-0.051644076554421776,-0.138057388361096,71.97732822545464,0.2541112578840461,71.38562232539114,-0.01234124684399679,-2.0817601879913297,-0.05032622186582891,-0.13937911225079935,71.98475722304322,0.010340381089104123,-0.012144065418596028,-0.0025572514631969773,-0.007198629846543625,0.0013178546885928635,-0.0013217238897033634,0.0074289975885761805
906,0.243186312006777,71.29291392288937,-0.014094250176206049,-2.1195251110330586,-0.05833018820351091,-0.12938707760246915,71.95133929912384,0.24596638615029798,71.2833598365484,-0.021198717165182047,-2.1282790049849734,-0.056918204484667445,-0.1300928522910633,71.9587487140548,0.0027800741435209664,-0.009554086340969548,-0.007104466988975999,-0.008753893951914726,0.0014119837188434625,-0.0007057746885941463,0.007409414930961589
907,0.24250561663280704,71.18783685342137,-0.013673257650712091,-2.0835499203082386,-0.0644887745259724,-0.11695637529599046,71.92062683612242,0.24285494019197917,71.19458480263938,-0.007429139734330136,-2.089410648305398,-0.06573408095104183,-0.11683227691601897,71.92987776137528,0.00034932355917213775,0.006747949218009808,0.006244117916381955,-0.0058607279971591986,-0.0012453064250694257,0.00012409837997148787,0.0092509252528572
908,0.24183314624733365,71.08254785163535,-0.013635633702085917,-2.1279933016162254,-0.0700145847625091,-0.10407603416547767,71.89461772146042,0.22799659680920334,71.07957186720833,-0.014185026834975446,-2.1273948722544356,-0.07224579148361565,-0.10370798306182384,71.90471615449299,-0.013836549438130313,-0.002975984427024514,-0.0005493931328895297,0.0005984293617897762,-0.002231206721106549,0.00036805110365382976,0.0100984330325673
909,0.2411844850621104,70.97705176108043,-0.012729058410085191,-2.0918373487613717,-0.0747852473484543,-0.08675046927233032,71.86390558750502,0.2241933167749737,70.976271228062,-0.017299483684105534,-2.0933787653663636,-0.07538592516954612,-0.0875334816277309,71.87827794397364,-0.016991168287136704,-0.0007805330184282866,-0.004570425274020342,-0.001541416604991852,-0.0006006778210918134,-0.0007830123554005836,0.01437235646862689
910,0.2406110880638462,70.87332322141286,-0.010546190309824318,-2.057291544198129,-0.07866860796283932,-0.06858395530307033,71.83329147506134,0.23623723265872656,70.8706616534813,-0.0066498113646773944,-2.049092793459599,-0.07848760763017104,-0.06880738327601456,71.84291771627426,-0.004373855405119642,-0.002661567931554032,0.0038963789451469232,0.008198750738530158,0.00018100033266828242,-0.00022342797294422345,0.009626241212913556
911,0.24018989848004765,70.76931063947049,-0.006526190520175311,-2.103194001115983,-0.0816972988131015,-0.05256367870741673,71.80737949104353,0.23904735839931207,70.77113042235935,-0.007548174406060729,-2.1049839494128917,-0.08025873230936442,-0.05035024465909545,71.80844968767049,-0.0011425400807355823,0.0018197828888588674,-0.0010219838858854177,-0.0017899482969085945,0.001438566503737082,0.0022134340483212847,0.0010701966269550667
912,0.23990770425638275,70.6650331702148,-0.004949221681326977,-2.06789292907974,-0.08384203063036016,-0.03322559398292986,71.77673196545074,0.2393163471129246,70.68917042047563,0.005018362866879358,-2.0853339279000886,-0.08400708465089002,-0.033617091421669215,71.78166655182305,-0.0005913571434581488,0.024137250260835685,0.009967584548206336,-0.017440998820348774,-0.0001650540205298534,-0.00039149743873935494,0.004934586372314698
913,0.23975119401273232,70.5624977221483,-0.0014121627533322518,-2.033513000667574,-0.08499531760717095,-0.012905885089501593,71.74614178168783,0.23664531336621974,70.5639526081687,-0.014317445463392954,-2.015893853366666,-0.08642240421937863,-0.011606779621101708,71.74930755250206,-0.003105880646512571,0.00145488602041155,-0.012905282710060702,0.01761914730090819,-0.0014270866122076814,0.001299105468399885,0.0031657708142347474
914,0.23979521480040958,70.45964421090291,0.0031575260670304224,-2.080610451861387,-0.08519791621834877,0.004801940642388737,71.7203110401239,0.2314835153838403,70.45903125277444,0.004629110724001953,-2.0705491960696927,-0.08434677706872229,0.004078953704378354,71.72089692013432,-0.008311699416569285,-0.0006129581284710639,0.0014715846569715303,0.010061255791694368,0.0008511391496264786,-0.000722986938010383,0.0005858800104192596
915,0.2400976891033189,70.35449710383365,0.008989288032146544,-2.1252572207643743,-0.08453275950759129,0.021804327787910555,71.69434383178978,0.24068799310193004,70.36004998108967,0.019198006650230602,-2.1303221790773166,-0.08554474852535465,0.02079564860181606,71.69641543714326,0.0005903039986111247,0.0055528772560222706,0.010208718618084058,-0.0050649583129422915,-0.001011989017763365,-0.0010086791860944959,0.0020716053534783896
916,0.24068129961227155,70.2491587884058,0.014494243475939951,-2.088265135235689,-0.08293615860120035,0.04205970846772724,71.66361839601204,0.24304401454130448,70.24648920886536,0.024900976620746654,-2.08576435387473,-0.08378969054779084,0.042975453733103866,71.66664557851638,0.002362714929032922,-0.002669579540437894,0.010406733144806703,0.0025007813609589924,-0.0008535319465904911,0.000915745265376626,0.003027182504339976
917,0.24156948590544758,70.14561672950765,0.021257408274743147,-2.0534068541459756,-0.08035068047962891,0.06135941639513005,71.6330216175564,0.23173178827562618,70.13692359203709,0.013060717351113643,-2.0418446882302606,-0.08013580916428253,0.060158089384279564,71.63755594505166,-0.009837697629821396,-0.008693137470558554,-0.008196690923629504,0.011562165915715017,0.00021487131534637938,-0.0012013270108504823,0.004534327495264279
918,0.2426403070973419,70.04180599903131,0.021830646898929558,-2.0990058483986807,-0.0769028535620266,0.07655366030896264,71.60712219188747,0.2460001542062754,70.04276324404988,-0.0014504705746476998,-2.1189871831822154,-0.07615676009137395,0.07749964620263244,71.61307268700277,0.0033598471089335002,0.0009572450185686421,-0.023281117473577258,-0.0199813347835347,0.0007460934706526451,0.0009459858936698012,0.005950495115300214
919,0.24380154466950577,69.93777399773109,0.024990110469369515,-2.0622624225902837,-0.0726625544021018,0.09305830608802922,71.57642621723313,0.24215797553427215,69.94320011818047,0.02420441681150713,-2.0567978286939765,-0.07397602064704323,0.093920301109863,71.58109146097394,-0.0016435691352336135,0.0054261204493855075,-0.0007856936578623866,0.005464593896307157,-0.0013134662449414275,0.0008619950218337891,0.004665243740802794
920,0.24503851603477877,69.8335406333127,0.024858037263537417,-2.107054781491184,-0.0676826810401406,0.10613662839041883,71.55048866058051,0.23671951264788543,69.83196516257024,0.024319970053196038,-2.108331115860611,-0.06728969271175433,0.10622169446302636,71.55414856499912,-0.008319003386893342,-0.001575470742452012,-0.0005380672103413794,-0.0012763343694270901,0.0003929883283862595,8.506607260752586e-05,0.003659904418611859
921,0.24618765566055315,69.72909774489739,0.021601754259105672,-2.0706461917887977,-0.06204884273735087,0.11921690372117025,71.5198219959462,0.2389479575377835,69.7324654592906,0.014032480422106409,-2.075406549619242,-0.06174460698085449,0.11937304132333527,71.52515996651812,-0.007239698122769644,0.003367714393206711,-0.007569273836999263,-0.004760357830444484,0.00030423575649637935,0.0001561376021650268,0.005337970571915207
922,0.2471569675929926,69.62643571434425,0.01771654398768283,-2.0358183717352043,-0.055811466912615765,0.13027812926823398,71.48925066033908,0.24701872492514357,69.62336588913419,0.014525779554875124,-2.0532998764410433,-0.05634249113105527,0.12936403594907772,71.48829683856987,-0.00013824266784903672,-0.0030698252100620493,-0.003190764432807705,-0.01748150470583898,-0.0005310242184395075,-0.0009140933191562617,-0.0009538217692153239
923,0.2478994987899821,69.52352586266754,0.012482253862647709,-2.0805530318798486,-0.049104431903951314,0.13800327107834398,71.46331995263145,0.2509497081961651,69.52374713742162,0.008752731516021538,-2.093493856248091,-0.047323425224383264,0.13866940721636392,71.46369719326502,0.0030502094061829743,0.00022127475408240116,-0.003729522346626171,-0.01294082436824251,0.0017810066795680493,0.0006661361380199404,0.00037724063356847637
924,0.24825825733947032,69.42039420928597,0.0024854388729844135,-2.0446901096281107,-0.042054492500329214,0.1439943050665399,71.43269472171791,0.255787532775323,69.42533086120001,0.007100279876718526,-2.045191657915863,-0.0431107460022937,0.14178714826248676,71.43390684287495,0.007529275435852689,0.004936651914036361,0.004614841003734113,-0.0005015482877523958,-0.001056253501964484,-0.0022071568040531453,0.0012121211570388368
925,0.24822299385011398,69.31703550234674,-0.003354043580968479,-2.089631503398494,-0.03475902695235784,0.14782431685231529,71.40678250625771,0.2526628093523574,69.31849544589656,0.005822144837361264,-2.084240108542184,-0.0362288194650815,0.14883414470690137,71.4060221573382,0.004439815502243427,0.0014599435498183766,0.009176188418329744,0.005391394856309795,-0.0014697925127236597,0.0010098278545860873,-0.0007603489195133761
926,0.24775200666004088,69.21344283730372,-0.014833371287579588,-2.0540497822040167,-0.027314456158874338,0.14995851488702472,71.37618257026955,0.2476224134148068,69.22609260275401,-0.01577997934747056,-2.067008665048529,-0.02795671483579598,0.14925494288581043,71.37947104783446,-0.00012959324523406646,0.012649765450291284,-0.0009466080598909705,-0.01295888284451241,-0.0006422586769216435,-0.0007035720012142921,0.003288477564908021
927,0.24665161152033752,69.11160821462076,-0.028528337021689887,-2.0193066770970076,-0.01983054213240961,0.14939804617156432,71.34563216524089,0.24652100801084703,69.11588603629977,-0.017799929178653036,-2.00073531809879,-0.020370370966109608,0.14880876380179459,71.34715191133323,-0.0001306035094904845,0.00427782167901114,0.010728407843036851,0.01857135899821749,-0.0005398288336999971,-0.0005892823697697391,0.0015197460923417339
928,0.24490213906610295,69.0094743348852,-0.040902482626706524,-2.066015312184758,-0.012426204635766637,0.14677545369415462,71.31982775297256,0.25594072005509194,69.00965318023471,-0.03223288867242035,-2.074294827497214,-0.011115923946803274,0.14681219615673152,71.32592187302289,0.011038580988988994,0.00017884534950951547,0.008669593954286174,-0.008279515312455743,0.0013102806889633625,3.6742462576899726e-05,0.00609412005033505
929,0.24286151064521289,68.90706124418126,-0.04007660204330626,-2.030496212438376,-0.005045195059578916,0.14846492935335426,71.28925308565779,0.25315851493016917,68.91403539514934,-0.04372289736776211,-2.0222664968616675,-0.004237924136365923,0.1479588431805687,71.29897342977775,0.01029700428495628,0.006974150968076742,-0.003646295324455852,0.008229715576708596,0.0008072709232129936,-0.0005060861727855526,0.00972034411995537
930,0.24120168886450005,68.80439626180089,-0.02575654850532358,-2.076103711338212,0.002531572704134762,0.15460578119519283,71.26339267996948,0.2586243002432621,68.81051409255411,-0.018617787669086998,-2.0875714332455697,0.0038328418176818424,0.154989436714015,71.27379049784707,0.017422611378762054,0.006117830753225917,0.007138760836236581,-0.011467721907357564,0.0013012691135470805,0.0003836555188221624,0.010397817877588977
931,0.23979071728400234,68.70150015777728,-0.03001183177317681,-2.0397230145276715,0.010173999760202503,0.15109130104751683,71.23277709373781,0.24683877941865406,68.71050653100127,-0.01900672137580347,-2.0414082214996148,0.009060263122493861,0.15112772879540048,71.24583313019653,0.007048062134651728,0.009006373223996889,0.011005110397373341,-0.0016852069719432983,-0.0011137366377086417,3.642774788364944e-05,0.01305603645872111
932,0.2381516289557889,68.60036743922699,-0.03490334499786964,-2.0055682794529206,0.01759883543032103,0.1459021257572242,71.20229499186993,0.24439572730419573,68.61051318613794,-0.0336256528117658,-2.00759772082097,0.017512373370783596,0.14639071497178566,71.22058394429709,0.006244098348406835,0.010145746910950493,0.0012776921861038376,-0.0020294413680495005,-8.646205953743297e-05,0.0004885892145614634,0.01828895242715589
933,0.23665132459474134,68.49894259791424,-0.024570476266185706,-2.051419908224463,0.024892148732776564,0.14583040634099725,71.17646768064093,0.228644645405895,68.50179679175208,-0.0273951504105806,-2.058564991254366,0.02424620495932084,0.14406499604659223,71.19390438165298,-0.008006679188846344,0.002854193837848129,-0.0028246741443948946,-0.007145083029903354,-0.0006459437734557261,-0.0017654102944050232,0.017436701012059075
934,0.23565875964849553,68.39725107676693,-0.014499981180092183,-2.016241086152136,0.03212569665270565,0.14351151045616622,71.14593278123111,0.24519815583080742,68.40246046206434,-0.004866223340542304,-2.010951624847269,0.03162273506880853,0.14543369288362173,71.16054574940895,0.009539396182311893,0.005209385297405333,0.009633757839549879,0.005289461304867071,-0.0005029615838971213,0.00192218242745551,0.0146129681778433
935,0.23513008524584342,68.29530182417366,-0.006125016027654506,-2.061719414205233,0.03919648235010933,0.13931991743998096,71.12009595129902,0.2354383463168602,68.29733830600921,-0.012212800712990784,-2.0675513759068704,0.04000738464395459,0.1396782710838481,71.13393056564144,0.0003082610710167799,0.0020364818355460557,-0.006087784685336278,-0.005831961701637578,0.0008109022938452629,0.000358353643867132,0.013834614342414397
936,0.23502635712835326,68.19311312753337,0.002567128849901446,-2.0258221956766533,0.045970844328205675,0.13165456168387288,71.08953373224661,0.24587919070812483,68.18668289969169,0.005498707806328164,-2.0225925596984253,0.04602609384918299,0.13099425049584387,71.0989136470437,0.01085283357977157,-0.006430227841676128,0.002931578956426718,0.003229635978228007,5.524952097731711e-05,-0.0006603111880290058,0.009379914797094102
937,0.23522995706581415,68.09266507005954,0.006129949637132242,-1.9920919276167717,0.05231219217075966,0.1219993520182865,71.05910202335762,0.2371212100790025,68.08244940179023,0.0007122090051693702,-2.0100216412433474,0.05157674474764473,0.12155969549581189,71.0666665652023,0.0018912530131883487,-0.01021566826931064,-0.005417740631962872,-0.017929713626575694,-0.0007354474231149252,-0.00043965652247461573,0.00756454184467259
938,0.2356105439655823,67.99192900025929,0.009527096168319881,-2.0373361353846304,0.05817076705232516,0.11234364324433367,71.03326585099339,0.23376426496844316,67.98980477479188,0.012447335445264978,-2.0286962403400253,0.05828717997334243,0.11236729979618203,71.04025241673115,-0.001846278997139128,-0.0021242254674120886,0.002920239276945097,0.008639895044605161,0.00011641292101726569,2.3656551848355578e-05,0.006986565737761907
939,0.23606916021646954,67.89091799232192,0.00927851825506421,-2.003092831128793,0.06344867639723761,0.09877273055216448,71.0028153969359,0.23661106157156822,67.89747066421111,0.007960369729087336,-1.9941388515918885,0.061921299403793206,0.09974784596382381,71.0098734723026,0.000541901355098684,0.006552671889195949,-0.0013181485259768748,0.008953979536904466,-0.001527376993444407,0.0009751154116593302,0.007058075366700223
940,0.23659929574458,67.78961917631705,0.01226880647129015,-2.048843223248574,0.0680772963525127,0.08637206765883867,70.97701788922275,0.24330453513747044,67.79429409102417,0.014827192168304724,-2.052361476728923,0.06763393747525193,0.08522920707223688,70.98846512011919,0.006705239392890444,0.0046749147071238895,0.0025583856970145744,-0.003518253480348843,-0.00044335887726076884,-0.0011428605866017905,0.011447230896436622
941,0.23716088399308152,67.68806774303029,0.010536801243484547,-2.0132016216142197,0.07198417941096984,0.06990325467944683,70.9464965481457,0.2381184533074861,67.69321452745234,0.020788322984873236,-2.0318037963869178,0.07174188886315802,0.06760408910539437,70.9570010951416,0.0009575693144045772,0.005146784422052519,0.01025152174138869,-0.0186021747726981,-0.00024229054781181592,-0.002299165574052464,0.010504546995903752
942,0.23766636607000272,67.58827440132283,0.009949577672783374,-1.978519182282505,0.07503853692052258,0.052271045702662736,70.91603466086087,0.23531162954111448,67.58558451627567,0.010282097395842594,-1.9762424636287657,0.07869040249783676,0.051382309875502116,70.92169287541674,-0.002354736528888235,-0.002689885047161056,0.00033251972305922,0.0022767186537393513,0.0036518655773141867,-0.0008887358271606194,0.005658214555865015
943,0.2380268813742289,67.4881905247658,0.004633355421765996,-2.0248172369162294,0.07723502736774993,0.035588572186431223,70.89027923247974,0.23728904528728653,67.50439521802346,-0.004502987517822953,-2.02882848042433,0.07751549042971728,0.03820244698474646,70.89232914359289,-0.0007378360869423617,0.01620469325766294,-0.009136342939588949,-0.004011243508100559,0.0002804630619673565,0.0026138747983152355,0.002049911113147118
944,0.2381830951636731,67.38781679527764,0.0017292837625402205,-1.99011964320159,0.07853638129008829,0.016465584707103107,70.85982654293122,0.22932222410102068,67.39515766261314,0.002172445138113927,-1.981328617242308,0.0797840020981142,0.018622902277175776,70.85923967891429,-0.008860871062652403,0.007340867335500434,0.0004431613755737063,0.00879102595928205,0.001247620808025915,0.0021573175700726685,-0.0005868640169239825
945,0.23817995354846727,67.28716252600081,-0.0018245717600360836,-2.0360341523394756,0.07894339811465423,-0.0001849117244655564,70.83405857870666,0.23407899948105182,67.29626024767617,-0.010392282215766723,-2.0501384822934696,0.07854270330712065,0.0012026055545754986,70.8289118359014,-0.004100954067415452,0.009097721675360049,-0.00856771045573064,-0.014104329953994021,-0.0004006948075335748,0.001387517279041055,-0.005146742805266058
946,0.2380203096584229,67.18625958609952,-0.004603551502184219,-2.0000723740343918,0.07845765044413014,-0.01924499509649812,70.80354326078314,0.23637176817236147,67.18686786277468,-0.010724395995470499,-2.0092389367238317,0.07931430015865137,-0.019810977926009842,70.79969534886038,-0.0016485414860614445,0.000608276675151842,-0.00612084449328628,-0.009166562689439939,0.0008566497145212348,-0.0005659828295117228,-0.003847911922761682
947,0.23772386586643277,67.08710572856275,-0.007379380668156678,-1.9660713258751696,0.07702001130944063,-0.038260570291082624,70.77314549526497,0.2545113079117834,67.0873041568427,0.0018325897420244115,-1.9669328185857544,0.07650029849906881,-0.03770304853054962,70.77116954515296,0.016787442045350626,0.00019842827995830703,0.00921197041018109,-0.0008614927105847769,-0.0005197128103718168,0.000557521760533003,-0.001975950112012015
948,0.23731629722291378,66.98764498603049,-0.009092802465174455,-2.0123424879894927,0.07472666330385926,-0.05347334993217204,70.74741113089614,0.2314058327980517,66.98901123996933,0.006343668577817392,-2.0005226596387553,0.07377084223839958,-0.05468702715411583,70.74834710507204,-0.005910464424862066,0.0013662539388406003,0.015436471042991846,0.01181982835073736,-0.0009558210654596749,-0.001213677221943793,0.0009359741759027429
949,0.2369430642491187,66.88787257476922,-0.006107286310379819,-1.9785430339598278,0.07163242781732865,-0.07029606952905233,70.71703630990206,0.2419601020449128,66.88334967396675,-0.024735572453313388,-1.9749881119593726,0.07189025540732663,-0.06899230251829673,70.71757815522801,0.005017037795794099,-0.004522900802470531,-0.01862828614293357,0.003554922000455152,0.00025782758999798316,0.001303767010755602,0.000541845325955137
950,0.2366582466027875,66.78780161574693,-0.005570593834804541,-2.0242791290373483,0.06778002212047819,-0.08380015834496576,70.69128010610281,0.24299274986522526,66.78799702071063,0.0034462451561722562,-2.023552739678414,0.06603465953697762,-0.08333584979171166,70.69260585830727,0.006334503262437757,0.0001954049637049593,0.009016838990976796,0.0007263893589342096,-0.0017453625835005676,0.0004643085532541058,0.0013257522044654024
951,0.23642938395229526,66.68746634151401,-0.0039810464967493416,-1.9891191819145584,0.063241050561128,-0.09775870402904213,70.66083675563276,0.25018240298288735,66.6929438021441,-0.008162611161277736,-2.001206090396826,0.06333596738776492,-0.09773913764390635,70.65723913516253,0.01375301903059209,0.005477460630089581,-0.004181564664528395,-0.012086908482267456,9.491682663692602e-05,1.9566385135783015e-05,-0.0035976204702308223
952,0.2363047702677102,66.5888624966425,-0.001458554309847173,-1.9550216183494205,0.058032325912335106,-0.11059028192267369,70.63045899231196,0.2364892629054399,66.58766927534748,-0.0019582609822710925,-1.9501564085298948,0.05822601628896029,-0.11046862183402664,70.62876341032117,0.00018449263772968294,-0.0011932212950256371,-0.0004997066724239194,0.004865209819525651,0.00019369037662518573,0.0001216600886470437,-0.0016955819907877867
953,0.23636799343050136,66.48994668287783,0.0035609039596631205,-2.001591717912291,0.05227064922164118,-0.1198767857050832,70.6047628032984,0.23203300650167769,66.49263424799695,0.004040043128142845,-1.9996368707787813,0.051761889130574,-0.1213127972409079,70.60672856464635,-0.00433498692882367,0.0026875651191176075,0.0004791391684797249,0.001954847133509574,-0.0005087600910671786,-0.001436011535824705,0.0019657613479466818
954,0.23685489991196326,66.39072218607214,0.01536899564858667,-1.9673711108277057,0.046059175409836395,-0.12858216676710807,70.5743869674845,0.23202744994762686,66.39259969373262,0.011492602377974783,-1.9800234545772502,0.046844425172568815,-0.12661597725164975,70.57367847036952,-0.0048274499643364,0.0018775076604811147,-0.0038763932706118876,-0.012652343749544492,0.0007852497627324206,0.001966189515458322,-0.0007084971149851071
955,0.2377998718474789,66.29318572024145,0.021853559434659563,-1.9340693905861952,0.03945461285555061,-0.13560033540432348,70.54406805700472,0.24341295690908082,66.30600925802452,0.029274306425180932,-1.932409102271354,0.040423910480870795,-0.13531281727012953,70.54037686184903,0.005613085061601936,0.012823537783063443,0.007420746990521369,0.0016602883148411074,0.0009692976253201854,0.0002875181341939481,-0.0036911951556959366
956,0.23867775725999854,66.19530229697435,0.012742112354467297,-1.981261730964866,0.03240687141294612,-0.14630932229985608,70.51841501314111,0.2333937109364247,66.20139355190888,0.01630256347839682,-1.978826910628075,0.03237685766802034,-0.1467699949341222,70.51595891431518,-0.005284046323573849,0.006091254934531776,0.003560451123929524,0.002434820336790988,-3.0013744925776187e-05,-0.0004606726342661349,-0.002456098825931008
957,0.23982381859560287,66.09707279430468,0.03245024394212838,-1.9478940194565681,0.025041988526499217,-0.14828599315801996,70.48809875009182,0.2430971355694398,66.10526703309097,0.021952093763427563,-1.9465637088105414,0.02393799916370387,-0.1495978961899811,70.49122291196413,0.003273316973836926,0.00819423878628811,-0.010498150178700816,0.0013303106460267333,-0.0011039893627953455,-0.0013119030319611313,0.0031241618723072406
958,0.24147830271317947,65.99851984716092,0.033170004778599015,-1.9942127857593923,0.017480385216957047,-0.15417813922366683,70.46240836557826,0.23550229675568213,66.01524800422432,0.028845332510819388,-1.9900592725481567,0.017990638742260145,-0.15395991304832113,70.46602820649687,-0.005976005957497338,0.016728157063397475,-0.0043246722677796265,0.004153513211235582,0.0005102535253030983,0.00021822617534569821,0.003619840918617001
959,0.24320023229733156,65.8996647549703,0.03502253507198383,-1.9599852115618517,0.009648192096103679,-0.1591095856104679,70.43205766740928,0.2407539003046436,65.9036624848161,0.03320435120954871,-1.948548552709272,0.009495978328107668,-0.1597506053476522,70.43930460314769,-0.0024463319926879556,0.003997729845792719,-0.0018181838624351174,0.011436658852579606,-0.00015221376799601054,-0.0006410197371843063,0.007246935738407956
960,0.2445847560229919,65.80050688837527,0.01975757352425378,-2.0063360486426016,0.0014843085482029242,-0.16744575630556224,70.40636029656633,0.24064060675091847,65.80192070489011,0.013010892475506736,-2.0129126981150525,0.00048263985854246627,-0.1673274443496021,70.41495043618924,-0.003944149272073427,0.0014138165148409598,-0.006746681048747044,-0.006576649472450846,-0.001001668689660458,0.0001183119559601542,0.008590139622910442
961,0.2456606332708567,65.70108037586692,0.02254646088194601,-1.9707112752684355,-0.00685941805904584,-0.16630330798438822,70.37594017321686,0.23708164943156362,65.69890052716435,0.022658777435771216,-1.9757800892299087,-0.006613304780710205,-0.16506454645332638,70.39043638434087,-0.008578983839293064,-0.0021798487025677105,0.00011231655382520564,-0.005068813961473184,0.000246113278335635,0.0012387615310618383,0.014496211124011893
962,0.24643662327524335,65.60338565019755,0.007760106522366155,-1.9370885656755419,-0.01528291770350661,-0.1706366777940426,70.34562595429199,0.2445438205456383,65.60558475407035,0.005504319168942982,-1.9359502348652902,-0.01381049485957897,-0.17035561968484517,70.36162818411964,-0.001892802729605042,0.0021991038727975365,-0.002255787353423173,0.0011383308102517198,0.0014724228439276406,0.0002810581091974296,0.016002229827648762
963,0.24698875634347084,65.50537297046259,0.013702681117695601,-1.9833974921337292,-0.023688303442680518,-0.1655787517729138,70.31995662259693,0.24233875310335964,65.49971681551777,0.01590828810003005,-1.9940582770680988,-0.02377575306502644,-0.1641836140508935,70.33502093419361,-0.004650003240111195,-0.005656154944816194,0.0022056069823344487,-0.010660784934369616,-8.744962234592119e-05,0.0013951377220203232,0.015064311596674429
964,0.24743806656305634,65.40707492208388,0.0035500838084447754,-1.9485284075823934,-0.03193174953214503,-0.16415909180566676,70.28958783902517,0.2592753905721642,65.40621987320543,-0.0050613223675510886,-1.9498105466400455,-0.031852116814429454,-0.1643278708542481,70.30291054419106,0.011837324009107864,-0.0008550488784493382,-0.008611406175995864,-0.0012821390576520653,7.963271771557756e-05,-0.00016877904858134118,0.013322705165890625
965,0.2474232527909634,65.31046760033638,-0.0048477733808162775,-1.9157649671855947,-0.040035671241504756,-0.15999777656872236,70.25934739438877,0.25579404063286293,65.30481917836667,-0.0023441570508885845,-1.9333417144326024,-0.04023591728169684,-0.1598889330593963,70.26945047431592,0.00837078784189954,-0.005648421969709716,0.002503616329927693,-0.01757674724700764,-0.00020024604019208692,0.00010884350932605091,0.010103079927148428
966,0.24707907046131178,65.21352364148728,-0.009499584577969825,-1.9619843573650246,-0.047889077544482905,-0.15413847555040378,70.23368357476748,0.2513347039019779,65.21378955380598,0.002230645055153826,-1.9588671936239028,-0.048464233977779436,-0.15511849499904387,70.24594470181216,0.004255633440666096,0.0002659123186958823,0.01173022963312365,0.003117163741121809,-0.0005751564332965309,-0.000980019448640096,0.012261127044681075
967,0.24655486768042753,65.1162611268345,-0.01211934464922379,-1.9285101551074897,-0.05535611532616202,-0.14454303571676075,70.20341591847722,0.25269178266528375,65.12462020401003,-0.01624099061737073,-1.9232027944079821,-0.05464607366832297,-0.14516267005689693,70.22187134199028,0.006136914984856218,0.008359077175526863,-0.004121645968146941,0.005307360699507546,0.0007100416578390487,-0.000619634340136177,0.01845542351306051
968,0.24597533175653044,65.01867432409932,-0.01157809659385907,-1.9749487916859996,-0.06233714517599749,-0.13469815827665818,70.17777533428153,0.24525155674908122,65.01357733343984,-0.007245589472754794,-1.988183274417505,-0.06297223151750231,-0.13519689459926218,70.1913442925509,-0.0007237750074492177,-0.005096990659481548,0.004332507121104277,-0.013234482731505404,-0.0006350863415048175,-0.0004987363226039987,0.01356895826936011
969,0.2453971031862343,64.92080592560843,-0.01210901212879366,-1.9397764376776159,-0.06871433410959144,-0.1203893990670994,70.14742104088687,0.2475098112748934,64.91909884182495,-0.019714307345674614,-1.9536154102385594,-0.07020157807271987,-0.12017467030535048,70.15917936817988,0.0021127080886590988,-0.001707083783486496,-0.007605295216880954,-0.013838972560943574,-0.0014872439631284373,0.0002147287617489252,0.011758327293009074
970,0.24492831127466005,64.82465445840127,-0.007132793592008919,-1.9062691690768891,-0.07432007032975045,-0.10384004973926109,70.1171669543608,0.25020039535712923,64.81826148051817,0.006966741992369699,-1.9044578393318337,-0.07402046180812105,-0.10564381217281067,70.12598788338178,0.005272084082469181,-0.006392977883095341,0.014099535584378618,0.00181132974505549,0.0002996085216293992,-0.0018037624335495855,0.008820929020984636
971,0.24473223667045968,64.72816542477541,-0.0010678064922182333,-1.9532748488328073,-0.07914114058172067,-0.08900276033954788,70.09157181245584,0.247529543914229,64.73589917453843,0.011909549186431051,-1.9622785411838553,-0.07865447624476163,-0.08922507929522756,70.10096800465749,0.002797307243769309,0.0077337497630196594,0.012977355678649286,-0.00900369235104792,0.00048666433695904177,-0.0002223189556796873,0.009396192201649
972,0.24481588717133743,64.63135447596608,0.00406533264144443,-1.919150176884156,-0.08311873659594815,-0.07010108022955125,70.06129245137546,0.24817818191744453,64.63320552492195,0.024626328405236677,-1.9133258816589882,-0.08377486378066523,-0.07162751950663195,70.06872596139088,0.0033622947461071084,0.0018510489558707377,0.020560995763792247,0.005824295225167697,-0.0006561271847170813,-0.0015264392770806962,0.007433510015417255
973,0.24510519572855163,64.534234641948,0.007279693475154354,-1.9656250644909234,-0.08619331165502546,-0.052881922133541044,70.03567505493302,0.24577266698450131,64.5408504387895,0.008712140707373566,-1.9663623198625353,-0.08425576505971932,-0.05058840138516233,70.03804314121304,0.0006674712559496809,0.006615796841501265,0.0014324472322192125,-0.0007372553716118446,0.001937546595306136,0.0022935207483787134,0.002368086280014836
974,0.24552839175981234,64.43681584155915,0.009461615966090735,-1.9311146084642765,-0.08832832902136487,-0.03251877252003504,70.00538382819218,0.24387249669096567,64.44331997677048,0.01292939441538023,-1.9339907320755412,-0.08831830808426222,-0.033154030725713796,70.00455917474551,-0.001655895068846669,0.0065041352113297535,0.0034677784492894957,-0.002876123611264658,1.0020937102644956e-05,-0.0006352582056787584,-0.0008246534466707089
975,0.24610661830253394,64.34108342724305,0.01357242213017332,-1.898169516087897,-0.08941827431465064,-0.011079039211396267,69.97518643092289,0.237253123051373,64.34547372266638,-0.0001712047896330407,-1.89430621643825,-0.09041361672721226,-0.010055413279343476,69.97410356943594,-0.008853495251160942,0.004390295423334578,-0.013743626919806361,0.003863299649647045,-0.00099534241256162,0.001023625932052791,-0.0010828614869495823
976,0.2469715622543323,64.24499742952038,0.02101701344141879,-1.945253777166726,-0.08950762046529934,0.00750519318544856,69.94961584781323,0.24421160414427137,64.24857633375869,0.005258504859000554,-1.9524767265300984,-0.08921245832897773,0.007275015788985364,69.94925521650461,-0.0027599581100609394,0.0035789042383100877,-0.015758508582418236,-0.007222949363372422,0.00029516213632160837,-0.00023017739646319542,-0.0003606313086237378
977,0.24820093894460385,64.14858641628457,0.028235725398123735,-1.911175695985161,-0.0885983387878094,0.028866073914148714,69.91936365268509,0.25260729036082463,64.14231312576311,0.04119293808327327,-1.8997405583068987,-0.08796164593617561,0.02905597737009741,69.91982259054782,0.004406351416220783,-0.006273290521463082,0.012957212685149534,0.011435137678262208,0.0006366928516337855,0.00018990345594869715,0.00045893786273154547
978,0.24966765420186401,64.05186091651233,0.030571435429335884,-1.9578283861260457,-0.0867209423206477,0.04622978477231916,69.89377793021525,0.252229962321891,64.05792976469017,0.024988455208198455,-1.9689801233525106,-0.08651289148614527,0.047389538748048965,69.89893969623108,0.0025623081200269737,0.0060688481778470305,-0.005582980221137429,-0.011151737226464897,0.00020805083450242678,0.001159753975729802,0.005161766015831404
979,0.25125037943352724,63.954847427658386,0.03298336922943588,-1.922700694332828,-0.08391064120663559,0.06618225978816503,69.86347604868726,0.2525489319148584,63.96067696669745,0.029932874148782523,-1.9231825441846613,-0.08515555008601039,0.06614634635859687,69.8703859073032,0.00129855248133115,0.005829539039062581,-0.003050495080653356,-0.00048184985183330475,-0.001244908879374798,-3.591342956815735e-05,0.006909858615941289
980,0.25294936322457756,63.859535034545026,0.03530612835634239,-1.8897847959477314,-0.08012192927711989,0.08536621739246311,69.83330581849499,0.2604188137212774,63.872586385575545,0.03760783452131302,-1.889096919471916,-0.0797024466246703,0.08463451333029123,69.83973790810141,0.0074694504966998365,0.013051351030519243,0.002301706164970628,0.0006878764758153633,0.00041948265244959315,-0.0007317040621718784,0.006432089606420277
981,0.2546977595499727,63.763873618576625,0.03497161574723489,-1.9366551143104387,-0.07549104062933944,0.0998693285187553,69.80774502908369,0.25798887429297745,63.77774361974246,0.03860299592570081,-1.935992322711256,-0.0749765292298874,0.0996816715913214,69.81126330199578,0.0032911147430047527,0.013870001165834367,0.003631380178465919,0.0006627915991825883,0.0005145113994520362,-0.00018765692743390183,0.00351827291208906
982,0.25639463662768236,63.66788403740278,0.03337287865917185,-1.902914873426278,-0.07011243120924397,0.11527504828506305,69.7775377879902,0.2536693990707212,63.68223649887627,0.021837566235972574,-1.9030126278251744,-0.07021989688997232,0.11641757724134609,69.77668313181616,-0.0027252375569611353,0.014352461473492895,-0.011535312423199277,-9.775439889647686e-05,-0.00010746568072834972,0.0011425289562830426,-0.0008546561740416792
983,0.25798017578144694,63.573541578556345,0.030579824925551828,-1.870768858985719,-0.06400686322828593,0.12894767095325885,69.74742631575626,0.2658132199123302,63.573895433008076,0.03628662898654425,-1.850528347857638,-0.06490283683531173,0.130739723615604,69.74628650948077,0.00783304413088326,0.0003538544517311948,0.005706804060992422,0.020240511128081007,-0.000895973607025799,0.0017920526623451394,-0.0011398062754892635
984,0.25947115499297135,63.478795062736175,0.029552161661415957,-1.919071267166596,-0.05731294846941995,0.13880891940138032,69.72195949070442,0.2665197034973137,63.48344551325483,0.03484074224431005,-1.9197602503359104,-0.056865561305691426,0.13886905211183923,69.71787052428661,0.0070485485043423335,0.004650450518653315,0.005288580582894095,-0.0006889831693144277,0.0004473871637285243,6.013271045890445e-05,-0.00408896641781098
985,0.2607562164505796,63.38366956107506,0.02247453290317193,-1.885928653582355,-0.05014935557687931,0.14773479630024547,69.69179869512634,0.2667452130367314,63.3795666203483,0.03712899967479794,-1.886085523019736,-0.04946026945720616,0.1484230178366217,69.68698906617075,0.0059889965861517624,-0.004102940726760096,0.014654466771626011,-0.0001568694373810242,0.0006890861196731449,0.0006882215363762378,-0.004809628955584344
986,0.26179554636663227,63.29016012718436,0.01975517738849906,-1.8544251709584112,-0.042604521235724876,0.15405857734593179,69.66173447868564,0.26498738042823333,63.27446236112238,0.02557321874108651,-1.8686218953066083,-0.04409881415614825,0.1551982613998643,69.66031928577371,0.003191834061601062,-0.015697766061975926,0.005818041352587448,-0.014196724348197076,-0.0014942929204233707,0.001139684053932527,-0.001415192911935037
987,0.26265350354509,63.19625443159283,0.015139393841747594,-1.9017756908499865,-0.03480565129811704,0.15789622015838184,69.63622154803048,0.2626336524234082,63.18381388432454,0.007000720880544495,-1.9117705170639865,-0.033950650577824426,0.15672464831973618,69.63243623006724,-1.985112168179093e-05,-0.012440547268283808,-0.0081386729612031,-0.009994826213999941,0.0008550007202926119,-0.001171571838645663,-0.003785317963235002
988,0.26314231712447766,63.10198772652138,0.005105931588013715,-1.8688632681112889,-0.026880138725415476,0.15912428274968063,69.6060816906715,0.2670399865190308,63.10188152661896,0.0055316524271818,-1.8807915030739237,-0.027598328492844715,0.15900509451343575,69.60102574253499,0.0038976693945531604,-0.00010619990241877986,0.00042572083916808494,-0.011928234962634843,-0.0007181897674292392,-0.00011918823624487707,-0.005055948136515553
989,0.2630146718427471,63.00932871422426,-0.009521414940253886,-1.8374666723376236,-0.018946730313660058,0.15821205372053615,69.5760319564887,0.2635103833000301,63.00582790467996,-0.006142736896809247,-1.8260053557211484,-0.018451310779362018,0.1571679800198367,69.56783763663812,0.000495711457282999,-0.0035008095442989884,0.003378678043444639,0.011461316616475203,0.0004954195342980403,-0.0010440737006994494,-0.008194319850588272
990,0.2621893206198552,62.916226470722506,-0.022916029156479424,-1.886587817444573,-0.011117952113003631,0.15493907430572093,69.55062413329934,0.2655515397000853,62.90387274554796,-0.02127384735512733,-1.8957170985889191,-0.011663488584758408,0.15736653329141154,69.54670854411077,0.0033622190802301,-0.012353725174548913,0.0016421818013520953,-0.00912928114434619,-0.0005455364717547768,0.002427458985690606,-0.003915589188565605
991,0.2610300518872813,62.82271046064848,-0.022776585116999423,-1.8540409588350664,-0.003329524457695767,0.15659803190659363,69.52052962236422,0.263432175998348,62.8217959595664,-0.016199279807017724,-1.8399296634515823,-0.0030108422807453294,0.1565704981849062,69.51776424675845,0.002402124111066717,-0.0009145010820788002,0.006577305309981699,0.014111295383484102,0.00031868217695043763,-2.7533721687428292e-05,-0.0027653756057759438
992,0.25986220015190226,62.72880493349361,-0.023362833394101095,-1.9021607665437634,0.004474472864502995,0.15556186098135685,69.49508620495166,0.25439356329864976,62.7378300487403,-0.027548361711783438,-1.8928273827860649,0.005043582881520514,0.15470272301871582,69.49948898655586,-0.005468636853252495,0.009025115246686255,-0.004185528317682343,0.009333383757698543,0.0005691100170175187,-0.0008591379626410323,0.004402781604198935
993,0.25901868349759544,62.63450772269774,-0.009692220557614938,-1.869733782279951,0.012350508176764734,0.1594795515091127,69.46499883392869,0.26371552294314377,62.63134276672523,0.0015720550572886436,-1.8761293334367946,0.012731117309506157,0.15959676703438924,69.47015950907031,0.004696839445548329,-0.00316495597250821,0.011264275614903582,-0.0063955511568436485,0.0003806091327414225,0.00011721552527654833,0.005160675141624438
994,0.2584873084301988,62.54181577362796,-0.010883319243102338,-1.8379232149952403,0.020160765069507224,0.15293072420058682,69.43495861426844,0.2811257292035752,62.545271031154876,-0.01753716586134587,-1.837215133060299,0.020406606178445585,0.1518732443842104,69.44182620630333,0.02263842077337641,0.003455257526916,-0.0066538466182435325,0.0007080819349412071,0.0002458411089383619,-0.001057479816376411,0.0068675920348937325
995,0.25812840563743866,62.448718103218596,-0.0029118713248757044,-1.8859774115783743,0.027780799974752905,0.15187067200924043,69.40951970417738,0.2688057769155997,62.45097941134097,0.018024302704491853,-1.890853468325885,0.026984930684609942,0.15282713001638334,69.41565610567037,0.01067737127816104,0.0022613081223710196,0.02093617402936756,-0.004876056747510793,-0.0007958692901429629,0.0009564580071429185,0.006136401492980781
996,0.2577289295836418,62.35523582436787,-0.01242956544572296,-1.8532894583803652,0.03509205365259926,0.14057947510461352,69.37943638283345,0.2749624202247688,62.35694583983268,-0.000784654413037959,-1.8378895148183125,0.036424044152062685,0.13992422002876043,69.38695438251119,0.017233490641127003,0.0017100154648161947,0.011644911032685001,0.015399943562052654,0.0013319904994634271,-0.0006552550758530951,0.007517999677745024
997,0.25728309124164545,62.26137611407173,-0.004898005253324669,-1.9010871252500543,0.04198367928440916,0.1350855501677826,69.35399484788564,0.25684979429404475,62.26561223538695,-0.00898319356603814,-1.8971084873700792,0.04138491139848588,0.13433855724256244,69.36010931503114,-0.00043329694760069204,0.004236121315223329,-0.0040851883127134715,0.0039786378799751,-0.0005987678859232792,-0.0007469929252201524,0.006114467145494018
998,0.25719492059030913,62.167153462509404,0.0019414304199662034,-1.8678123938355897,0.04853772436428042,0.12707625302706793,69.32389272496195,0.24806564763565922,62.178259257468156,0.013240814466518517,-1.8756370989367668,0.04980371819288365,0.1287231150304496,69.33576885676051,-0.009129272954649909,0.011105794958751858,0.011299384046552313,-0.007824705101177054,0.0012659938286032277,0.001646862003381655,0.011876131798558731
999,0.25745348478561264,62.074570181019766,0.008928505479187828,-1.8355084496700103,0.05462163566039161,0.11628019881737947,69.29385167372207,0.25030159684057635,62.084792732846275,0.011075487944203002,-1.824353160576148,0.055351839845845685,0.11517153049834643,69.31047047779667,-0.007151887945036295,0.010222551826508663,0.0021469824650151743,0.011155289093862208,0.0007302041854540739,-0.0011086683190330432,0.016618804074596483
1000,0.2579366154709855,61.98159158901827,0.010805086628081098,-1.883619133639027,0.060171704495802315,0.1057225545990486,69.26844141474683,0.24933624849592148,61.987549321454075,0.00377143895195752,-1.8787442334625883,0.05942177373357582,0.10612314184087634,69.29140783322312,-0.008600366975064028,0.005957732435803109,-0.007033647676123578,0.004874900176438768,-0.0007499307622264931,0.0004005872418277462,0.022966418476286776
1001,0.25851230221585747,61.88822777392769,0.012652689695394086,-1.8509219502403085,0.06511537419482288,0.0920242333617744,69.23838832644866,0.25791328310140077,61.885886711091274,0.021785763456882167,-1.8388296383790697,0.06564711671659751,0.09215181778065713,69.2602390029172,-0.0005990191144567003,-0.0023410628364146646,0.009133073761488081,0.012092311861238825,0.0005317425217746252,0.00012758441888273409,0.02185067646854577
1002,0.25909374515390454,61.79449861413221,0.010919917527288579,-1.898226782438412,0.06938421242221617,0.07872929573395679,69.21294049777373,0.261899590801524,61.79515340548115,0.01662260520117009,-1.9113112693693741,0.06862214380288334,0.07989400136915714,69.23417587813078,0.0028058456476194316,0.0006547913489427515,0.005702687673881511,-0.013084486930962091,-0.0007620686193328258,0.0011647056352003526,0.021235380357055078
1003,0.25961153122466013,61.70044994514973,0.010099424758781153,-1.8637071669761736,0.07290607709555795,0.0621452911997146,69.18279286923676,0.2589874635995362,61.70117732281586,0.0022076000312607966,-1.8598291780727443,0.07330196432792269,0.06234248234339299,69.20358634108071,-0.000624067625123903,0.0007273776661307352,-0.007891824727520357,0.0038779889034292747,0.0003958872323647361,0.0001971911436783949,0.020793471843944644
1004,0.260028977733034,61.60806445230909,0.00683004041010744,-1.8316991784120702,0.07556858693278413,0.044355102289332926,69.15279328141433,0.2614077227854777,61.608666526409394,0.01642791585727179,-1.814384676027648,0.07464724184669302,0.04336506589098675,69.17095868759564,0.001378745052443675,0.0006020741003069929,0.00959787544716435,0.017314502384422115,-0.0009213450860911104,-0.0009900363983461752,0.018165406181310573
1005,0.26032645441014407,61.51527572268613,0.005204292996553022,-1.8798327951175768,0.07740354512621793,0.029043225448018996,69.1274050499707,0.26445925074937726,61.520906202502644,0.005857687110620541,-1.8907149630686737,0.07779850787135345,0.028584769284615813,69.14728710062468,0.004132796339233191,0.005630479816517209,0.0006533941140675192,-0.010882167951096866,0.00039496274513552143,-0.0004584561634031828,0.01988205065397608
1006,0.26048189987782083,61.42212715173022,0.0010988041952074796,-1.8460976118021182,0.07838111299993891,0.010059489500820456,69.0973163257869,0.25666396470666125,61.43005742765764,0.013368616759348133,-1.8575098079360841,0.0783301342883278,0.010042876423514547,69.11450556613862,-0.003817935171159581,0.007930275927414243,0.012269812564140652,-0.011412196133965935,-5.097871161111045e-05,-1.6613077305908594e-05,0.017189240351711987
1007,0.2605356953995295,61.33062540729542,0.0010556636255916597,-1.8139602455334545,0.0784112970744128,-0.008852126521864862,69.06732361636486,0.25208201847467715,61.335003441949716,0.016473084045267018,-1.8334367655249066,0.07818953882186452,-0.008917581773647563,69.08811510597563,-0.008453676924852327,0.004378034654294538,0.015417420419675358,-0.019476519991452168,-0.0002217582525482764,-6.545525178270131e-05,0.020791489610772373
1008,0.26046829595127574,61.24070264442074,-0.0038297930694820696,-1.7829387815369038,0.07750321657112275,-0.027471093609737506,69.03739928110156,0.2715004975753795,61.24097509142499,0.006250066011892731,-1.78983794654897,0.07621922487468069,-0.024943986594665683,69.05917005551326,0.011032201624103732,0.0002724470042494431,0.010079859081374801,-0.006899165012066222,-0.001283991696442055,0.002527107015071823,0.021770774411706384
1009,0.26027257320253294,61.15033321096371,-0.004127707902610535,-1.831822741960267,0.07575309884299358,-0.04253361551542895,69.01206980086984,0.259963277936483,61.143764206481784,0.003957030838052557,-1.828081233293464,0.07606849688340533,-0.042432717793536565,69.03351198667654,-0.00030929526604994706,-0.006569004481924878,0.008084738740663093,0.0037415086668031172,0.0003153980404117518,0.00010089772189238871,0.021442185806705538
1010,0.2600052908068951,61.05951588796311,-0.0067862752531922125,-1.8008593454360526,0.07318869625246584,-0.060042488105681024,68.98215952496682,0.2555500530204026,61.06428853452158,0.002293735328817922,-1.7836635811521704,0.07233655566496777,-0.061827767967375324,69.00442466196192,-0.004455237786492483,0.004772646558471649,0.009080010582010134,0.017195764283882253,-0.0008521405874980653,-0.0017852798616943,0.022265136995102353
1011,0.25965735615939795,60.96824803018008,-0.007376683673951802,-1.8498389074486172,0.06984689138089793,-0.07362970675703519,68.95684469175923,0.2592772739673983,60.96191277634787,-0.019283507936710804,-1.8369089272228711,0.06902034159444748,-0.07302911548158134,68.97863864378054,-0.0003800821919996422,-0.006335253832205012,-0.011906824262759002,0.012929980225746096,-0.0008265497864504562,0.0006005912754538517,0.02179395202131218
1012,0.2593537226133269,60.876545936410494,-0.005121085561220589,-1.8182326687000594,0.06579626275468198,-0.08839543829160282,68.92690834119298,0.25510870579519973,60.871255688998325,-0.016957064053300514,-1.8326493662158125,0.06534217978827916,-0.08933803204500367,68.9538396086314,-0.0042450168181271675,-0.005290247412169435,-0.011835978492079926,-0.01441669751575314,-0.0004540829664028134,-0.0009425937534008472,0.026931267438413897
1013,0.259280594637572,60.78642090519191,0.0017807695326548627,-1.7867554986444742,0.0610422459458263,-0.1017652340626244,68.8969834063267,0.2628979774180568,60.78206732262356,-0.0014162782186582339,-1.7852802814419682,0.0605376153067656,-0.10207392207829828,68.92711749490364,0.0036173827804847902,-0.004353582568349168,-0.0031970477513130965,0.0014752172025060961,-0.0005046306390606992,-0.00030868801567388027,0.03013408857694344
1014,0.25943587653378597,60.695866045764504,0.004038113594517055,-1.8354205196636317,0.05570585052049417,-0.1116905829506609,68.87166243940456,0.2593553551784064,60.69072061321631,7.742758735014392e-05,-1.8139593253469324,0.05479036678059446,-0.11145709891798347,68.9015572330479,-8.052135537955918e-05,-0.005145432548196993,-0.003960686007166911,0.02146119431669935,-0.0009154837398997126,0.00023348403267742235,0.02989479364333647
1015,0.25987355364538023,60.604862764350386,0.012960933147772226,-1.804694404388067,0.04987854232584493,-0.12140174483530854,68.8417900356186,0.25894918526232663,60.599760757357316,-0.0048376132205225466,-1.8170172976168337,0.05073176142617797,-0.12041842706500584,68.87083850709124,-0.0009243683830535976,-0.005102006993070063,-0.01779854636829477,-0.012322893228766674,0.0008532191003330358,0.000983317770302694,0.029048471472634674
1016,0.26066914471192754,60.51540123260256,0.018317433536118297,-1.7737498313506774,0.043602045755751835,-0.12965811796841537,68.81190907210966,0.25943291636368976,60.5262982854282,0.026463616604957177,-1.7684363399269745,0.043072651638574655,-0.1315509763016927,68.84054661026734,-0.0012362283482377778,0.010897052825640685,0.00814618306883888,0.005313491423702965,-0.0005293941171771802,-0.0018928583332773474,0.028637538157681774
1017,0.2618248103213798,60.42548280052157,0.02742214185476803,-1.8229642146100942,0.036997618305729216,-0.1345189800324895,68.78662967852198,0.2677324658632356,60.43143561228969,0.026228473026480834,-1.8321006204852663,0.03633914255442816,-0.13407597876657476,68.81319255489606,0.00590765554185585,0.005952811768118238,-0.0011936688282871977,-0.009136405875172171,-0.0006584757513010547,0.0004430012659147331,0.026562876374086386
1018,0.2629750352229849,60.33512993214967,0.017978240997675744,-1.791149151327274,0.029991776346323905,-0.14571469834372297,68.75670600026405,0.25928827543317223,60.333321516918524,0.01978101171326163,-1.7996002190641303,0.02899168069029434,-0.14662823690200533,68.78064877309782,-0.0036867597898126436,-0.0018084152311459434,0.0018027707155858878,-0.008451067736856333,-0.0010000956560295635,-0.0009135385582823563,0.023942772833777326
1019,0.2639444621355149,60.24437928266061,0.020247640991392795,-1.8388675288774883,0.02252406167480258,-0.15299388851712994,68.73135020979677,0.2626569483682727,60.24597587335699,0.017723418976305964,-1.849141636200221,0.024171819491742852,-0.1516367023756079,68.75641654788681,-0.001287513767242232,0.0015965906963799625,-0.0025242220150868307,-0.010274107322732817,0.001647757816940272,0.0013571861415220543,0.025066338090041995
1020,0.26481510638184236,60.15325816287005,0.013896829090622832,-1.8059741972329875,0.014700579788753512,-0.15994538692483276,68.70137710305954,0.270035795152407,60.14482659221604,-0.006573728880369533,-1.8074407462242763,0.01333930334375033,-0.15989924806529224,68.72705210339316,0.005220688770564641,-0.008431570654011011,-0.020470557970992363,-0.0014665489912888408,-0.0013612764450031817,4.6138859540523214e-05,0.0256750003336208
1021,0.2660060839222708,60.063725628693625,0.03305401744810671,-1.7752937797279602,0.006815467671541764,-0.1554590977636372,68.67152295178036,0.26470423062264353,60.06394341897434,0.029248289501256283,-1.7809824327432056,0.006068198137066716,-0.1560946755850223,68.68799710668654,-0.001301853299627287,0.00021779028071478024,-0.0038057279468504263,-0.0056886530152453485,-0.0007472695344750476,-0.0006355778213850971,0.01647415490617732
1022,0.26730058706466187,59.97374687192659,0.01814282267460908,-1.823861504646282,-0.0011404665095851186,-0.16277826948143811,68.64621330954311,0.27080009800680493,59.981229482567954,0.001636998740256872,-1.816320937220365,-0.0010717057081368608,-0.16190730457555413,68.6611263665297,0.0034995109421430692,0.0074826106413610205,-0.01650582393435221,0.007540567425917022,6.876080144825776e-05,0.0008709649058839808,0.01491305698658607
1023,0.2682109885149287,59.883341427055775,0.017569392730289693,-1.792342999411122,-0.009240502864724894,-0.1612231847241529,68.61633600151963,0.2713120439506988,59.88879764445311,0.02105363618237085,-1.785678594554696,-0.00972933766433881,-0.16274455237106233,68.62851116682658,0.003101055435770106,0.005456217397338037,0.0034842434520811587,0.006664404856425943,-0.0004888347996139172,-0.0015213676469094384,0.012175165306956615
1024,0.2688669775899063,59.79252166384793,0.008073533274665734,-1.8404482328918736,-0.017372403825151088,-0.16405285369289482,68.59101531828036,0.27833865066108465,59.787249720081114,0.004148262953077421,-1.8199338810546297,-0.017953333939409344,-0.16337919182030336,68.60495713283781,0.009471673071178355,-0.005271943766814502,-0.003925270321588313,0.020514351837243927,-0.000580930114258256,0.0006736618725914634,0.013941814557455245
1025,0.268991498138411,59.701293170640795,-0.003806059146437399,-1.8086967446206088,-0.0255890914306577,-0.16461465052736965,68.56112649785986,0.27034986440479647,59.703805890386036,-0.001153887266523006,-1.823083962063648,-0.025959714550488844,-0.164591686871493,68.57800080882144,0.001358366266385469,0.002512719745240588,0.002652171879914393,-0.01438721744303928,-0.0003706231198311455,2.2963655876645506e-05,0.016874310961583205
1026,0.2685672779844195,59.611659067465425,-0.013873534317879225,-1.776669628748911,-0.03376650945088057,-0.1624820702815451,68.53122865428507,0.26616954642674834,59.609649483210376,-0.007262649798480507,-1.789707624352089,-0.03378468957646108,-0.16328282342671444,68.5483387711709,-0.0023977315576711455,-0.002009584255048935,0.006610884519398718,-0.013037995603178087,-1.8180125580510853e-05,-0.0008007531451693362,0.017110116885831417
1027,0.2676792326917728,59.52358726942992,-0.022342914808191512,-1.7462014754234476,-0.04177267238524346,-0.15776444709297052,68.50142625363245,0.2633500749466088,59.52109648932917,-0.027161020138072568,-1.7488408483104796,-0.0422178526306638,-0.15859980870983842,68.52139557028083,-0.004329157745164014,-0.0024907801007501007,-0.004818105329881056,-0.0026393728870319766,-0.0004451802454203402,-0.0008353616168678968,0.019969316648385416
1028,0.26687196718686573,59.43504368310182,-0.010505122399296976,-1.7955125110815258,-0.04933978662096354,-0.14492012233583276,68.47619340684166,0.26901050791384523,59.44338101682783,-0.021560278605432182,-1.7996254855455598,-0.04945771474146765,-0.1449483723486263,68.49459798212813,0.0021385407269794987,0.008337333726011309,-0.011055156206135206,-0.004112974464034025,-0.00011792812050410995,-2.8250012793523682e-05,0.01840457528646766
1029,0.2662411062541756,59.34604780855725,-0.01533723723860284,-1.7643155974715181,-0.05634247062304859,-0.13518723774756913,68.44636259802128,0.2657568319594219,59.34692567154288,-0.009023329043531567,-1.7634259886381074,-0.0542208300233864,-0.13545257476588224,68.46931537410393,-0.0004842742947536727,0.0008778629856251996,0.006313908195071273,0.0008896088334107155,0.002121640599662189,-0.0002653370183131054,0.02295277608264712
1030,0.2655922096817124,59.25662129265144,-0.011100251209951041,-1.8127329569749373,-0.06286576244543811,-0.1257444351480116,68.42109359073321,0.2691204491901457,59.25843498381299,-0.011665933465221264,-1.8179648938125292,-0.06319607150948592,-0.1253640462808561,68.44302435433143,0.0035282395084333396,0.0018136911615513895,-0.000565682255270223,-0.005231936837591933,-0.0003303090640478096,0.0003803888671554956,0.021930763598220437
1031,0.2650871026024935,59.166792852451564,-0.009621077914625645,-1.7803937595278432,-0.06880250694597036,-0.11172534487327855,68.39120884432383,0.26691921752884906,59.174325311065004,0.0037001180140383734,-1.7750716690444268,-0.06863323659091147,-0.11265195908396375,68.40503812803846,0.0018321149263555436,0.007532458613439985,0.013321195928664018,0.005322090483416364,0.00016927035505888421,-0.0009266142106851977,0.013829283714628104
1032,0.26460522844217405,59.07852871863471,-0.010104483908896292,-1.7501596527931682,-0.07400023613382374,-0.09618382264085693,68.36144874670342,0.2760614333940683,59.08244947917695,-0.005532213050474402,-1.7482218462014145,-0.07617195960292067,-0.09468510374921214,68.37368758643139,0.011456204951894255,0.003920760542243329,0.004572270858421891,0.001937806591753688,-0.0021717234690969284,0.001498718891644782,0.012238839727970685
1033,0.2641800584587068,58.989798683674245,-0.007228293800919947,-1.7990237244893619,-0.07843146981731425,-0.08106552469876357,68.33621819011285,0.25853439179318105,58.988746452233194,0.0034993583010621554,-1.8083366416267628,-0.07782437255409436,-0.08223595668434762,68.34870438179156,-0.005645666665525739,-0.0010522314410508216,0.010727652101982102,-0.0093129171374009,0.0006070972632198912,-0.0011704319855840445,0.012486191678718228
1034,0.2638666236576899,58.90064939153085,-0.005621912471459093,-1.7669349908973153,-0.08202728667442795,-0.06276714958578447,68.30636228899286,0.2710403560356861,58.8932955627491,-0.004225619073996082,-1.7600246329340345,-0.08191669697442983,-0.06220278167011322,68.31745773776495,0.007173732377996178,-0.007353828781745619,0.0013962933974630111,0.006910357963280767,0.00011058969999812318,0.0005643679156712503,0.011095448772096006
1035,0.26368652993129404,58.8110973815611,-0.0017832303547837438,-1.8151280712547158,-0.0847547466265008,-0.046331248497129496,68.28110227411052,0.27051958214287036,58.79928089937381,-0.013086695068461229,-1.7996006503812363,-0.08499574549398048,-0.045975078810655004,68.30145377164622,0.006833052211576318,-0.01181648218728526,-0.011303464713677484,0.01552742087347947,-0.00024099886747967758,0.00035616968647449176,0.020351497535699536
1036,0.2636905093792916,58.721137330485824,0.001785086407403182,-1.7832609309876837,-0.08656420126731118,-0.02604693713528576,68.25126889697758,0.2793067925457764,58.72084784029241,0.013464195532529203,-1.767871729207246,-0.08681111296554267,-0.026209632836997152,68.26829122086698,0.015616283166484779,-0.0002894901934169525,0.01167910912512602,0.015389201780437789,-0.00024691169823148895,-0.00016269570171139128,0.01702232388940672
1037,0.26387040367165004,58.63273219466978,0.005342068540189378,-1.7529319493745081,-0.08735483405405672,-0.005578374334535698,68.22152762009438,0.2652957516032819,58.63019407850353,0.01142736749519127,-1.7462413349703059,-0.08692342420510801,-0.004834535156671137,68.24356185711056,0.0014253479316318485,-0.002538116166249438,0.006085298955001893,0.006690614404202266,0.0004314098489487106,0.0007438391778645612,0.022034237016185898
1038,0.26420156167494935,58.543871783410005,0.007915361831951812,-1.8014682816210652,-0.08720306895825877,0.011648978166453664,68.19629939842153,0.2607092787937892,58.53311276245691,0.002825375131932298,-1.8173621447171504,-0.08631468008568888,0.011176368599098024,68.2211709532957,-0.003492282881160158,-0.010759020953095444,-0.005089986700019514,-0.015893863096085203,0.0008883888725698952,-0.00047260956735564047,0.024871554874167145
1039,0.2647306521040606,58.45462391028858,0.013341602286411949,-1.768435170787005,-0.08611856911465969,0.03173101557750943,68.16641427610224,0.2653367247178442,58.45084632507308,0.011289594371698214,-1.7708175757388107,-0.08862083111635188,0.032421023156087164,68.19509321874696,0.0006060726137835926,-0.0037775852155021994,-0.002052007914713735,-0.00238240495180575,-0.002502262001692193,0.0006900075785777338,0.028678942644717154
1040,0.2655355253231869,58.36697103257751,0.019034668361508182,-1.7376694004631572,-0.08402032711245591,0.05219866451064166,68.1366620881856,0.27070357778970516,58.356991500756536,0.03378741465030427,-1.719845483123489,-0.08414238066596447,0.05184225440865645,68.16495047821891,0.005168052466518247,-0.00997953182097433,0.014752746288796088,0.01782391733966815,-0.0001220535535085554,-0.00035641010198520645,0.028288390033310407
1041,0.266663875685386,58.278851818831875,0.02631760297120507,-1.787083504636711,-0.08101533351072508,0.06800107955859172,68.1114964867495,0.2782683399886061,58.2701621934088,0.022309935358438945,-1.7682315403378293,-0.08246994488744264,0.06744247532608742,68.14533930210304,0.011604464303220097,-0.008689625423073721,-0.0040076676127661255,0.018851964298881807,-0.0014546113767175545,-0.0005586042325042978,0.0338428153535375
1042,0.26805002547377116,58.190268900109814,0.029462099843048928,-1.7562222690623277,-0.07716534804796098,0.08599833895197248,68.08175016417043,0.2775072097645422,58.177157704082774,0.008152334950795207,-1.7440820433524407,-0.07587645908811114,0.08433529825729441,68.11533025922016,0.009457184290771026,-0.01311119602704025,-0.02130976489225372,0.012140225709887043,0.0012888889598498404,-0.0016630406946780696,0.0335800950497287
1043,0.2694984527146131,58.101252214876496,0.02881613264406101,-1.8044278453234939,-0.07253227350116924,0.09932464291969717,68.05652441586258,0.2803800369342022,58.09089192133454,0.014956593810635091,-1.815539666674207,-0.07091365553446183,0.10086624571883314,68.09017849211703,0.010881584219589124,-0.010360293541957333,-0.01385953883342592,-0.011111821350713091,0.0016186179667074113,0.0015416027991359688,0.03365407625445016
1044,0.2709781347701696,58.011865657387965,0.03083409243350881,-1.771019579291134,-0.06721750024176602,0.11326628745643126,68.02664251185644,0.2756741019409756,58.00858637601753,0.023558957168305108,-1.7612959195041862,-0.06520731104327249,0.1127210825330234,68.05817005153725,0.0046959671708060036,-0.0032792813704318746,-0.007275135265203701,0.009723659786947891,0.0020101891984935366,-0.0005452049234078576,0.031527539680809014
1045,0.2723836799759062,57.92408260528958,0.025905122808167584,-1.7402852053231046,-0.06125815525181795,0.12510751214149174,67.99691647584073,0.2861247103630529,57.924975612486605,0.025096352546652562,-1.7164335770794685,-0.06276511101342797,0.12446299885973314,68.02530512647348,0.013741030387146747,0.0008930071970283393,-0.0008087702615150218,0.02385162824363607,-0.0015069557616100154,-0.0006445132817586019,0.02838865063274909
1046,0.27368352354470465,57.835837756650776,0.026564835979141804,-1.7894885222314052,-0.054772550675363275,0.13431667091669527,67.97175908555772,0.27860223840873,57.842437910349354,0.013332925298088447,-1.800879734509104,-0.0547178757975062,0.13468367015203772,67.99841921111482,0.004918714864025342,0.006600153698578026,-0.013231910681053357,-0.011391212277698903,5.467487785707631e-05,0.0003669992353424467,0.0266601255571004
1047,0.27484560818887127,57.7471841525069,0.020522392558378337,-1.756635367768679,-0.04785086613368771,0.14255071075032713,67.94192115354272,0.27285242388981557,57.741961711675174,0.012658620960826445,-1.771960685295837,-0.046145261277200866,0.14319353404237858,67.9682550927336,-0.001993184299055706,-0.005222440831722963,-0.007863771597551892,-0.015325317527157933,0.0017056048564868462,0.0006428232920514532,0.02633393919087723
1048,0.2756272097044055,57.66013756382983,0.011373765457619384,-1.7252035172503402,-0.04059038822220607,0.14786840570893853,67.9121653704001,0.2782204624344667,57.66412251212746,0.01164527675050572,-1.7175935688350374,-0.04036346521691758,0.1483268120332455,67.93601084611504,0.0025932527300611685,0.003984948297635071,0.0002715112928863353,0.007609948415302714,0.0002269230052884888,0.0004584063243069647,0.02384547571493556
1049,0.27594687437029675,57.572650658695096,0.001961495138303262,-1.7742446279921043,-0.033126091991761274,0.15070344350885323,67.88700588414709,0.281367272470398,57.57570619818465,-0.00035287291999363266,-1.7676933546179812,-0.03378112535501243,0.14878713507399957,67.91058683943801,0.0054203981001012536,0.0030555394895515064,-0.0023143680582968945,0.00655127337412309,-0.0006550333632511576,-0.0019163084348536585,0.02358095529092452
1050,0.2757223804699086,57.4847213542388,-0.010283677528594356,-1.7428999049131177,-0.025560098135755088,0.15193631073139424,67.85726300488932,0.26987797151003745,57.47940732796671,-0.03884039251576027,-1.7265000509670594,-0.02603032493235613,0.15063050051404628,67.88175633032724,-0.00584440895987115,-0.005314026272088768,-0.028556714987165915,0.016399853946058363,-0.00047022679660104275,-0.0013058102173479635,0.02449332543791627
1051,0.2754760899627139,57.3963659670992,0.0009969998758493689,-1.7913038603991382,-0.017825904086293268,0.15743145124707852,67.83208109762876,0.26917324151507543,57.38219447842372,0.0062803944503700415,-1.7726775387165838,-0.017601251500826365,0.15806612766909417,67.8577457776233,-0.006302848447638454,-0.014171488675479793,0.005283394574520673,0.018626321682554403,0.00022465258546690292,0.0006346764220156453,0.025664679994534367
1052,0.27510534316629365,57.30759159103175,-0.015149749649957764,-1.759636846409058,-0.01005891712004893,0.15324802740269497,67.8023223272336,0.2664494698479211,57.30692938200865,-0.0002950808763992757,-1.7724833486354887,-0.009894335200143267,0.1542047301978817,67.82397798464586,-0.008655873318372531,-0.000662209023104765,0.014854668773558488,-0.0128465022264308,0.0001645819199056625,0.0009567027951867257,0.021655657412267715
1053,0.2739054437609005,57.220399725957094,-0.03219157856396116,-1.728001796451749,-0.002562457093402532,0.146610373663161,67.77256580508937,0.26997946711647813,57.22707879460096,-0.032603696426353204,-1.7100910770841173,-0.004429762964470285,0.14466496297571727,67.79331812882602,-0.0039259766444223465,0.006679068643869357,-0.00041211786239204323,0.017910719367631556,-0.0018673058710677532,-0.0019454106874437216,0.020752323736644485
1054,0.27234830989510145,57.13277690189083,-0.029556410088554627,-1.7768941341051054,0.004756212950223851,0.14613642808189434,67.74742469573697,0.27220153269815367,57.1220886727729,-0.0249976895691816,-1.7755264583906576,0.0045886608440812715,0.14608724008907287,67.76960599711208,-0.00014677719694777824,-0.010688229117931769,0.004558720519373026,0.0013676757144478469,-0.0001675521061425796,-4.918799282147002e-05,0.022181301375113094
1055,0.2712750890571707,57.04473592297326,-0.012731226096777175,-1.7447504523972373,0.012164818536185845,0.15020779535658543,67.71765860326354,0.269731977589689,57.039754566492476,-0.015919242548761692,-1.7332982745174783,0.010674123336561703,0.14969821280064052,67.74218626225287,-0.001543111467481706,-0.004981356480783461,-0.0031880164519845176,0.01145217787975894,-0.001490695199624142,-0.0005095825559449096,0.02452765898932796
1056,0.27049620119057116,56.95825460795055,-0.01778522035512863,-1.7144836448323957,0.01953463098720454,0.1445847026841624,67.6880130268696,0.262941241720051,56.949891300625175,-0.01267695955256107,-1.70438677131184,0.02071139604118377,0.1457180323707744,67.71162173480948,-0.007554959470520151,-0.008363307325375047,0.005108260802567559,0.010096873520555771,0.0011767650539792306,0.0011333296866120057,0.023608707939885676
1057,0.26981561329436077,56.871306094858134,-0.008910080295684191,-1.763449878516162,0.02673735257234445,0.14352416072143387,67.66288454725316,0.2706424608922894,56.86368544526527,-0.01901748159301104,-1.7633692101905263,0.02616789118797369,0.14390013308579708,67.68344166584384,0.000826847597928615,-0.007620649592865902,-0.010107401297326847,8.066832563580206e-05,-0.0005694613843707577,0.00037597236436320847,0.02055711859068765
1058,0.26962328874706326,56.78393106678681,0.0018327845927767882,-1.7315494012139496,0.0338382647341398,0.14051232575038,67.63315365341678,0.2633641005220603,56.78339795994301,0.0019946399146254547,-1.7341393751717589,0.034871664400411895,0.13861006403226458,67.65226863155752,-0.006259188225002987,-0.000533106843803921,0.00016185532184866645,-0.002589973957809244,0.0010333996662720973,-0.0019022617181154167,0.019114978140734706
1059,0.2699054909941155,56.6981168962679,0.010050338501168677,-1.7010114454613687,0.04071720915788804,0.13464545119954963,67.60350696898126,0.27022953964204666,56.70219225677646,0.01066645662697269,-1.7101563460941105,0.04218316018337376,0.1368275211121172,67.62283374577409,0.0003240486479311744,0.004075360508565495,0.0006161181258040136,-0.00914490063274176,0.0014659510254857178,0.0021820699125675858,0.019326776792823352
1060,0.2704786727874336,56.613801619683116,0.013441671464434445,-1.6715907152002387,0.04724270253940342,0.12637428406106566,67.5739291638672,0.26592292743166435,56.606836414987676,0.00895564064287608,-1.6835608482404165,0.04864996304917968,0.12615410964283091,67.58924085557142,-0.004555745355769247,-0.0069652046954402635,-0.004486030821558365,-0.0119701330401778,0.0014072605097762564,-0.00022017441823474204,0.015311691704212649
1061,0.2714188727091343,56.52898313514433,0.024609520809522986,-1.721133971131255,0.053344178258395714,0.11768474469862586,67.54885281792639,0.2550057520608861,56.52149253835729,0.024882443687047243,-1.7210683127198056,0.052521375346223476,0.11655145583956707,67.5675675772267,-0.01641312064824818,-0.007490596787036452,0.0002729228775242565,6.565841144934303e-05,-0.000822802912172238,-0.0011332888590587925,0.01871475930030897
1062,0.27227017563655515,56.44367353440501,0.009913441360789178,-1.6912230771934214,0.05875225710347833,0.09863840910467878,67.51924341105722,0.2625702849966986,56.442762276928185,0.0008460173323681791,-1.6924124148756718,0.05877761217828015,0.09765167317018296,67.53519267191498,-0.009699890639856545,-0.0009112574768224135,-0.009067424028421,-0.0011893376822504909,2.5355074801815258e-05,-0.0009867359344958165,0.01594926085776649
1063,0.272776342316635,56.357886704772966,0.010675042889364383,-1.7402340914972618,0.06340418122251239,0.08743855565668368,67.49414579783603,0.26312047765302543,56.36060083350311,0.01039928265994827,-1.7352375812106073,0.06435036278983697,0.08829573078477083,67.50637984480146,-0.00965586466360957,0.002714128730147536,-0.00027576022941611274,0.0049965102866544875,0.0009461815673245805,0.0008571751280871537,0.012234046965431844
1064,0.27327242296159354,56.271650323502094,0.00951535742011545,-1.7092078689545933,0.0674014344637347,0.07245157399220897,67.46449772193648,0.2701035876239006,56.276050711022414,0.0323122081336383,-1.6862204790165027,0.0655261859868812,0.0712104819741986,67.48049160966475,-0.0031688353376929657,0.004400387520320237,0.022796850713522845,0.022987389938090574,-0.0018752484768534972,-0.0012410920180103702,0.01599388772827126
1065,0.2737840028730239,56.18496149750854,0.011189925942149605,-1.7583286885475033,0.0707005375618708,0.05951254993323466,67.43941521483497,0.2791693422046293,56.193804129903,0.004313480762155045,-1.7635793014921277,0.07074258349483298,0.05983371869169973,67.4588331860082,0.005385339331605399,0.008842632394461702,-0.006876445179994559,-0.0052506129446243666,4.2045932962184174e-05,0.00032116875846507215,0.01941797117324029
1066,0.2743180016113475,56.09786075554191,0.010392711351425965,-1.7256878674061014,0.07325576827772834,0.042696678701067296,67.40968543046229,0.2815878255584092,56.097478641007086,-0.002503570685787956,-1.751087522179584,0.07537592449016772,0.043500518325881934,67.43132914612983,0.007269823947061715,-0.0003821145348226196,-0.012896282037213921,-0.025399654773482716,0.0021201562124393836,0.0008038396248146382,0.021643715667536867
1067,0.27472979266688413,56.01237815511943,0.006225558066451247,-1.6936027436813335,0.07493787599818065,0.02458763011702497,67.37999058265392,0.2639107893797456,56.00836336717507,-0.007617475373848353,-1.6956923935797963,0.07420090533609569,0.024687036377030732,67.39879232138608,-0.010819003287138529,-0.004014787944356613,-0.0138430334402996,-0.002089649898462831,-0.0007369706620849598,9.940626000576325e-05,0.018801738732165063
1068,0.27497733673496544,55.92843246935188,0.003745058753017165,-1.6642120823517732,0.07573296220863569,0.007215818301176766,67.350453981163,0.2717054408417514,55.93271777596682,-0.0020189286606818535,-1.6667632582964587,0.07771384463028053,0.006766823025171806,67.37253091836645,-0.0032718958932140274,0.004285306614939088,-0.0057639874136990185,-0.0025511759446854576,0.0019808824216448334,-0.00044899527600496,0.022076937203451052
1069,0.27508892715630245,55.843979356353955,0.0007168087243149181,-1.7138963445406872,0.07570469232364424,-0.00834661370083498,67.32541807448277,0.2700284048151149,55.851544639662784,0.0006554709521910326,-1.7188434983439205,0.07640674608227505,-0.007843194247466405,67.34110963924442,-0.005060522341187534,0.007565283308828441,-6.133777212388551e-05,-0.004947153803233295,0.0007020537586308051,0.0005034194533685751,0.0156915647616529
1070,0.2750013096435405,55.759051805852316,-0.004295626953367844,-1.683193986053371,0.07484183917917434,-0.026167512077961454,67.29581691453087,0.269753306120717,55.755026222797966,0.00023438774825188338,-1.684252979423034,0.0751633393389941,-0.026035444606910263,67.3154391963499,-0.005248003522823508,-0.004025583054350079,0.004530014701619727,-0.001058993369663197,0.00032150015981977087,0.0001320674710511907,0.019622281819025034
1071,0.274782649500974,55.67561849894961,-0.0046010165984698625,-1.654126753696473,0.07310442984988459,-0.04332886109362852,67.26631313519876,0.27045963682313345,55.67290357730858,-0.0007341151800709837,-1.6564926897431302,0.07252401720938106,-0.04389508086152875,67.28735031748354,-0.004323012677840521,-0.0027149216410293775,0.0038669014183988788,-0.0023659360466572465,-0.0005804126405035276,-0.0005662197679002293,0.021037182284786127
1072,0.2745580669002681,55.59166444820611,-0.004566236548531119,-1.7040196290523348,0.07059656678920141,-0.05698566133369859,67.24130222847654,0.2772143587535929,55.59303210161388,0.021515367357566498,-1.6754808161127424,0.0716556075167345,-0.058300645973004196,67.26084789226589,0.002656291853324777,0.0013676534077688984,0.026081603906097615,0.028538812939592484,0.0010590407275330865,-0.0013149846393056067,0.019545663789344303
1073,0.2743356805801747,55.50718334564476,-0.004609639870892247,-1.6752132458889586,0.0673531732286274,-0.0727500810892622,67.21182379650187,0.28315704068521563,55.516773345788636,-0.000551436344987017,-1.6748722476988862,0.06642945016806934,-0.07239782194407511,67.23203437702253,0.00882136010504092,0.009590000143873567,0.00405820352590523,0.0003409981900723835,-0.0009237230605580599,0.0003522591451870921,0.020210580520654275
1074,0.2741820399282896,55.42414334952816,-0.0018808905232025708,-1.646373738403496,0.06336980011221853,-0.08658484356709228,67.18234783843918,0.2752616065520247,55.42578705901178,-0.00832551269511117,-1.6502625061304192,0.0630582456620048,-0.08682955761382903,67.20213651566353,0.0010795666237350954,0.0016437094836234678,-0.006444622171908599,-0.003888767726923259,-0.00031155445021373296,-0.00024471404673674646,0.019788677224340745
1075,0.27413655479356347,55.340575314514616,-0.00027555763853493094,-1.696330495152958,0.05877479643828865,-0.09721530339010276,67.15735278153461,0.27442964028704436,55.33874421666502,0.0006518441905789644,-1.7068339671568065,0.05837486369187328,-0.09715071447261002,67.17679941948627,0.0002930854934808935,-0.0018310978495961194,0.0009274018291138954,-0.01050347200384838,-0.00039993274641537263,6.458891749273887e-05,0.019446637951659795
1076,0.2742080243995746,55.25652386987519,0.0026887797922361114,-1.665712503411281,0.0536397921100778,-0.10818486973833125,67.12778566703862,0.26657317698537847,55.256307042793175,-0.007919172342135475,-1.6642647020281063,0.05316091133327472,-0.10862706514451004,67.14511087995432,-0.007634847414196122,-0.00021682708201353762,-0.010607952134371587,0.001447801383174685,-0.00047888077680308117,-0.0004421954061787914,0.017325212915693555
1077,0.27446944988363997,55.17200705195591,0.00735631681033727,-1.7149404050190602,0.048038071777399174,-0.11588394356881386,67.10275715544576,0.2725400991690014,55.16781727804322,0.014231270393725034,-1.7061920074749377,0.04672484256735965,-0.1168050051381907,67.12202270453213,-0.0019293507146385669,-0.0041897739126852684,0.006874953583387764,0.008748397544122488,-0.0013132292100395265,-0.0009210615693768381,0.019265549086370015
1078,0.27503112122982976,55.087027900002276,0.01459193757669386,-1.6842068499967575,0.042068626654044504,-0.12289386136537302,67.07319184525362,0.2735897310469426,55.081864026151386,0.01879993320036805,-1.688001442734583,0.04229231755910767,-0.12246588513589746,67.0859556580535,-0.0014413901828871367,-0.0051638738508899,0.0042079956236741895,-0.003794592737825564,0.00022369090506316885,0.00042797622947556013,0.012763812799889251
1079,0.2760492679096155,55.00356371913697,0.02558679890342541,-1.6543407471957496,0.03578605710513787,-0.12840892059089257,67.04367967329623,0.27659150276553435,55.00553604932586,0.03853838745055592,-1.6483200354547385,0.036230375273790916,-0.1290067081087554,67.05376104798913,0.0005422348559188661,0.0019723301888916467,0.012951588547130511,0.006020711741011153,0.00044431816865304896,-0.0005977875178628245,0.010081374692902045
1080,0.2771385986503241,54.91960205266675,0.01749839177123238,-1.7041190213397204,0.029129879351848076,-0.13783818954069912,67.01869120659306,0.2760792570341023,54.917162536388204,0.01664668369273139,-1.7052172814514306,0.029684390138101424,-0.13747804643592434,67.01988233002078,-0.0010593416162217872,-0.002439516278542442,-0.0008517080785009901,-0.0010982601117102142,0.0005545107862533483,0.0003601431047747794,0.001191123427716434
1081,0.278295089092472,54.83516578967326,0.028159852400589318,-1.6733073099076208,0.02220689230837314,-0.1390812921982984,66.9891325067144,0.27814321008427867,54.82675278772762,0.029260559799483554,-1.6793626679736322,0.021548499277735722,-0.1391235744225941,66.99325947302255,-0.0001518790081933563,-0.008413001945640985,0.0011007073988942365,-0.006055358066011429,-0.0006583930306374164,-4.2282224295697723e-05,0.004126966308149349
1082,0.2796135374703057,54.75224221719427,0.02396280591857791,-1.6436294180977884,0.015097703308391873,-0.14528626780095222,66.95964674120123,0.28338531145346924,54.74120646052127,0.021090378577840758,-1.6324353512373004,0.014669107316971797,-0.14335293796292448,66.97038350306218,0.003771773983163529,-0.01103575667300305,-0.0028724273407371506,0.011194066860487961,-0.0004285959914200766,0.001933329838027742,0.010736761860954402
1083,0.28075664749232954,54.66880630912258,0.021223119965933537,-1.693794350038027,0.007750867755680241,-0.14858715430751307,66.93469630080078,0.2790969684116929,54.66577988217207,0.016137801521640543,-1.6812192437292266,0.00798020324091464,-0.14841771966464556,66.94628942188379,-0.0016596790806366335,-0.003026426950512473,-0.005085318444292993,0.012575106308800432,0.00022933548523439932,0.00016943464286750531,0.011593121083009805
1084,0.2817014100059868,54.584866089852,0.015921244877694238,-1.6638044572992188,0.0002805868204820974,-0.1502240831004127,66.90520443142462,0.2833006943703775,54.57867740207664,0.014954234919658313,-1.6696930814072453,-0.0005604557562177703,-0.150845108640867,66.91583463388842,0.0015992843643907184,-0.006188687775356527,-0.0009670099580359245,-0.005888624108026486,-0.0008410425766998677,-0.0006210255404543175,0.010630202463801197
1085,0.28253651134185687,54.50241257277055,0.01683499459152717,-1.6343226668797919,-0.007201531342009252,-0.1490606433992413,66.87574568792839,0.28055155746594934,54.4964230559889,0.0277342576712638,-1.632869574076216,-0.0072903199577973865,-0.15038253605246849,66.88788764460928,-0.0019849538759075247,-0.005989516781653492,0.01089926307973663,0.0014530928035758617,-8.878861578813426e-05,-0.0013218926532271857,0.012141956680892463
1086,0.2830553362056417,54.419443024841634,0.003364920411973645,-1.6844601524986527,-0.014744958313117281,-0.15267643544507986,66.85079472968403,0.2873606143442993,54.42440474260431,0.002384565559121794,-1.6815028250986948,-0.01436273716251879,-0.15333822415840745,66.86086458073606,0.004305278138657609,0.0049617177626757325,-0.000980354852851851,0.0029573273999579097,0.00038222115059849057,-0.0006617887133275879,0.010069851052037393
1087,0.2833507279118664,54.33597513895853,0.007801063034802821,-1.654237889903304,-0.02223557293972106,-0.1469481496190713,66.82130346172386,0.27943898754966945,54.33921153823306,0.008938719698034085,-1.6521892433037568,-0.023195833958487455,-0.14665786199309586,66.83178320346627,-0.003911740362196936,0.0032363992745274572,0.001137656663231264,0.002048646599547066,-0.0009602610187663951,0.00029028762597543833,0.010479741742415172
1088,0.28346591137995675,54.2539812939848,-0.003826134371949213,-1.6255171779541864,-0.029559426270061848,-0.1460059835945602,66.79189559016932,0.28910450630714846,54.25618232703483,-0.0032985994109024372,-1.6346056993395364,-0.02987662851604922,-0.14502421549344374,66.80294994992548,0.005638594927191709,0.002201033050027945,0.0005275349610467757,-0.00908852138534999,-0.0003172022459873719,0.0009817681011164703,0.01105435975615876
1089,0.28310601586650896,54.17146183097148,-0.01109965024523665,-1.675255277637728,-0.03679348276341536,-0.1433562761395803,66.76694157485491,0.2825232687552468,54.16849520692619,-0.01109755307441523,-1.6758313231061255,-0.035672891404937346,-0.14329315127374334,66.77756509968555,-0.0005827471112621607,-0.0029666240452925763,2.0971708214190254e-06,-0.0005760454683974015,0.0011205913584780153,6.312486583695542e-05,0.010623524830634778
1090,0.2823871428314674,54.088452308432394,-0.018264570994966506,-1.6451237572594903,-0.043835176347537315,-0.1383114672252979,66.7374665971706,0.2819573285718418,54.079093808682124,-0.009520383425450519,-1.6427938656016805,-0.04351268766771543,-0.13735104813517468,66.74603968213798,-0.0004298142596255716,-0.009358499750270255,0.008744187569515987,0.002329891657809835,0.00032248867982188206,0.0009604190901232323,0.00857308496738085
1091,0.2813479866387545,54.00691048717965,-0.02388261254453038,-1.6165439728830635,-0.050563287380457414,-0.13081297409150602,66.70808571837445,0.2752592412188744,54.0088084725229,-0.02513375348310705,-1.5953213510288529,-0.05193373079855412,-0.13149600479133333,66.71528582714296,-0.006088745419880082,0.001897985343248365,-0.001251140938576669,0.021222621854210644,-0.001370443418096709,-0.0006830306998273084,0.007200108768515179
1092,0.28011767226400186,53.92480436402345,-0.025792317438994496,-1.6676878212623198,-0.056887334152497894,-0.12214889679011327,66.68322748526826,0.27492350573435803,53.921361724575476,-0.013090384465137639,-1.6785553267005269,-0.055816458498782584,-0.12333043185298317,66.6920015360872,-0.005194166529643829,-0.003442639447975182,0.012701932973856857,-0.010867505438207026,0.00107087565371531,-0.0011815350628699012,0.00877405081894267
1093,0.27879214361971394,53.842183936008546,-0.02773366788461291,-1.6371206702624006,-0.06270969905522039,-0.11074569931878647,66.65374591734543,0.28306213828118265,53.83800200640714,-0.02781484997476368,-1.636614596585404,-0.06373463554760805,-0.11028802982195908,66.66873950049046,0.004269994661468712,-0.004181929601408285,-8.118209015076788e-05,0.0005060736769966212,-0.0010249364923876625,0.00045766949682739255,0.014993583145027856
1094,0.27740455985847856,53.76104180756543,-0.028218393679346945,-1.6085526419366891,-0.06790146456984433,-0.09692492126617097,66.62438250267115,0.28087462082252945,53.76144311333141,-0.04327746668920471,-1.6193049229889398,-0.06745851762518384,-0.09853190890103071,66.64235981856353,0.0034700609640508917,0.00040130576598329526,-0.015059073009857763,-0.010752281052250678,0.00044294694466048834,-0.0016069876348597384,0.01797731589238083
1095,0.27602875359975293,53.67936674735372,-0.027146223395648893,-1.6584340690657602,-0.07243020938504247,-0.08422487134175442,66.59946552138973,0.26675510142105285,53.68413715550856,-0.03630364473361982,-1.6546984771132156,-0.07294214050821202,-0.08348727827772731,66.61582998636244,-0.009273652178700076,0.004770408154840311,-0.009157421337970928,0.0037355919525445813,-0.0005119311231695511,0.0007375930640271117,0.01636446497271038
1096,0.2747098097375481,53.59718577844875,-0.02594030250053741,-1.628791549030365,-0.07622627964796753,-0.06761793917524855,66.57005152698059,0.27407464510157653,53.59786012876566,-0.015421474821348122,-1.6349678444079712,-0.07823293299779488,-0.06962561802929092,66.58209905010038,-0.0006351646359715746,0.0006743503169133191,0.010518827679189286,-0.006176295377606111,-0.0020066533498273448,-0.0020076788540423635,0.012047523119790071
1097,0.27354762695194784,53.51646345518562,-0.020801255092755523,-1.6000874777458847,-0.07915638496241935,-0.04958627340282405,66.5406944443067,0.25818422353428333,53.52633817861105,-0.023120578764718583,-1.600992147965193,-0.07823790601230929,-0.05021052823415112,66.55442661055844,-0.015363403417664512,0.009874723425426168,-0.0023193236719630597,-0.0009046702193082901,0.0009184789501100604,-0.0006242548313270674,0.013732166251742228
1098,0.27260804295233665,53.43519674828911,-0.016936793994992136,-1.6505643997955888,-0.08125683713598957,-0.03443181353998476,66.51582334779741,0.26953936644164134,53.43904246626724,-0.006327977071840785,-1.6479702424013694,-0.08119871484879937,-0.03635884024257055,66.53148193982857,-0.0030686765106953118,0.0038457179781303807,0.01060881692315135,0.0025941573942194207,5.8122287190195965e-05,-0.0019270267025857934,0.01565859203115849
1099,0.27187306051808346,53.35340674751279,-0.012572047604806433,-1.6210228194705483,-0.08251275341942674,-0.015804837797502302,66.48642941123977,0.27272979590471463,53.33730805924665,-0.008369274279299593,-1.6140065229057878,-0.082384546992055,-0.01680203686902851,66.50515810712304,0.0008567353866311689,-0.01609868826614047,0.00420277332550684,0.007016296564760438,0.00012820642737174093,-0.0009971990715262093,0.018728695883268642
1100,0.27130388404638156,53.273053722542784,-0.010222840873832123,-1.5930856037449697,-0.08283452008263241,0.0029341712692753166,66.45713044294067,0.2710056658323556,53.264347452595366,-0.013189816079684233,-1.5870821787980105,-0.08326182628731038,0.004131608908345002,66.47359999419983,-0.00029821821402598037,-0.008706269947417411,-0.00296697520585211,0.006003424946959157,-0.0004273062046779713,0.0011974376390696852,0.016469551259163495
1101,0.2708693701356322,53.19212791039581,-0.007118154332082286,-1.6439310937940823,-0.08228896360987034,0.018888087641207266,66.43229225955035,0.27134988840690144,53.187278994401034,0.0003972848415950605,-1.6465412077846102,-0.08287217812277614,0.018864797654174856,66.45175404615871,0.00048051827126921465,-0.004848915994777769,0.0075154391736773464,-0.002610113990527907,-0.0005832145129057997,-2.328998703240992e-05,0.0194617866083604
1102,0.27066043047412003,53.11067431636127,-0.0011189883309651065,-1.6142008449334568,-0.0808810842803991,0.037427085537642554,66.40290219733991,0.2780917601505956,53.11620148671682,-0.0044672969716102184,-1.612310449408274,-0.07996841938107613,0.03797184144649873,66.4200335938712,0.007431329676475584,0.00552717035554906,-0.003348308640645112,0.0018903955251827753,0.0009126648993229708,0.0005447559088561787,0.01713139653128337
1103,0.27060111142071347,53.030665698937206,-0.001054754129048264,-1.5861315558819995,-0.0785762117303651,0.05476781646371743,66.37361050029618,0.2653055719186359,53.037196776812834,-0.009579271633643914,-1.5883418441163677,-0.07929404905771831,0.05540233112504997,66.38688199839238,-0.005295539502077562,0.006531077875628455,-0.008524517504595649,-0.002210288234368196,-0.0007178373273532129,0.00063451466133254,0.013271498096202095
1104,0.270671076898182,52.9500935564609,0.004078879114528821,-1.6367386136514068,-0.07547778803673584,0.06916913128145262,66.3487713127179,0.2765003295381808,52.94148464051251,-0.004261141944777834,-1.627795078427671,-0.0764411024580629,0.07045651199669276,66.3651911600035,0.005829252639998839,-0.008608915948386198,-0.008340021059306655,0.008943535223735921,-0.0009633144213270634,0.0012873807152401356,0.016419847285604305
1105,0.2708605718258358,52.86898205406647,0.00383445765535941,-1.6077091345628611,-0.07162227854295206,0.08505124846989896,66.31943562531693,0.2697877966894945,52.87398922813376,0.007084487522219763,-1.6116844923787865,-0.07289048982007618,0.08397143168553954,66.33598563743449,-0.0010727751363412974,0.0050071740672876786,0.003250029866860353,-0.0039753578159253955,-0.0012682112771241205,-0.001079816784359422,0.016550012117562574
1106,0.271056521105785,52.789303110542136,0.004402164526066192,-1.5794354177255396,-0.06700639805926178,0.0995839708777116,66.29014680089588,0.2807376894557431,52.79353713277853,-0.003898721264025771,-1.5822650051062577,-0.06748684954137696,0.1012018422548134,66.30546251228785,0.009681168349958136,0.004234022236396129,-0.008300885790091963,-0.002829587380718035,-0.00048045148211517397,0.001617871377101801,0.015315711391963305
1107,0.27134491398814736,52.70906429756657,0.00751676376955607,-1.6300989527701852,-0.06175967479020085,0.11028495988472575,66.26532265879179,0.27366855029710246,52.71107494811059,0.013022430990452246,-1.6285461604202907,-0.06009745601692584,0.11146406945511347,66.28308807570542,0.0023236363089551015,0.0020106505440224964,0.005505667220896176,0.0015527923498945828,0.0016622187732750066,0.0011791095703877208,0.017765416913633203
1108,0.27155531449622866,52.628290372134046,0.0013985299973807994,-1.6008396438068817,-0.05599309042583067,0.1203784146900814,66.23598630860002,0.2700690981394203,52.63460504046906,-0.0014957002094095288,-1.6066334943477998,-0.056008749842980876,0.12235848846805968,66.25257578744645,-0.0014862163568083453,0.006314668335015483,-0.002894230206790328,-0.005793850540918077,-1.565941715020447e-05,0.001980073777978278,0.01658947884642714
1109,0.27157139696663,52.54895333466605,-0.00021609692846758584,-1.5726226654348432,-0.049756633545716335,0.129079860514492,66.20671291492035,0.26571876997809024,52.556681831030374,-0.003474948012551279,-1.5823589307029788,-0.04847021493540504,0.12896256094141983,66.22719218710348,-0.0058526269885397775,0.007728496364322268,-0.0032588510840836932,-0.009736265268135647,0.001286418610311292,-0.00011729957307216043,0.020479272183138164
1110,0.27138704973602884,52.46905885176445,-0.006674478652447836,-1.6231322409235314,-0.043170935282564105,0.13434807001159726,66.18188885923315,0.26756560176538846,52.47019175933532,-0.0041540278454189825,-1.6171139965304697,-0.04312077241769696,0.1363705911483954,66.20248752365185,-0.0038214479706403792,0.0011329075708701453,0.002520450807028854,0.006018244393061645,5.016286486714261e-05,0.0020225211367981277,0.020598664418699286
1111,0.27083732052951326,52.388623512473444,-0.01472283183689719,-1.5942575221302266,-0.036343271711216416,0.13875847284231047,66.15258540623256,0.2654918422119522,52.37800228657331,-0.015816155972729354,-1.5947822972795043,-0.036274551932942156,0.1382480754876681,66.1725779294535,-0.005345478317561048,-0.010621225900131037,-0.0010933241358321646,-0.0005247751492776231,6.871977827425935e-05,-0.0005103973546423668,0.019992523220935254
1112,0.26979399284894967,52.30960490907524,-0.026406799396030408,-1.5664605198721813,-0.02934976388454475,0.14098184022455615,66.12334506777303,0.26895114218687144,52.29312947571384,-0.04406267932073184,-1.5731972740191895,-0.027857420721548287,0.14139526651554396,66.14417958390118,-0.0008428506620782317,-0.016475433361399894,-0.01765587992470143,-0.00673675414700825,0.0014923431629964637,0.0004134262909878117,0.02083451612814713
1113,0.268593801852762,52.23001606796633,-0.021074578987785947,-1.6170810315870425,-0.022150300571644924,0.14699669229143694,66.09854274375493,0.2764912453704244,52.22032889482061,-0.013469494195523887,-1.6071390197862663,-0.023110691614199208,0.14771592931875063,66.12270167064685,0.007897443517662417,-0.009687173145721317,0.00760508479226206,0.009942011800776251,-0.0009603910425542844,0.0007192370273136905,0.024158926891914234
1114,0.2672228726512622,52.149874238513426,-0.03312955053706411,-1.5885617116156818,-0.014854486739609894,0.1448358609899643,66.06926740673568,0.2772910752836783,52.13775670846416,-0.03227411858459439,-1.5913373140440092,-0.014319679405970565,0.14525723365888463,66.0928677205683,0.01006820263241609,-0.012117530049266634,0.0008554319524697179,-0.002775602428327417,0.0005348073336393297,0.000421372668920339,0.023600313832616848
1115,0.26556165257546444,52.071145959895716,-0.032688343109992093,-1.5605575391034656,-0.007547301366226854,0.1474515539453573,66.04003725689242,0.2757751921624143,52.06111677514341,-0.03758915628030007,-1.5517849013515388,-0.008127190506183712,0.14715721686582225,66.06572312376973,0.010213539586949871,-0.010029184752305298,-0.00490081317030798,0.008772637751926826,-0.0005798891399568587,-0.00029433707953505084,0.02568586687731056
1116,0.26387998757208087,51.99183485734434,-0.034038056066544455,-1.611870125463957,-0.000161570252959823,0.14797769058532392,66.01528686727791,0.2638084849798748,51.98845058720372,-0.019864790885866443,-1.6174059322688346,-0.0002623842850884017,0.1467653235342269,66.04335106244817,-7.150259220606303e-05,-0.003384270140614376,0.014173265180678012,-0.005535806804877641,-0.00010081403212857873,-0.0012123670510970352,0.028064195170259154
1117,0.2622327552048298,51.91197787338756,-0.031215740434801416,-1.5823932734257524,0.007188255980621975,0.14601535875794797,65.9859834686387,0.2775417035137559,51.912899833628686,-0.00949228405515762,-1.5734756522834252,0.006899358633207342,0.14800538482861816,66.01501201816981,0.015308948308926096,0.0009219602411221217,0.021723456379643798,0.008917621142327192,-0.0002888973474146333,0.0019900260706701978,0.029028549531119552
1118,0.2605965554534034,51.83160113179155,-0.033703522256464016,-1.63265546057275,0.014396655971700143,0.14232064088517873,65.96118152812879,0.2643480717200833,51.83392679522534,-0.03685421313096186,-1.6394269895970743,0.01506261871982506,0.1426702036705384,65.98832003730577,0.0037515162666799107,0.0023256634337869286,-0.003150690874497847,-0.00677152902432443,0.000665962748124917,0.0003495627853596639,0.027138509176978687
1119,0.25934943452699055,51.750734181808575,-0.01556860736717031,-1.6020234128330304,0.02153077302037032,0.1430440410616283,65.93181702553281,0.2676257345952822,51.75744618347019,-0.01466495982840786,-1.5953940589067799,0.021713087851318758,0.14441139790393293,65.96396309901944,0.008276300068291664,0.006712001661618672,0.0009036475387624501,0.006629353926250525,0.00018231483094843792,0.001367356842304629,0.032146073486629234
1120,0.2587699604302098,51.67134646100233,-0.006996324989305604,-1.5734839723081473,0.0286443504546212,0.14149905630840692,65.9025766758734,0.2741389526893435,51.66792487601751,0.003924591148830425,-1.561060489962244,0.02902805903278205,0.14058662761399282,65.93406204201789,0.01536899225913374,-0.0034215849848209245,0.01092091613813603,0.012423482345903292,0.000383708578160849,-0.0009124286944141025,0.031485366144480054
1121,0.2582500174802505,51.59140512051249,-0.013299669331662725,-1.6241430890361217,0.03547656209730049,0.13178940939876455,65.8778048384419,0.26313609891767753,51.59475313797947,-0.016565700062054142,-1.650369836532626,0.0342275371184213,0.13214726557849035,65.90773152305636,0.004886081437427026,0.0033480174669762164,-0.003266030730391417,-0.026226747496504332,-0.0012490249788791874,0.0003578561797258073,0.029926684614451915
1122,0.2578016053146135,51.5129405883998,-0.003994990199764303,-1.5144370494526578,0.04190906505695083,0.12551070898724895,65.84400107898036,0.26173882591713954,51.522521133588604,0.005339060931001673,-1.5240001927107911,0.04196416763264388,0.12724841462960498,65.87271880192746,0.003937220602526048,0.009580545188804024,0.009334051130765976,-0.009563143258133344,5.5102575693050104e-05,0.0017377056423560355,0.02871772294710695
1123,0.25769109536425977,51.4359167555978,2.010666726858304e-05,-1.566503979518822,0.04801645982313052,0.11878508165993881,65.81932020671367,0.2519135836356409,51.448490052197414,-0.00012985282531453174,-1.58366099611375,0.04812930241058799,0.11819112012117175,65.85133124988414,-0.005777511728618845,0.01257329659961215,-0.00014995949258311478,-0.017157016594927965,0.00011284258745747344,-0.0005939615387670627,0.03201104317047054
1124,0.25774436370573733,51.35829924400203,0.0026025148488598064,-1.5381865373395593,0.0537107078760729,0.10898484045775643,65.79011535056864,0.2577163888725706,51.358719423442245,-0.004616822529552431,-1.550659394921951,0.05512617772867401,0.10864199448048062,65.82128765408059,-2.7974833166743984e-05,0.0004201794402121095,-0.0072193373784122375,-0.012472857582391583,0.0014154698526011103,-0.00034284597727581023,0.031172303511951327
1125,0.2579012186493689,51.28012051634127,0.004051940201756165,-1.588947004454633,0.05890692773797158,0.09886395401819079,65.7653704470473,0.2611730023840463,51.28169134154686,0.005002180086953707,-1.5784704215496312,0.059170312375008915,0.09806681400866683,65.7939086338235,0.0032717837346774026,0.001570825205590154,0.0009502398851975423,0.010476582905001752,0.000263384637037338,-0.0007971400095239528,0.02853818677620268
1126,0.25809836773404654,51.2013787137105,0.004232563867118646,-1.5607125522214844,0.06352083886426489,0.08569249103354178,65.73618092642936,0.2562374681479235,51.2047212869126,-0.00593510095735622,-1.5461000719890978,0.0634436066341535,0.08560909234217136,65.76591792858493,-0.001860899586123066,0.003342573202104404,-0.010167664824474867,0.014612480232386593,-7.723223011139868e-05,-8.339869137041767e-05,0.029737002155570735
1127,0.25831531121932155,51.12207232997067,0.004736500516384319,-1.611526490084379,0.06750131913515713,0.07352671980214784,65.71144782687117,0.25601250104563156,51.122588984784414,0.010382615549112772,-1.622360895698335,0.06901201572423599,0.07357387573867556,65.74067832763211,-0.0023028101736899953,0.0005166548137438554,0.005646115032728453,-0.010834405613955989,0.001510696589078861,4.715593652772354e-05,0.029230500760945688
1128,0.2585031238692332,51.04226054126185,0.0030602030432550307,-1.5809310527268172,0.07077393089468742,0.057377750579063996,65.6821351289742,0.24759668440829918,51.039198082600414,0.004677369126440452,-1.5738045951813928,0.07076770461805948,0.057215742664426666,65.71490673051997,-0.010906439460934003,-0.003062458661432288,0.001617166083185421,0.007126457545424403,-6.226276627940841e-06,-0.00016200791463732989,0.0327716015457753
1129,0.2586372941326709,50.96391984098357,0.0025190538939455897,-1.5526834862228278,0.07323221879594266,0.04095376547114557,65.65295899921321,0.2533119579994558,50.95937065449822,0.006347152425577388,-1.5417931640090827,0.07401471748193922,0.0407177716911484,65.6858934634369,-0.0053253361332151194,-0.004549186485348855,0.003828098531631798,0.010890322213745085,0.0007824986859965577,-0.00023599377999716786,0.03293446422368618
1130,0.25872432358937547,50.885015417064416,0.0010854027652221474,-1.6034767737878248,0.07491321205873243,0.02628596504044514,65.62823640384624,0.2619870184659677,50.884939066391865,0.028767272929051062,-1.6053115271698477,0.07525982598161196,0.026123983572496574,65.665297541736,0.0032626948765922537,-7.635067255051808e-05,0.027681870163828913,-0.00183475338202288,0.0003466139228795323,-0.00016198146794856733,0.03706113788975074
1131,0.2586948883263613,50.805591179941544,-0.0021871053392174813,-1.5734797893937151,0.07578466402863292,0.008572113755574238,65.59897164663823,0.2591172780723575,50.802743201850824,-0.01441397003085431,-1.5796037870787052,0.0750500259365392,0.009626193938431383,65.6363330345764,0.00042238974599623225,-0.00284797809072046,-0.012226864691636828,-0.006123997684990057,-0.0007346380920937173,0.001054080182857145,0.03736138793816224
1132,0.2587084368053883,50.72763649060965,0.002727090583850648,-1.5446952935714349,0.07578218972122915,-0.008671086051725136,65.56977972335982,0.2569303896227876,50.73419099097984,-0.011582436478689036,-1.54968774470353,0.07526867965702388,-0.006938231700288275,65.61049280336876,-0.0017780471826007171,0.006554500370192784,-0.014309527062539684,-0.0049924511320951215,-0.0005135100642052609,0.0017328543514368612,0.040713080008941915
1133,0.2587941420382955,50.65108520117598,0.0006269573965934899,-1.517344029893825,0.07492126631187991,-0.025765850322244363,65.54067266936639,0.26845088442488213,50.64773096338479,0.012949971268631533,-1.530949655291118,0.07529069516871312,-0.02526363985553629,65.58102088170244,0.009656742386586648,-0.0033542377911928156,0.012323013872038043,-0.01360562539729293,0.0003694288568332066,0.0005022104667080744,0.04034821233605612
1134,0.2588288634531621,50.573942956162924,0.000641188189558651,-1.5683306568012836,0.07327169818119458,-0.04021687490516891,65.51597674739108,0.2639790694969839,50.574028066681855,0.02495166699416979,-1.5571478869378352,0.07186193007679753,-0.04006079788168982,65.55274055869748,0.0051502060438218256,8.511051893123067e-05,0.024310478804611138,0.01118276986344835,-0.0014097681043970522,0.0001560770234790912,0.036763811306400385
1135,0.25889674341517915,50.49622337220351,0.001866058370827016,-1.540440553637112,0.07086521697417558,-0.05604237337559104,65.48684985126353,0.25433002008290806,50.49691861750316,0.00414415130293808,-1.5512225160207935,0.07026692219382102,-0.05416596503131088,65.51691034618862,-0.004566723332271094,0.0006952452996529246,0.0022780929321110635,-0.010781962383681565,-0.000598294780354558,0.001876408344280156,0.030060494925095327
1136,0.25898782395408343,50.41989190282955,0.0015029352911656276,-1.512805920126585,0.06768689439564639,-0.07109052976557677,65.457741584706,0.257602633175422,50.42884721577759,-0.008307957219621031,-1.529703006920655,0.06744606749259763,-0.07113066221521762,65.48718988333212,-0.0013851907786614492,0.008955312948039307,-0.009810892510786658,-0.01689708679406987,-0.0002408269030487603,-4.013244964085061e-05,0.029448298626121527
1137,0.25912169032479254,50.34297924295351,0.003569599069058354,-1.5636845079396624,0.06383721569808828,-0.08289661813674731,65.43305217479492,0.2610394160950698,50.344582348031444,-6.831029489145699e-05,-1.565486062648215,0.0621225296262633,-0.08409532671740355,65.46105548424318,0.0019177257702772676,0.0016031050779332645,-0.003637909363949811,-0.0018015547085525885,-0.0017146860718249834,-0.001198708580656238,0.028003309448251912
1138,0.25943756973932147,50.265507169756326,0.00868015083913106,-1.5351839721432923,0.059389160636508044,-0.09502558432646228,65.40390507020933,0.25777621522149075,50.27493753680746,0.0067449972356091155,-1.540489284674018,0.05943315198349319,-0.09475020021460731,65.43350841476173,-0.0016613545178307265,0.009430367051130872,-0.0019351536035219453,-0.005305312530725637,4.3991346985149116e-05,0.00027538411185497325,0.02960334455239888
1139,0.2600331222752247,50.18943034902497,0.014706771984663556,-1.5078741912211444,0.05435922017007277,-0.10617203433094884,65.3748291599384,0.26083685476524254,50.191087544493094,0.003981424149816408,-1.516068745363538,0.05399387977543757,-0.10704235204008547,65.41008735209503,0.0008037324900178611,0.0016571954681268153,-0.010725347834847148,-0.008194554142393562,-0.00036534039463519824,-0.0008703177091366338,0.03525819215663262
1140,0.2608897658711997,50.11275470270286,0.01915590030396184,-1.5591325637041602,0.048854137670565165,-0.11403126564935522,65.35017246251279,0.25861940751215706,50.11407568340735,0.029327985897327942,-1.563319094155222,0.04891567333834468,-0.11258683372827383,65.38628239311193,-0.002270358359042657,0.0013209807044916033,0.010172085593366104,-0.004186530451061765,6.153566777951369e-05,0.0014444319210813877,0.036109930599138806
1141,0.2620275418770435,50.03551328369568,0.025844656581937395,-1.5305065769887893,0.042960205618520445,-0.1217260164324335,65.3210316648574,0.2699211492462312,50.027600186526925,0.027402682500452115,-1.5240796497740507,0.044021040461471816,-0.12043155333803486,65.35070020783071,0.00789360736918765,-0.007913097168753325,0.0015580259185147202,0.006426927214738587,0.001060834842951372,0.0012944630943986374,0.029668542973311673
1142,0.26352466613031333,49.95771754347883,0.03358374857488565,-1.5813019315428536,0.036745724691706255,-0.12685322064013396,65.29635688356099,0.2705916595023898,49.9565780929893,0.047924944950747214,-1.5922915921059555,0.037485178041162026,-0.12675644293764946,65.32586219707069,0.007066993372076447,-0.0011394504895321234,0.014341196375861565,-0.01098966056310191,0.0007394533494557709,9.677770248450734e-05,0.02950531350970209
1143,0.26496427011719936,49.87940609995883,0.023426007736927885,-1.5511548710849636,0.0301161235015645,-0.13833082696553628,65.26713650636808,0.2763266786300948,49.8810234555551,0.026575026435588775,-1.5555437557818235,0.031497679703718084,-0.13680617757788888,65.29995406299918,0.011362408512895439,0.0016173555962737396,0.0031490186986608895,-0.004388884696859829,0.0013815562021535846,0.0015246493876474032,0.03281755663110175
1144,0.26596502061222255,49.8025584686365,0.01598721769744243,-1.5227483714259962,0.02296623380096744,-0.14766476105834614,65.23801966567804,0.2662948735293646,49.80377889910985,-0.005823380220677358,-1.5102191940221257,0.022624192044597535,-0.147345722058721,65.26960246713585,0.00032985291714204834,0.0012204304733529625,-0.02181059791811979,0.012529177403870495,-0.00034204175636990547,0.0003190389996251264,0.03158280145781589
1145,0.26707088565315384,49.72513774847514,0.027708328608912258,-1.5740510735834725,0.015609604792810372,-0.14660039926793658,65.213379382896,0.2659061405487354,49.735948767500574,0.029182406362371065,-1.569720117983871,0.014852178659361837,-0.14745598012463754,65.25055590966821,-0.001164745104418441,0.010811019025432245,0.0014740777534588065,0.004330955599601616,-0.0007574261334485355,-0.0008555808567009549,0.03717652677221395
1146,0.26839468148712103,49.64716879744141,0.02460062390282115,-1.5446984469975318,0.008182907925268539,-0.1504674754337368,65.18422329706618,0.27373137298477956,49.657093915195766,0.009860171801459986,-1.5414927299343537,0.007894499006370737,-0.15033798270407886,65.22083540102642,0.00533669149765853,0.00992511775435645,-0.014740452101361164,0.0032057170631780707,-0.000288408918897802,0.000129492729657954,0.03661210396023762
1147,0.269768264454638,49.57063383572249,0.029688064363845926,-1.5166892582084566,0.0006212530617233977,-0.1519987191080688,65.15514726272906,0.2780719701955677,49.575884374579985,0.03420442096818026,-1.5185330643139245,0.0021227721979597547,-0.151335544628469,65.19212067047873,0.008303705740929701,0.005250538857495712,0.004516356604334332,-0.001843806105467971,0.001501519136236357,0.0006631744795998207,0.03697340774967017
1148,0.2709161454928087,49.495464020735035,0.015561342965125171,-1.4901155695627608,-0.007159417466996281,-0.1592281020407183,65.12613616025708,0.26780002848428186,49.49519295001899,0.004659771068365062,-1.4763579211569078,-0.009208124574591192,-0.16047649423696933,65.16697949948278,-0.0031161170085268197,-0.00027107071604604016,-0.01090157189676011,0.013757648405853029,-0.0020487071075949116,-0.0012483921962510303,0.04084333922570238
1149,0.27180828361364134,49.41964901547856,0.01954937845756525,-1.5424642480498214,-0.015034345763412865,-0.15576902981594515,65.10157722236289,0.27250307764035936,49.426831323556684,0.022802979346015745,-1.5515264971827356,-0.015428613070102237,-0.15497945412381522,65.1452043486772,0.0006947940267180153,0.00718230807812148,0.003253600888450496,-0.009062249132914202,-0.00039426730668937204,0.0007895756921299235,0.04362712631430554
1150,0.2724750061394094,49.34324064258991,0.006443789039288788,-1.5138757305275956,-0.022860705668355144,-0.15728536638174592,65.07247342467507,0.2728546431658367,49.35170002123108,0.004287388744156744,-1.4972647809622799,-0.024054112167999797,-0.15673936665685126,65.11976294975564,0.000379637026427293,0.00845937864117019,-0.002156400295132044,0.016610949565315725,-0.001193406499644653,0.0005459997248946635,0.04728952508057205
1151,0.2727659381590008,49.266262121523376,0.004621249857723804,-1.5652610510002019,-0.03069652735870688,-0.1561475012323236,65.04786481184702,0.2720896670167693,49.27210080337217,-0.004979100315817468,-1.5641980132137394,-0.030484271726935575,-0.1559720816315561,65.08947576971823,-0.0006762711422315104,0.005838681848793215,-0.009600350173541272,0.0010630377864624396,0.00021225563177130688,0.0001754196007675013,0.04161095787121383
1152,0.27286896863504617,49.188735835483435,-0.0011671320912378198,-1.5357902604986295,-0.038417642190263133,-0.1526970920299266,65.01872661474427,0.2632864992946377,49.191836074777484,0.0015916915672630552,-1.5446056848467768,-0.039895114101930584,-0.1536331558330003,65.06434871470077,-0.009582469340408462,0.003100239294049345,0.002758823658500875,-0.008815424348147305,-0.001477471911667451,-0.0009360638030737056,0.04562209995650335
1153,0.27268308675157804,49.11266164893447,-0.00691382707415808,-1.5071724682746654,-0.045891777155187975,-0.1462683065670671,64.98964329458445,0.2698909423120765,49.10946781089843,-0.01181092154056353,-1.502921197120385,-0.04608490385859554,-0.14657224870281355,65.03896192191026,-0.0027921444395015427,-0.0031938380360401197,-0.00489709446640545,0.004251271154280367,-0.00019312670340756316,-0.00030394213574644335,0.04931862732580328
1154,0.27225612617532485,49.0379684175804,-0.010775890273135252,-1.4805504032988193,-0.05299657025447542,-0.13792341740443068,64.96067670846627,0.2782803083274945,49.04161782799401,0.0010376814039042212,-1.4741590291858213,-0.05303537030304151,-0.1379244612658103,65.00407531137611,0.006024182152169655,0.003649410413608223,0.011813571677039473,0.0063913741129979496,-3.880004856608721e-05,-1.043861379612654e-06,0.04339860290984632
1155,0.271625334483902,48.96263927939533,-0.01494268897742153,-1.5326030559031285,-0.05967235656184648,-0.12910803489041195,64.93612561677904,0.27392955340867325,48.962769666495106,-0.017018023959493738,-1.5264578877378614,-0.059631647700933765,-0.1306224715611938,64.97817147242992,0.0023042189247712286,0.00013038709977308827,-0.002075334982072208,0.006145168165267112,4.070886091271653e-05,-0.0015144366707818546,0.04204585565088337
1156,0.2708176277255939,48.886707888724885,-0.017895556800643,-1.504642103616699,-0.0658141988746852,-0.11656565762313716,64.90709550585316,0.27512521851168936,48.88231949395927,-0.01718032235822677,-1.4988611468387456,-0.06552007636542978,-0.11724860173920269,64.94807224924298,0.004307590786095439,-0.004388394765612702,0.0007152344424162307,0.005780956777953428,0.0002941225092554234,-0.000682944116065537,0.0409767433898196
1157,0.26992309405987464,48.81214163950015,-0.018357044766216014,-1.4779959672874938,-0.07128645189989664,-0.10232446338532046,64.87814351879653,0.27697631183300536,48.809055644739644,-0.035017110468088246,-1.4705263317648747,-0.07115146653145343,-0.10214364741409121,64.91224706677679,0.007053217773130727,-0.003085994760503752,-0.016660065701872232,0.007469635522619145,0.00013498536844321063,0.00018081597122925064,0.03410354798025139
1158,0.2690253358374142,48.73694087133265,-0.01790215616558234,-1.5300186031269358,-0.0760648197558174,-0.08881025085150966,64.85360366463571,0.268842659753888,48.74493684705629,-0.005203193749433965,-1.528549286136609,-0.07668485224945831,-0.08752708779380336,64.89326617397164,-0.0001826760835262342,0.007995975723638082,0.012698962416148374,0.0014693169903268188,-0.0006200324936409124,0.001283163057706302,0.03966250933592619
1159,0.26845023480713825,48.66114648181834,-0.005453149164066157,-1.5017430416430069,-0.08006790031933175,-0.07131297168906432,64.82457043003595,0.27998025532756227,48.66338341448338,-0.012867846089593607,-1.5132703344876055,-0.08057670914883186,-0.07250618290387385,64.86697728282469,0.011530020520424011,0.0022369326650348853,-0.00741469692552745,-0.011527292844598636,-0.000508808829500107,-0.0011932112148095309,0.04240685278874423
1160,0.2682551480980115,48.58674853624441,-0.0026179028934029585,-1.4741606606860436,-0.08316953724573925,-0.05275250536723544,64.7955800519448,0.274636482550073,48.59145403686292,0.005096871409348244,-1.474125773472908,-0.08189956690280598,-0.05181472182503362,64.83969567703794,0.006381334452061516,0.00470550061851327,0.007714774302751202,3.48872131354927e-05,0.0012699703429332743,0.0009377835422018227,0.044115625093141375
1161,0.26820150371157586,48.51174855012812,0.0003078835553207192,-1.525822517369698,-0.0854113571498453,-0.036920290797006594,64.77103206568457,0.26413875752744154,48.5181073728873,0.009132606039638523,-1.5397497229262045,-0.08519721881995856,-0.035969953279751644,64.81557296954018,-0.004062746184134325,0.006358822759182203,0.008824722484317805,-0.013927205556506506,0.00021413832988673165,0.0009503375172549497,0.04454090385561926
1162,0.2682971304332615,48.43618387458109,0.0033999017891757524,-1.4967512618379444,-0.08676641942157239,-0.017282200072077175,64.74196844505386,0.25504603114256064,48.4399258187765,0.007478758588023836,-1.4944882619205797,-0.08673906034340151,-0.019269159551980036,64.78808817093244,-0.01325109929070084,0.0037419441954114063,0.004078856798848084,0.002262999917364672,2.7359078170877127e-05,-0.0019869594799028605,0.04611972587858304
1163,0.26860584225119394,48.36201780520557,0.008915951169122131,-1.4698786274618254,-0.08713331939460897,0.002606201150613885,64.71303201024081,0.27500444686354286,48.35719010560786,0.018130838330208652,-1.4729087597328934,-0.08837822040659304,0.001434171609758787,64.75504157463078,0.006398604612348924,-0.004827699597704793,0.00921488716108652,-0.0030301322710679646,-0.001244901011984073,-0.001172029540855098,0.04200956438997139
1164,0.26913959143631566,48.28723518145007,0.012474555670759108,-1.521410957093018,-0.0865767023052829,0.019658482422428673,64.6884883788817,0.2691402254463413,48.28341168830414,0.013875329231108293,-1.5254959259615988,-0.08885347692379986,0.018899943486948678,64.72537980506313,6.340100256463366e-07,-0.0038234931459300014,0.0014007735603491847,-0.004084968868580674,-0.002276774618516955,-0.0007585389354799951,0.03689142618142682
1165,0.2699282768313926,48.21187825288789,0.01920013444658769,-1.492854729979644,-0.08508973494721657,0.039820211900224646,64.65946741719108,0.26895542394894967,48.20538137087848,0.016423834813870504,-1.4995894766052522,-0.08628387339316035,0.040269839062538205,64.69490233084878,-0.0009728528824429206,-0.006496882009415117,-0.002776299632717187,-0.0067347466256082456,-0.0011941384459437793,0.0004496271623135595,0.03543491365769569
1166,0.2709520654505466,48.137918467419794,0.021964110969857495,-1.4655252410636426,-0.08262234603768012,0.05887534448123346,64.6305199465367,0.2491106653388874,48.126131440105176,0.02260594734900978,-1.4666943546144773,-0.08227512028680461,0.06098554151073258,64.66521882625655,-0.02184140011165922,-0.011787027314618115,0.0006418363791522858,-0.0011691135508347106,0.0003472257508755072,0.0021101970294991196,0.03469887971985486
1167,0.27207281323893373,48.063351583694896,0.023108047379180496,-1.517134833845763,-0.07930635147713722,0.07376443794048262,64.60599348471872,0.27067738132774855,48.05920085573479,0.025917383102536537,-1.5079552938061445,-0.07933952507559017,0.07338121422709365,64.64065768748364,-0.0013954319111851854,-0.0041507279601091795,0.0028093357233560413,0.009179540039618628,-3.3173598452951314e-05,-0.0003832237133889749,0.03466420276491533
1168,0.27325836755991967,47.988192359284966,0.024667831392899256,-1.489221559801915,-0.07520653621172367,0.09022817267605894,64.5770239700311,0.2767419691882108,47.975142095601925,0.022692871653853797,-1.5055041452791822,-0.07693276958009854,0.08935462148894523,64.61326886407997,0.003483601628291144,-0.013050263683041408,-0.0019749597390454586,-0.016282585477267242,-0.001726233368374866,-0.0008735511871137136,0.03624489404886333
1169,0.27444090316860253,47.91442757188522,0.023056795805006747,-1.461357347820319,-0.07030703554229038,0.10575185410127272,64.54806142794976,0.27707433532618525,47.89631869500875,0.02496291392725717,-1.4479984205081278,-0.06956454078840002,0.10612939151888885,64.58306011436315,0.0026334321575827158,-0.018108876876468116,0.0019061181222504234,0.013358927312191238,0.0007424947538903631,0.00037753741761613335,0.034998686413388214
1170,0.2755111991773558,47.84005375755007,0.020160879481994458,-1.513576872503266,-0.06474511917230985,0.1167248006979485,64.52358071489667,0.27851253409222154,47.8325171774942,0.027426952009131447,-1.5064872263640945,-0.06357765346681354,0.11808865654386362,64.5551937411757,0.003001334914865761,-0.00753658005586999,0.007266072527136989,0.007089646139171402,0.0011674657054963067,0.0013638558459151268,0.0316130262790324
1171,0.27638811427034965,47.765075132180435,0.015443713011991884,-1.4855500732856584,-0.05863550390185997,0.12765981012004674,64.49461766757457,0.2827690130763158,47.769339547564186,0.002551943941763002,-1.488891554114876,-0.059683337584966356,0.1263891656562346,64.52348458644661,0.006380898805966151,0.004264415383751441,-0.012891769070228883,-0.0033414808292175913,-0.001047833683106389,-0.0012706444638121428,0.028866918872040515
1172,0.2770771210423975,47.69147689296224,0.012688245276324662,-1.458361211447,-0.05201054526871009,0.1373385352059485,64.46570585231001,0.27007210932080267,47.69746352709766,0.006634851399495881,-1.4658529474480642,-0.051228435510613846,0.13966181190082974,64.49372536081512,-0.007005011721594845,0.005986634135418001,-0.006053393876828781,-0.007491736001064231,0.0007821097580962416,0.002323276694881249,0.02801950850511048
1173,0.2775101548687265,47.61920945877575,0.005239380605724239,-1.4323135323581644,-0.04497275600896184,0.14417303518398128,64.43685963435843,0.26507491665373467,47.61804684767112,0.0064298965400883,-1.4179177799919587,-0.045892405695149296,0.1435684399757622,64.46807624492976,-0.012435238214991817,-0.0011626111046325605,0.0011905159343640606,0.014395752366205716,-0.0009196496861874556,-0.0006045952082190664,0.031216610571334513
1174,0.27759767407495345,47.54625958089578,-0.0012051982608129643,-1.4856567400133158,-0.03765615809241669,0.14849088147782472,64.41245425028822,0.2600393272655812,47.54950732313948,0.00011570351796425524,-1.4795134131554664,-0.03854423659655337,0.14863159412449178,64.4470426593416,-0.01755834680937224,0.0032477422437011683,0.0013209017787772196,0.006143326857849463,-0.0008880785041366843,0.00014071264666706829,0.03458840905338434
1175,0.27729037718480337,47.47264782153193,-0.010439628245883266,-1.4587874136043644,-0.03016275655923441,0.15124517984946634,64.38356978585274,0.25755134124862505,47.45200576595861,-0.00930131141299377,-1.470139548470123,-0.031176001910674156,0.15111412857304615,64.41848757278207,-0.019739035936178317,-0.020642055573318885,0.0011383168328894955,-0.01135213486575859,-0.0010132453514397448,-0.00013105127642018544,0.03491778692932712
1176,0.27643237304695883,47.400368847200184,-0.023228151278453957,-1.4323429041877376,-0.022589940614567434,0.15166745793721276,64.35471107460975,0.27088674150847275,47.38584005099089,-0.03607486374652623,-1.4241140588622099,-0.022987390252063644,0.15060555407486137,64.38818249353238,-0.005545631538486084,-0.014528796209290817,-0.012846712468072272,0.0082288453255277,-0.0003974496374962097,-0.0010619038623513877,0.03347141892263039
1177,0.275314762288703,47.32743090809897,-0.020915569063605508,-1.485162555375442,-0.014894204680638703,0.15616197941993648,64.33029181149084,0.266644147341223,47.326491129446744,-0.012901898824095627,-1.4654414829746776,-0.016213980389733873,0.15578747855058941,64.35968397654588,-0.008670614947480004,-0.0009397786522242768,0.008013670239509881,0.019721072400764372,-0.0013197757090951702,-0.0003745008693470664,0.02939216505504305
1178,0.27399456987639637,47.25382758196187,-0.031226304952808585,-1.4589367305018637,-0.007195950576157423,0.1517681847593147,64.30144953054754,0.2786473166210096,47.24210747500032,-0.035998630922210985,-1.4565733962171064,-0.007862073164502714,0.15209534635154642,64.3291427491671,0.004652746744613245,-0.011720106961554677,-0.0047723259694023995,0.0023633342847573235,-0.0006661225883452908,0.00032716159223172836,0.027693218619560867
1179,0.27286277004925996,47.18152632225437,-0.013377436597156102,-1.4331235107699347,0.0005890243171249431,0.15963081097197998,64.27263265580306,0.27022943438936664,47.17652901013067,-0.007238327218863631,-1.458057573722692,0.0005164795740251193,0.15977280867546684,64.29746974541659,-0.002633335659893321,-0.004997312123698805,0.0061391093782924705,-0.02493406295275724,-7.254474309982377e-05,0.00014199770348685692,0.02483708961352704
1180,0.27219605287811083,47.11052503259769,-0.012609720188450977,-1.4069107182501082,0.008510981153497096,0.15724746248290616,64.24381353141717,0.27504589503806226,47.10551605883679,-0.01825823690720421,-1.4206833288181833,0.007252340434935167,0.1578147861380903,64.26665212661362,0.0028498421599514323,-0.00500897376090137,-0.005648516718753235,-0.013772610568075105,-0.0012586407185619288,0.0005673236551841376,0.02283859519644693
1181,0.2714595306304612,47.03885956556293,-0.0162848890058574,-1.45968749780871,0.016278693653326654,0.1534610375102762,64.21940715991434,0.27299952873058153,47.0303671532306,-0.03412029913600049,-1.4779866273326223,0.015937366787174945,0.15429584429533433,64.2410004207216,0.0015399981001203433,-0.008492412332330446,-0.017835410130143087,-0.018299129523912327,-0.0003413268661517088,0.0008348067850581231,0.02159326080726487
1182,0.2709271957955397,46.9665565389648,-0.004347516697089786,-1.4324350337947098,0.02395868620730525,0.15373866464886768,64.19053417443386,0.27976951143890727,46.96045161728508,0.007641387212673774,-1.4372245379007522,0.023094679358645287,0.1532725276793063,64.21348200190032,0.008842315643367571,-0.006104921679721542,0.01198890390976356,-0.004789504106042397,-0.0008640068486599622,-0.0004661369695613815,0.022947827466452964
1183,0.270520050028549,46.89363450146517,-0.011391234177568004,-1.484421323926649,0.031442600727374814,0.14561791615391492,64.16608959660695,0.26811143483867894,46.89079299538964,0.004292790486821587,-1.4703963890297023,0.03133651181760966,0.14832387193597701,64.18666365107218,-0.002408615189870067,-0.002841506075533573,0.01568402466438959,0.014024934896946784,-0.00010608890976515628,0.0027059557820620916,0.02057405446522864
1184,0.269681300825711,46.82008817066044,-0.02155597078907333,-1.4574058883420773,0.03842067367343029,0.1335050016883043,64.13723954919583,0.27571008637780503,46.816650048675015,-0.01944538192214161,-1.4624977196760978,0.03877502026503166,0.13391133287847984,64.16023686470923,0.006028785552094018,-0.0034381219854253686,0.002110588866931721,-0.005091831334020469,0.00035434659160136356,0.00040633119017555175,0.022997315513407557
1185,0.26875293485942636,46.747887467598154,-0.01501933305636299,-1.4306147815544141,0.044924987820411856,0.12666756419095823,64.10841203902771,0.2594774645141281,46.743687080010865,-0.003601110991318464,-1.4185828707720918,0.047132304845293405,0.12537078236077792,64.13249390058574,-0.009275470345298242,-0.004200387587289356,0.011418222065044526,0.012031910782322353,0.0022073170248815485,-0.0012967818301803102,0.024081861558030937
1186,0.26803223688439903,46.675043180638944,-0.013361301645247693,-1.483142639912693,0.05105867380952521,0.11867987537357583,64.08401342658752,0.26586081512079,46.67645256894463,-0.021091064142383237,-1.4855895174865639,0.05107738737156797,0.11861099363471177,64.10586417027363,-0.002171421763609016,0.001409388305688708,-0.007729762497135544,-0.0024468775738708537,1.8713562042763088e-05,-6.888173886406002e-05,0.021850743686115948
1187,0.26743002754465267,46.601588666779605,-0.010237757172167773,-1.45502726948641,0.05672814755758088,0.10809907454865093,64.05512326540207,0.26846878418185494,46.60545257508025,-0.01194552848864492,-1.4567699744524598,0.05689551122470471,0.10703589493418876,64.07784230565989,0.001038756637202265,0.0038639083006444253,-0.0017077713164771469,-0.0017427049660498906,0.0001673636671238321,-0.001063179614462173,0.022719040257811685
1188,0.2669514658029627,46.529505424624006,-0.00846587269400899,-1.4282901684405531,0.06182510970616103,0.0957794113945551,64.02631441618021,0.26852366255149573,46.53329160851586,0.004218506187491752,-1.4303226603631094,0.06078682684766967,0.09523779098162216,64.04910732364723,0.001572196748533039,0.0037861838918544777,0.012684378881500742,-0.0020324919225562788,-0.0010382828584913559,-0.0005416204129329444,0.02279290746702145
1189,0.2665446214285488,46.45872743228297,-0.007425396566921201,-1.4028168296145878,0.06627751962842339,0.08231698549593958,63.997580301340285,0.2687938080188299,46.459189968244814,-0.019098599153745753,-1.4141346061219136,0.06648019922044224,0.08126232992649657,64.01818727505105,0.002249186590281116,0.0004625359618444236,-0.011673202586824551,-0.011317776507325794,0.0002026795920188479,-0.0010546555694430082,0.02060697371076259
1190,0.26613483638631913,46.38727373924232,-0.008689084095981136,-1.4553145522193587,0.07007466243223526,0.06956872665653514,63.97319573977048,0.26915351543030236,46.39190754758162,-0.00038123242277220484,-1.4663895419332522,0.06968845824611813,0.07047856240237352,64.00037376204352,0.00301867904398323,0.0046338083392996054,0.008307851673208931,-0.011074989713893535,-0.0003862041861171228,0.0009098357458383749,0.027178022273041336
1191,0.2657067582174367,46.31519372998803,-0.008168713724239784,-1.4278720038099881,0.07315176591126629,0.05351541250470624,63.94436178978719,0.27114600757597823,46.31600426790454,-0.0025296565532861278,-1.4244728557743453,0.07226266104153867,0.053558280893011845,63.972774260441305,0.005439249358541509,0.0008105379165073145,0.005639057170953656,0.003399148035642785,-0.0008891048697276249,4.286838830560441e-05,0.028412470654117783
1192,0.26524550996350393,46.24443506689115,-0.01008689985568884,-1.4024608298424184,0.07541202246076852,0.03689484947538285,63.91564523512756,0.25825130246001227,46.244317806345514,-0.0172630856264093,-1.3948405291995156,0.0740518922387512,0.03726325555455738,63.94539980038026,-0.006994207503491667,-0.00011726054563609978,-0.0071761857707204595,0.007620300642902755,-0.0013601302220173223,0.0003684060791745297,0.02975456525269493
1193,0.26469684068183563,46.17298382267481,-0.01175160842332775,-1.4555729479869421,0.07689806928946864,0.02254702367262211,63.89130700003907,0.260518295476848,46.17385118920767,-0.011978301461542384,-1.4556275539934658,0.07630212501201994,0.02413318187122081,63.920758794802204,-0.004178545204987616,0.0008673665328586821,-0.00022669303821463462,-5.460600652362757e-05,-0.0005959442774487039,0.0015861581985987007,0.02945179476313342
1194,0.2640359718946211,46.10088299905816,-0.014623799688823345,-1.4284469268972733,0.07758599405594561,0.004969966986456624,63.86250487359527,0.26817765533786836,46.10407557471767,0.00545219955445609,-1.4489723684835571,0.07804874819678398,0.004865439839046083,63.896813255186146,0.004141683443247279,0.0031925756595114763,0.020075999243279435,-0.020525441586283888,0.0004627541408383645,-0.00010452714741054133,0.03430838159087557
1195,0.2632323262011204,46.03013177875987,-0.01753905827916838,-1.401589237814926,0.0773844380543253,-0.013032207051269722,63.8337216002275,0.26860888199613925,46.030906844927635,-0.014379722166062262,-1.4085600777237899,0.07988471581421752,-0.015089794471643695,63.86720270444297,0.005376555795018834,0.0007750661677619064,0.003159336113106117,-0.006970839908863935,0.0025002777598922277,-0.002057587420373973,0.03348110421546835
1196,0.2622730408481865,45.95874308742149,-0.020907791042077063,-1.4539436249923112,0.07634560457866478,-0.028521131975151062,63.80935240725201,0.2627425941290072,45.95182609343933,-0.03355273566349707,-1.455926886405477,0.07504027405980906,-0.029863210706989732,63.84077964284253,0.00046955328082071146,-0.00691699398215917,-0.012644944621420007,-0.001983261413165849,-0.0013053305188557157,-0.0013420787318386695,0.0314272355905203
1197,0.26124121519509136,45.8867299825072,-0.02052391112348341,-1.4265682683322582,0.07450647974709293,-0.045043861287723,63.780551140106155,0.26609887338299554,45.88463017776877,-0.010182170431205968,-1.4082018832761178,0.07392978008592088,-0.04372018380951846,63.80387609673837,0.004857658187904179,-0.0020998047384281904,0.010341740692277442,0.01836638505614041,-0.0005766996611720476,0.0013236774782045407,0.023324956632215788
1198,0.26027532593132796,45.81409517441797,-0.01830145155693017,-1.4788090207861007,0.07191315925713039,-0.05868895831077855,63.75618529158559,0.2584060961623846,45.81178844729829,-0.01703618081670242,-1.47939390028092,0.0719191695245116,-0.060891932151853866,63.77500683800087,-0.0018692297689433812,-0.0023067271196808292,0.0012652707402277495,-0.0005848794948193348,6.010267381215129e-06,-0.0022029738410753175,0.018821546415281887
1199,0.25949121506758177,45.74087100382481,-0.013351331067628414,-1.4501456941723203,0.0685963194213587,-0.07398463512008883,63.7273224977716,0.24973280876914347,45.73209519174273,0.0009326297931179402,-1.459730503722679,0.0694966307815692,-0.07330079425115416,63.750250332495085,-0.009758406298438299,-0.008775812082078005,0.014283960860746354,-0.009584809550358786,0.0009003113602105012,0.0006838408689346792,0.022927834723482476
1200,0.25883081415843184,45.669057351722955,-0.013415107856465937,-1.4223882149024387,0.06453649534343042,-0.08840832799704249,63.698514336873764,0.2540415542251591,45.660296601860765,0.0014265421788196492,-1.4112675800475067,0.06606874048472688,-0.08732279424315585,63.7221111736906,-0.004789259933272727,-0.008760749862190664,0.014841650035285587,0.011120634854931977,0.0015322451412964622,0.0010855337538866333,0.023596836816835776
1201,0.2581724380983903,45.598572468324946,-0.013327962137705597,-1.3969943576868025,0.05978760685110697,-0.10154721169589548,63.669841934306305,0.25882041121993543,45.604718402013354,-0.03135192576142099,-1.3773921260266144,0.06204597726239447,-0.10394596936671789,63.69120655255427,0.0006479731215451312,0.006145933688408434,-0.018023963623715396,0.01960223166018804,0.0022583704112874997,-0.002398757670822413,0.021364618247964984
1202,0.2575441910728959,45.52738902059368,-0.012189410935965749,-1.450327128917833,0.05446520737175138,-0.11134876747832816,63.64555244221426,0.26360639074568853,45.52821551266206,-0.01294863828997602,-1.4341478148819853,0.05554404761275178,-0.11086543252528624,63.6652728663352,0.006062199672792645,0.0008264920683771493,-0.000759227354010272,0.016179314035847714,0.0010788402410003978,0.0004833349530419112,0.01972042412094055
1203,0.25706618276225435,45.45553881236311,-0.007431672892865085,-1.4236652568277093,0.048659137937320296,-0.12089400989891519,63.616819027943585,0.25805425246394675,45.45389286972651,0.003667659090618419,-1.4355375074867465,0.049228089702588296,-0.12128080758439833,63.64137716407603,0.0009880697016924067,-0.0016459426365997842,0.011099331983483503,-0.011872250659037187,0.0005689517652679998,-0.00038679768548313676,0.024558136132448283
1204,0.2568384825781221,45.38502486623496,-0.00221319539398559,-1.3968743768763034,0.04242715124559802,-0.12838545776997587,63.58808181265065,0.26878675485165937,45.388153297167186,-0.014522688686138999,-1.369922941867991,0.04177590899917227,-0.12693935497230283,63.609834556394595,0.011948272273537286,0.0031284309322288095,-0.012309493292153409,0.02695143500831243,-0.0006512422464257442,0.0014461027976730434,0.021752743743945757
1205,0.25691904456563364,45.31384267356151,0.004960345640146229,-1.4503904469883746,0.035901890285547425,-0.1326249806320478,63.563811808893234,0.26058142093241304,45.32089066674067,0.007231171049709871,-1.4630312437856596,0.036689810784585664,-0.13035796019025067,63.5867824498466,0.0036623763667794074,0.00704799317915672,0.0022708254095636423,-0.012640796797285025,0.0007879204990382388,0.002267020441797135,0.02297064095336765
1206,0.2573983507755787,45.24202923808358,0.01363120279839559,-1.4221248259462411,0.029184457090246425,-0.13607234717999211,63.535000376069775,0.26986594906424893,45.23918530603026,0.01644180268286196,-1.4180968475947235,0.029034517755460953,-0.13706976150782715,63.55723996122267,0.012467598288670223,-0.0028439320533237833,0.0028105998844663704,0.0040279783515175804,-0.0001499393347854719,-0.000997414327835039,0.022239585152895813
1207,0.2580536334812777,45.171575435446236,0.011977265221027898,-1.396022890583969,0.022171785039840682,-0.14443453483623758,63.50631446705389,0.26520378261006555,45.173923570970466,0.010327750489937431,-1.3861021138080196,0.022137623674618467,-0.14343456986150505,63.52495424640397,0.007150149128787864,0.002348135524229633,-0.0016495147310904672,0.00992077677594927,-3.4161365222214884e-05,0.0009999649747325368,0.018639779350081653
1208,0.25894738493435054,45.10045517676113,0.023247485751401037,-1.4487589861396275,0.014977305268364757,-0.14334465602279947,63.482008729903576,0.2790817885118045,45.09208145518082,0.020431947146258286,-1.4525713241112557,0.015558080422655163,-0.14355455531156286,63.502723379804024,0.02013440357745394,-0.008373721580312576,-0.0028155386051427513,-0.003812337971628166,0.0005807751542904055,-0.0002098992887633877,0.020714649900448023
1209,0.26004859302037986,45.02871743745427,0.020173469722591,-1.4207428435009208,0.007708187069514982,-0.14742007193119153,63.453228445817004,0.27181093658150435,45.028676617413225,0.023538208477084724,-1.4332125056404115,0.007726527785937076,-0.14740767632896762,63.472631867245994,0.011762343561124489,-4.082004104333237e-05,0.0033647387544937235,-0.012469662139490634,1.8340716422093895e-05,1.2395602223908009e-05,0.019403421428989986
1210,0.26103269060995327,44.95835767494811,0.01855170383244362,-1.3936369849902592,0.0002985998824349802,-0.14896341555200857,63.42450370213,0.26808719767395245,44.961563866077526,0.009715665766083053,-1.3829230342408134,-5.984191004193562e-05,-0.14767040930596398,63.44567202570069,0.0070545070639991825,0.0032061911294150036,-0.008836038066360567,0.01071395074944581,-0.00035844179247691583,0.0012930062460445868,0.021168323570684322
1211,0.26213940603082864,44.8873616115769,0.025173065309237838,-1.4461893507725507,-0.007128655330946928,-0.1481267929832678,63.40020722809314,0.26427167476739166,44.8934232173089,0.02356979880899672,-1.4604952054574578,-0.0045894666510761795,-0.14909703301316835,63.42032791932386,0.0021322687365630255,0.00606160573200043,-0.0016032665002411184,-0.014305854684907082,0.0025391886798707486,-0.0009702400299005376,0.020120691230722798
1212,0.2630430582601836,44.81576029754947,0.010325577690359238,-1.4178729385074145,-0.014659836817008156,-0.15312046645918131,63.37140841627837,0.26069226046924265,44.8151949476556,0.024930053083104607,-1.429141959024381,-0.014514039696385872,-0.15216811701893118,63.39268550524737,-0.0023507977909409394,-0.000565349893868472,0.01460447539274537,-0.011269020516966544,0.00014579712062228432,0.0009523494402501331,0.0212770889690006
1213,0.26323351014215857,44.74554013498344,-0.0033705059579336085,-1.390938720700647,-0.02236090562279359,-0.15492228577223616,63.34269716778396,0.2591998324771706,44.75292736747096,0.01661445604290602,-1.3990796988986256,-0.02271633445793597,-0.1558295950952681,63.36703198161876,-0.004033677664987967,0.007387232487516826,0.01998496200083963,-0.008140978197978654,-0.00035542883514238025,-0.0009073093230319296,0.024334813834798297
1214,0.26276967964436787,44.67663204294521,-0.015845119169163407,-1.365386761205004,-0.030085304181487513,-0.15405365657552078,63.314070408977905,0.26786150129030184,44.68198145928812,0.00010957905579075077,-1.3568978448878846,-0.031195234403419203,-0.15417889153848333,63.33876793425864,0.005091821645933969,0.005349416342909308,0.015954698224954156,0.008488916317119344,-0.0011099302219316903,-0.00012523496296254488,0.024697525280735988
1215,0.26188470704283606,44.607025347703804,-0.020107854430904987,-1.4188749742806344,-0.03771228120116262,-0.15102542421148357,63.289838024698604,0.2627859860693521,44.609782516092885,-0.03491880768510078,-1.406433841611147,-0.036705051803679556,-0.15245219300276952,63.31371634528701,0.0009012790265160442,0.0027571683890812437,-0.014810953254195791,0.01244113266948732,0.0010072293974830657,-0.0014267687912859484,0.023878320588408997
1216,0.26115859179839535,44.536733595921575,-0.009559695487835421,-1.3927701624971263,-0.04494333328008023,-0.13821665894522076,63.26119226004598,0.26043762868262205,44.530518145186875,0.006832827630770023,-1.382254216060023,-0.04470727300679478,-0.13874526239696036,63.28739964065381,-0.0007209631157732987,-0.006215450734700312,0.016392523118605444,0.010515946437103185,0.00023606027328545304,-0.0005286034517396065,0.026207380607829123
1217,0.26068672003655413,44.46772068459159,-0.009892014002575876,-1.367740259399568,-0.051662704484060545,-0.13055818921399173,63.23261379187055,0.2690764925124918,44.474885562235684,-0.0022448620386930473,-1.3836733911926842,-0.053425462270166424,-0.12960311748661352,63.254620992477044,0.008389772475937696,0.007164877644093792,0.007647151963882829,-0.015933131793116173,-0.0017627577861058785,0.000955071727378215,0.022007200606495303
1218,0.2602431195037056,44.39996239342325,-0.00839090131359955,-1.3425815154077425,-0.057932373403095594,-0.1202285675474103,63.204034038298175,0.2679759643896929,44.39914790290591,-0.004564772359921334,-1.342856823330706,-0.0578413654336547,-0.11880050531894244,63.225340530195126,0.0077328448859873,-0.0008144905173423922,0.003826128953678216,-0.00027530792296359685,9.100796944089273e-05,0.0014280622284678635,0.021306491896950774
1219,0.25977860968077676,44.331487766813716,-0.010608687281175436,-1.3963904717891482,-0.06369793015307972,-0.11039370245195432,63.17983824485042,0.25486833160450834,44.33353237503959,-0.01904438680894712,-1.3954854403440193,-0.06373343627919326,-0.11207839893157281,63.198477168823715,-0.004910278076268426,0.0020446082258729348,-0.008435699527771685,0.0009050314451288788,-3.550612611354087e-05,-0.0016846964796184971,0.01863892397329181
1220,0.2593558901701935,44.2623155048493,-0.006746928459315398,-1.370488089792382,-0.0688800093242684,-0.09688946439559284,63.151227730742725,0.24363888182164917,44.25873734894336,0.00952248584594556,-1.352658920854439,-0.0671928668791546,-0.09853266240651269,63.171135231642005,-0.015717008348544337,-0.003578155905934466,0.01626941430526096,0.01782916893794284,0.0016871424451137956,-0.0016431980109198469,0.019907500899279285
1221,0.25899827125427827,44.192459312385445,-0.00788841308497839,-1.4237450927796118,-0.07342068355072137,-0.08473750466252626,63.12701025799417,0.261394777719591,44.18597022520392,9.464780819636205e-05,-1.4267414776016714,-0.07283287492469848,-0.08287515229204705,63.14745159060629,0.0023965064653127532,-0.006489087181527964,0.007983060893174751,-0.00299638482205955,0.0005878086260228954,0.0018623523704792144,0.02044133261211556
1222,0.2586357301658061,44.12196259283248,-0.006944365797877115,-1.3961107297013453,-0.07725700230142277,-0.06871524536552948,63.09831387390503,0.25373402731431416,44.11771839820926,-0.020032873995656335,-1.3957143112640018,-0.07825187034945635,-0.06931384781517749,63.114854363229334,-0.00490170285149194,-0.004244194623218789,-0.013088508197779219,0.00039641843734350424,-0.000994868048033587,-0.0005986024496480169,0.016540489324306407
1223,0.25835982623957043,44.052809654611714,-0.0043494405590797135,-1.3699926384142973,-0.08025195878421781,-0.05108301394627226,63.06970542413115,0.25472742221245115,44.05677290345186,-0.013783384682903294,-1.3666956827219061,-0.08052537657969827,-0.05013133436233495,63.08314217335861,-0.003632404027119285,0.003963248840143763,-0.00943394412382358,0.0032969556923911902,-0.0002734177954804573,0.0009516795839373052,0.013436749227459188
1224,0.25822362224253614,43.984927318255,-0.0012793924630873144,-1.3452870134288,-0.08235447598472483,-0.03301767407400824,63.04117956086456,0.25902306165024375,43.998353527339454,-0.007328463880249522,-1.3413014018007563,-0.08140789215162458,-0.03319824944586603,63.05882483241056,0.0007994394077076028,0.013426209084457241,-0.006049071417162207,0.003985611628043673,0.0009465838331002424,-0.00018057537185778988,0.01764527154599449
1225,0.25823192720934723,43.91632413483678,0.0015190270549039963,-1.3988245969331559,-0.0836210824445973,-0.017646584320890727,63.0169932382399,0.2524322633037789,43.914760157080316,-0.0028744806547200664,-1.3875776262018786,-0.08375330717708529,-0.015338183860493298,63.03624406019403,-0.005799663905568353,-0.0015639777564615542,-0.004393507709624062,0.011246970731277228,-0.00013222473248798716,0.002308400460397429,0.01925082195413097
1226,0.2583937263196714,43.847030683965016,0.004916965446897962,-1.372900407059563,-0.08403558441954447,0.0010665053230043062,62.98840987011805,0.2614171652435048,43.84203757005657,-0.0006567206235472726,-1.376822091090602,-0.08550307499402843,-0.0012218018575318205,63.00736751215034,0.003023438923833388,-0.0049931139084478104,-0.005573686070445234,-0.0039216840310389856,-0.0014674905744839623,-0.0022883071805361267,0.018957642032290778
1227,0.2587462646704464,43.779021326440144,0.009229718351564348,-1.347461320225915,-0.0835055918090857,0.020133199095345854,62.9598573231034,0.261087816537668,43.78211855350572,0.0037415648350647033,-1.339205569122224,-0.0827877453475181,0.020192675843533698,62.97636860389236,0.0023415518672215696,0.0030972270655738043,-0.005488153516499645,0.008255751103690923,0.0007178464615676117,5.947674818784429e-05,0.016511280788961358
1228,0.25924029889505146,43.71031179017585,0.01063255577551201,-1.4009050071177827,-0.08211846484560197,0.035351879444003725,62.93567798536563,0.2604151290203294,43.70968406481235,0.011455967721435159,-1.411483096201433,-0.07965704517263728,0.03587835677900801,62.953714288252236,0.0011748301252779147,-0.0006277253635005309,0.0008234119459231484,-0.010578089083650433,0.0024614196729646903,0.0005264773350042856,0.018036302886606848
1229,0.2597887441605323,43.640949430241754,0.011493910012535804,-1.3735764062953941,-0.07992954180065368,0.052205042353927825,62.9070315490256,0.25449073976741166,43.63681867945083,0.005792715101611879,-1.3754848852217616,-0.07953590356397289,0.0533821155845459,62.92446620421724,-0.00529800439312067,-0.004130750790920956,-0.0057011949109239245,-0.001908478926367474,0.0003936382366807878,0.001177073230618074,0.01743465519164289
1230,0.26036044772270606,43.57290993332104,0.011634277803134625,-1.3479907693074653,-0.07690414672735214,0.06881076057813348,62.87848586356253,0.24937782086150306,43.57710766757207,0.006615337571607342,-1.3163991864552629,-0.07724970648714002,0.06684242060091336,62.890541572536684,-0.010982626861202993,0.004197734251029317,-0.005018940231527283,0.03159158285220243,-0.00034555975978788067,-0.0019683399772201238,0.012055708974152424
1231,0.2609862990008758,43.50415379207252,0.01367352504574425,-1.4022394488717171,-0.07313085403215173,0.08212094722988288,62.85436326190622,0.25214603452488715,43.51025331102101,0.024143608445838346,-1.3893764702860805,-0.07455260848597423,0.0824991547853864,62.8601425465267,-0.008840264475988624,0.00609951894848848,0.010470083400094097,0.012862978585636675,-0.0014217544538224908,0.0003782075555035236,0.005779284620480496
1232,0.26164570650130514,43.4347010988566,0.013087853170617052,-1.3758550705174044,-0.06865770687346102,0.09680493911774553,62.82578340585366,0.25833394195485865,43.43189935249531,0.02705360687616932,-1.3670038859959885,-0.06976706507217001,0.09634934913736329,62.83179791416994,-0.003311764546446494,-0.002801746361292601,0.013965753705552267,0.008851184521415867,-0.0011093581987089846,-0.00045558998038223997,0.00601450831627659
1233,0.2622590948644807,43.366541147663504,0.011891529968115867,-1.3505282290963634,-0.06349299969897203,0.10978334786181428,62.7972660807962,0.25918116319907497,43.366621120433145,-0.009319541478971249,-1.3367139657919707,-0.0643801064642795,0.11177510841583017,62.80516140032506,-0.0030779316654057087,7.997276964033517e-05,-0.021211071447087115,0.013814263304392727,-0.0008871067653074688,0.001991760554015898,0.007895319528863354
1234,0.2627814670253096,43.29768360585007,0.009420664643513443,-1.403755151284144,-0.05776507839132668,0.11933350444399972,62.773098464153726,0.26136931290454524,43.30348316810502,0.004445153683957318,-1.4135615167010562,-0.05796344000017184,0.12089701591029767,62.78055867650185,-0.0014121541207643418,0.005799562254949819,-0.0049755109595561245,-0.009806365416912266,-0.00019836160884516285,0.0015635114662979482,0.007460212348121331
1235,0.2631404531026768,43.22818971235621,0.005474207544417034,-1.3759817737477862,-0.0515698935090972,0.12847389084517946,62.744454252288726,0.2726708758782679,43.22545438932925,0.010302083124315065,-1.373551498635288,-0.05387620743666055,0.1281671509005359,62.753695038832255,0.009530422775591074,-0.0027353230269611117,0.004827875579898031,0.0024302751124982702,-0.00230631392756335,-0.00030673994464355814,0.009240786543529111
1236,0.26324909895083426,43.16003614773947,-0.0005594315929844775,-1.3501413284362316,-0.044953852883938564,0.1361677341611659,62.71592108406535,0.2713448459075192,43.16729894293426,-0.005990919924259462,-1.330926499461306,-0.04364268264949134,0.1365617256679117,62.72587094655421,0.008095746956684968,0.007262795194790783,-0.005431488331274985,0.019214828974925657,0.001311170234447226,0.0003939915067457944,0.009949862488859651
1237,0.26299115347002,43.091193995202296,-0.009255605999420206,-1.4035191479045301,-0.03805126898999277,0.13993562159666612,62.6917694699773,0.27203482373669635,43.090948381366296,-0.02773536317669735,-1.4119053894317712,-0.03771679444000542,0.13929436345385238,62.697800378911204,0.009043670266676351,-0.0002456138360003024,-0.018479757177277144,-0.0083862415272411,0.0003344745499873486,-0.0006412581428137387,0.006030908933901458
1238,0.26222980437365406,43.02171256341867,-0.02058873066786269,-1.3757119829122935,-0.030988049417121213,0.14259316131819605,62.66313264917263,0.2639096313845869,43.03272706425455,-0.034671046307581985,-1.3862439442290964,-0.03113319479019694,0.14221302245874107,62.66779189531218,0.0016798270109328328,0.011014500835884178,-0.014082315639719296,-0.010531961316802896,-0.00014514537307572586,-0.0003801388594549815,0.004659246139546269
1239,0.26142979101523034,42.95359331439977,-0.010783341033818705,-1.349051674024544,-0.02366032908220405,0.15051565207849055,62.63456881114828,0.27137762640317425,42.953880984002915,-0.01472144745232629,-1.335980852890524,-0.02445064622108939,0.15077339595876324,62.636046508672365,0.009947835387943915,0.0002876696031464121,-0.003938106418507585,0.013070821134020028,-0.0007903171388853394,0.0002577438802726928,0.0014776975240877732
1240,0.2605246608878078,42.88674066076428,-0.024779647062755084,-1.3250235126234056,-0.01617700498603013,0.14881731176846624,62.60614507223107,0.2666636600029607,42.89187059392083,-0.017624349403484084,-1.3170594458451055,-0.016654695002126907,0.14872896556957818,62.61323604508284,0.006138999115152921,0.005129933156545974,0.007155297659271,0.007964066778300083,-0.00047769001609677605,-8.834619888806183e-05,0.007090972851770516
1241,0.25894460928411406,42.819141466967466,-0.037886230766239114,-1.3789116946519926,-0.008823137783407507,0.14533737633643873,62.58202980358314,0.2588942888819843,42.8184631905439,-0.052184746160559875,-1.3904635073323737,-0.008780562434620443,0.14505984540018077,62.589865769472624,-5.032040212976652e-05,-0.0006782764235637728,-0.014298515394320761,-0.01155181268038108,4.257534878706476e-05,-0.0002775309362579581,0.007835965889483987
1242,0.25752446236865356,42.75086667488145,-0.018279066909113597,-1.3520891939302684,-0.001349609904806922,0.15360373880758466,62.553456156037086,0.25336111106138204,42.75086563527276,-0.024297296570251682,-1.36249365156488,-0.0009171169753581232,0.1530629807382578,62.56981009292144,-0.004163351307271523,-1.0396086906894197e-06,-0.006018229661138085,-0.010404457634611619,0.0004324929294487988,-0.0005407580693268521,0.016353936884357267
1243,0.25654816423704574,42.68390677165587,-0.020115904578576323,-1.3262902141651742,0.006287270785033897,0.15187148878604803,62.52495955105838,0.25871747942886175,42.680145703118875,-0.0197930260558499,-1.3231656265519303,0.0061628664300412694,0.1510471935827098,62.540957725147344,0.0021693151918160125,-0.0037610685369955377,0.0003228785227264233,0.0031245876132439676,-0.00012440435499262714,-0.0008242952033382378,0.015998174088963424
1244,0.25543714936053746,42.61626134592426,-0.02377766496706475,-1.3795066121228392,0.013796842393620098,0.14851137555740004,62.50083072888643,0.24746235739441447,42.61856628094927,-0.027383984340966276,-1.3895378490176016,0.013556890189271087,0.15037732926386155,62.51823409573138,-0.007974791966122996,0.0023049350250090583,-0.0036063193739015245,-0.010031236894762374,-0.00023995220434901154,0.001865953706461504,0.017403366844952473
1245,0.25452728794790763,42.547965465932805,-0.0119742507897003,-1.3523303474530275,0.021249685028880076,0.149602329852999,62.47226118707064,0.25667739979363624,42.55282741964371,-0.014844184745903308,-1.3439465492548415,0.021551328056830688,0.14992489215436672,62.48785764526909,0.0021501118457286084,0.004861953710907585,-0.0028699339562030073,0.008383798198186021,0.0003016430279506113,0.00032256230136770703,0.015596458198444907
1246,0.25416781843059133,42.480973763480726,-0.001766674511013774,-1.327336222482711,0.02869255421524003,0.1481124376013991,62.44381921418932,0.2655095235160272,42.49451716095647,-0.005155939148593521,-1.3337796387047403,0.029550580414458683,0.14648293627203132,62.457883203431244,0.01134170508543586,0.01354339747574329,-0.003389264637579747,-0.0064434162220292635,0.0008580261992186533,-0.0016295013293677885,0.014063989241925867
1247,0.2542513586613375,42.415220946714044,0.005734280120864985,-1.3027716873897064,0.03599772501290552,0.14409439430522056,62.41540733065423,0.25916999470052743,42.42872237259886,0.018377760210627595,-1.296872139374763,0.03594960389655055,0.14548947104671028,62.42569217929716,0.004918636039189905,0.01350142588481873,0.01264348008976261,0.005899548014943301,-4.812111635496552e-05,0.0013950767414897258,0.010284848642925226
1248,0.2543264116876226,42.348725134232666,-0.0022276019797965634,-1.357033118730262,0.042919012809692285,0.13275711756625005,62.391345498549015,0.25090354405322524,42.36281370737167,-0.008311554296924997,-1.3526500346899144,0.043633049621635944,0.13322293008811611,62.397568478265555,-0.003422867634397364,0.014088573139005689,-0.006083952317128434,0.004383084040347596,0.0007140368119436594,0.00046581252186606026,0.006222979716540067
1249,0.2543251455408713,42.28151482279685,0.002729121405662665,-1.331370111107026,0.04935026973629727,0.12449315949794934,62.36288483146427,0.25477340491558437,42.28421610944587,0.0025947759647708566,-1.3249978973132686,0.04857906678210311,0.12598202395439467,62.37097545213386,0.0004482593747130448,0.0027012866490210286,-0.00013434544089180843,0.006372213793757409,-0.0007712029541941598,0.0014888644564453324,0.00809062066959143
1250,0.254567435423658,42.21555495801672,0.007474530179530336,-1.3070143459615524,0.0553307434784706,0.11472579018898386,62.334500769589894,0.26357862885659133,42.21535328469274,-0.0060733517049119615,-1.2958494183020008,0.05570333243750314,0.11446541723990927,62.34165208130486,0.009011193432933329,-0.0002016733239784685,-0.013547881884442298,0.011164927659551571,0.00037258895903254097,-0.0002603729490745915,0.007151311714963526
1251,0.2551695781840287,42.148853919656354,0.017006018694259585,-1.3610123753317862,0.06081573226209338,0.10467376115592747,62.310443780502894,0.2571148147383986,42.1514920467715,0.018926084304433967,-1.372684096115849,0.06109625338863056,0.10622508044782718,62.3166694138685,0.0019452365543699002,0.0026381271151478813,0.0019200656101743818,-0.011671720784062867,0.00028052112653718236,0.0015513192918997082,0.00622563336560944
1252,0.25610485291281726,42.08147519866855,0.020825597648794106,-1.3341229023323198,0.06570926979240621,0.09106774005658573,62.281930388698754,0.24502535208006473,42.082420025237376,0.008418856037165037,-1.3365197240902618,0.06398773356807741,0.0910490281793302,62.28640527963652,-0.011079500832752526,0.0009448265688263291,-0.01240674161162907,-0.0023968217579419804,-0.0017215362243288013,-1.871187725553669e-05,0.004474890937764542
1253,0.25713494649523794,42.01539702924877,0.0207386358935849,-1.308990786591051,0.06990667902794706,0.07682862936504803,62.25351821533868,0.25034679824565687,42.02618407425275,0.02938799216049441,-1.3063323198839727,0.0688431124596609,0.07725889645597095,62.256620298071226,-0.006788148249581072,0.010787045003979756,0.008649356266909512,0.0026584667070783663,-0.0010635665682861561,0.00043026709092292004,0.0031020827325463074
1254,0.25811888883160133,41.950538619574324,0.018914473356383483,-1.285331506586959,0.07335650777629658,0.0611645205689329,62.22519137231292,0.2476764849763161,41.95127438972114,0.013474807913243883,-1.2944491988675175,0.07301254300175275,0.061089319692976485,62.22338361687089,-0.01044240385528522,0.0007357701468180267,-0.0054396654431395994,-0.009117692280558476,-0.000343964774543834,-7.5200875956416e-05,-0.0018077554420301567
1255,0.25906332662973686,41.8849247915278,0.019059583468598058,-1.3392052702492045,0.07605972890620491,0.04696432462740042,62.20114281636031,0.25284638937320636,41.88683322878865,0.03629988647062272,-1.3374769854091795,0.07663392309754702,0.04755549109104703,62.204843839507646,-0.006216937256530497,0.0019084372608517697,0.01724030300202466,0.0017282848400250739,0.0005741941913421089,0.0005911664636466113,0.0037010231473360022
1256,0.2600593949081197,41.8185981078736,0.020945913216783497,-1.31384773217559,0.07796126427359239,0.029097090068098422,62.17273150445466,0.2583746727560414,41.8213735041977,0.026115877617707346,-1.338381397204832,0.0799734746345897,0.029804981090023438,62.17230225396224,-0.0016847221520782663,0.0027753963241039514,0.005169964400923849,-0.024533665029242036,0.0020122103609973158,0.000707891021925016,-0.00042925049241659963
1257,0.2609720238911318,41.753541120416905,0.015644426098695256,-1.288417841022689,0.07894872644626867,0.010401396838952724,62.14431979346081,0.2564044252259884,41.74082696557364,0.018326224727129768,-1.3007946389648586,0.07946752575950544,0.008077144949634758,62.14285423223505,-0.004567598665143391,-0.012714154843266101,0.002681798628434512,-0.012376797942169615,0.0005187993132367702,-0.002324251889317966,-0.0014655612257570283
1258,0.2616562854713186,41.68971061139576,0.01173185561783464,-1.2647894106193498,0.07901352074456591,-0.007809624907063148,62.116012344954086,0.25619634062436275,41.69153274674625,-0.011304470753126138,-1.2812462545860053,0.07900335204450748,-0.006807505037253058,62.12058214181047,-0.005459944846955833,0.0018221353504870308,-0.02303632637096078,-0.016456843966655477,-1.0168700058432734e-05,0.0010021198698100895,0.004569796856387143
1259,0.26255880252977465,41.62511551801839,0.02430617281980574,-1.318999527243874,0.07824567515996832,-0.022904198476840505,62.09199777716538,0.27124657636870425,41.628994065878594,0.018673793783043763,-1.3241955834868764,0.07808665207551968,-0.022291362865496378,62.09788954255944,0.008687773838929602,0.003878547860203696,-0.005632379036761979,-0.005196056243002456,-0.00015902308444863678,0.0006128356113441272,0.00589176539406111
1260,0.26369521912658606,41.55978913827578,0.02101458502711707,-1.2940435826722672,0.07666209665263711,-0.04043894181640775,62.06362757390001,0.2666641318372717,41.557210222316996,-0.0040628924418806035,-1.3208047134399243,0.07713822037764073,-0.04051318398802214,62.0716059973522,0.002968912710685667,-0.002578915958785899,-0.025077477468997675,-0.026761130767657182,0.00047612372500362155,-7.424217161438457e-05,0.007978423452193795
1261,0.2647036209967644,41.49570804301966,0.019111800107296698,-1.2691884294630773,0.07421659118961299,-0.057381276704557053,62.035267354397455,0.2645672228599932,41.497309285731355,0.006341548744191433,-1.261972210522181,0.07479849220113666,-0.05895867744119439,62.04651218293221,-0.00013639813677124302,0.0016012427116933736,-0.012770251363105264,0.007216218940896413,0.0005819010115236667,-0.001577400736637334,0.011244828534756834
1262,0.26563293533609916,41.430877316069775,0.017828097504953278,-1.3240264607404635,0.07100818463526838,-0.07095498546922722,62.01129977190075,0.264931214532289,41.43387719131105,0.015796884626432577,-1.3165214760786417,0.07114988235462505,-0.072001949604997,62.0236575768935,-0.0007017208038101463,0.0029998752412723206,-0.0020312128785207016,0.007504984661821812,0.00014169771935666764,-0.0010469641357697818,0.012357804992745969
1263,0.26655070078482646,41.36529569625667,0.018546118134900452,-1.2992260423675945,0.06709004136073599,-0.08577074551206855,61.98295294317055,0.2666668108021236,41.36076528735196,0.01896474321102776,-1.297169888803553,0.06526022086737715,-0.08452166720611945,61.99290370848067,0.0001161100172971663,-0.004530408904713568,0.0004186250761273082,0.0020561535640415407,-0.0018298204933588358,0.0012490783059491,0.009950765310115628
1264,0.2675413438098087,41.300931152468806,0.0206845027073225,-1.2753414615262797,0.06248051361887459,-0.09861036416238708,61.95466072956368,0.26430179558562306,41.30136998245358,0.021625578026694146,-1.2831861063723253,0.062207081809424025,-0.09855551225246567,61.959677883700024,-0.003239548224185651,0.0004388299847732924,0.0009410753193716467,-0.007844644846045634,-0.00027343180945056667,5.4851909921410646e-05,0.005017154136346846
1265,0.26865373194570136,41.23581911100072,0.023433906311448965,-1.329123701280003,0.05730069289564019,-0.10858246476698909,61.93064720833732,0.2737031836482091,41.23839913899697,0.03442985209552291,-1.340151271639884,0.05641688145620627,-0.10901696165029565,61.93546111328592,0.005049451702507757,0.0025800279962453487,0.010995945784073948,-0.011027570359881,-0.000883811439433918,-0.00043449688330655933,0.0048139049485982355
1266,0.26995592149905007,41.170016127487095,0.02816449893629688,-1.3029793420088391,0.051623022071425474,-0.11852436820159952,61.90224004381042,0.2684895915843831,41.16898070169881,0.02690918929673488,-1.3133613798891115,0.04909123696862183,-0.11852068064367287,61.907458777769314,-0.0014663299146669417,-0.0010354257882880802,-0.0012553096395620002,-0.010382037880272366,-0.0025317851028036423,3.6875579266515413e-06,0.005218733958891164
1267,0.27153203579132634,41.1054875130503,0.03435498086828435,-1.2781455954282255,0.04550958083702146,-0.12601328117456104,61.873907664042044,0.27007035681704317,41.09793633288061,0.026753512687827562,-1.2784205098813408,0.04539468221853049,-0.1259266277433679,61.87695295213217,-0.001461678974283176,-0.007551180169691918,-0.007601468180456785,-0.000274914453115338,-0.00011489861849096894,8.665343119312885e-05,0.00304528809012794
1268,0.2733845060780781,41.04023355606283,0.039275643279454986,-1.3319917293076058,0.03907632322203318,-0.13131702342497004,61.84990803749757,0.27226603998349524,41.03491680973947,0.043915531595603276,-1.3395700451815373,0.038850237852295244,-0.1301925470938089,61.85938187330561,-0.0011184660945828817,-0.005316746323359212,0.00463988831614829,-0.00757831587393154,-0.00022608536973793558,0.0011244763311611394,0.009473835808037734
1269,0.2751353773221923,40.97429014900439,0.030170305804156278,-1.3057431875552328,0.03222195717708172,-0.14285761837308833,61.821504626178076,0.2788570869553476,40.96411830652135,0.03449737993943308,-1.3135313694256352,0.032337949252233766,-0.14203942214966514,61.82474671499387,0.0037217096331553234,-0.010171842483039484,0.004327074135276804,-0.007788181870402422,0.00011599207515204657,0.0008181962234231899,0.003242088815795796
1270,0.2764510477528426,40.909628311412106,0.021822978469424492,-1.2807276054234307,0.0248458069025716,-0.15218839260731643,61.79317498830777,0.2750981515901885,40.896700496854024,0.006323324090045983,-1.2867199995156835,0.02678517776977296,-0.1526601362518301,61.80097527456957,-0.0013528961626541047,-0.012927814558082673,-0.01549965437937851,-0.0059923940922528285,0.001939370867201362,-0.00047174364451366135,0.007800286261804956
1271,0.27784991495660394,40.846183854394724,0.03347836340425519,-1.2570241718713542,0.017234113047427956,-0.15227936159842934,61.76491950754405,0.2719215860224839,40.84013912921439,0.038553528851570054,-1.259552034879901,0.017399402847237955,-0.1515161249213209,61.775733333904796,-0.005928328934120042,-0.0060447251803310564,0.005075165447314865,-0.0025278630085467935,0.0001652897998099985,0.0007632366771084254,0.010813826360745793
1272,0.2790667851067106,40.78196294811377,0.01462615414105662,-1.3118217423587302,0.009369881141915339,-0.16228991462207532,61.740966923027706,0.2813663722220608,40.78277438931838,0.005893203212975869,-1.3091068813424873,0.0104939418675003,-0.1642878888075603,61.75349519027846,0.0022995871153501657,0.0008114412046040798,-0.008732950928080751,0.0027148610162428533,0.0011240607255849615,-0.001997974185484974,0.012528267250750957
1273,0.27977064299904275,40.716998355171796,0.012826875088651721,-1.2867525550392174,0.0012013685804365109,-0.16445058783707783,61.71265195062827,0.277311358759093,40.72047412323037,0.010981877557383174,-1.2819452070727022,0.0012485220388533946,-0.16470375738109716,61.72501468594412,-0.0024592842399497328,0.0034757680585713047,-0.0018449975312685475,0.004807347966515163,4.7153458416883745e-05,-0.0002531695440193271,0.012362735315846862
1274,0.2804555621756791,40.65325457298667,0.01386698470411683,-1.2629852907820263,-0.0070032385369142025,-0.1637336968569507,61.68441317020018,0.29075263446178273,40.64854466892147,0.011168335648694626,-1.25753579494159,-0.006865470742039026,-0.16344454177356116,61.70041537330284,0.010297072286103659,-0.004709904065201442,-0.002698649055422204,0.0054494958404363025,0.00013776779487517654,0.00028915508338953066,0.01600220310265854
1275,0.2808308146210322,40.58874299618292,0.0005423362241273322,-1.3174809836436376,-0.015275758824535907,-0.16716711464791753,61.660467497528636,0.28719602557140816,40.58316314579157,-0.007825169747947136,-1.314606654999409,-0.015812897487267996,-0.16542565122551145,61.66715835214384,0.006365210950375955,-0.005579850391349339,-0.008367505972074469,0.002874328644228541,-0.0005371386627320892,0.001741463422406081,0.006690854615200692
1276,0.28101628797580014,40.523506177603686,0.006170948971611363,-1.2919717533268382,-0.023481177700220946,-0.16104964037948405,61.63214156731381,0.273703223670802,40.51814254421872,0.009120705904532431,-1.3017254521104566,-0.021402833030010893,-0.16339255918022555,61.639731200085386,-0.007313064304998118,-0.005363633384966704,0.002949756932921068,-0.009753698783618425,0.0020783446702100535,-0.0023429188007415003,0.00758963277157676
1277,0.2810199992908245,40.45952733726664,-0.006712602309701818,-1.2671860625280735,-0.031520478051983256,-0.16052237369100844,61.60385224550177,0.276045248466359,40.46189492593587,-0.002401515480531865,-1.2711703673158086,-0.030567558309972043,-0.1595226956160175,61.60754040080857,-0.004974750824465524,0.0023675886692302583,0.004311086829169953,-0.003984304787735038,0.0009529197420112129,0.000999678074990934,0.003688155306797114
1278,0.28048063325750794,40.39675192449703,-0.015540735974184922,-1.2438304136973184,-0.03946214546638385,-0.15714432288501526,61.575649361685166,0.2756081207962319,40.39211483169463,-0.019273219850678563,-1.234406236536145,-0.039942372500102685,-0.15721705008084103,61.58027421362277,-0.004872512461276013,-0.004637092802404652,-0.0037324838764936415,0.009424177161173386,-0.000480227033718833,-7.272719582576692e-05,0.004624851937606422
1279,0.2795898186070755,40.33318191231759,-0.020651473671562528,-1.2989620696304292,-0.04718515205086338,-0.1517759404941658,61.551763483548015,0.2839530559638746,40.32547588680415,-0.028204081693721163,-1.302813841242715,-0.04786239858253216,-0.151608763559395,61.54979169862762,0.00436323735679911,-0.0077060255134426825,-0.007552608022158635,-0.0038517716122858925,-0.0006772465316687848,0.00016717693477077966,-0.0019717849203928495
1280,0.279001104550273,40.26885778171313,-0.003518447766343878,-1.2739738527755187,-0.05437284648065305,-0.13573183669742117,61.523476339194545,0.2837320431816466,40.253087143055765,-0.007401847798731283,-1.2788396552548964,-0.05249601379954294,-0.13516480697417793,61.52314778430448,0.004730938631373582,-0.015770638657365055,-0.003883400032387405,-0.004865802479377734,0.0018768326811101077,0.0005670297232432397,-0.00032855489006777816
1281,0.2787179390685385,40.20575913871216,-0.008368333592655073,-1.2499642121495738,-0.060910474343689555,-0.12577327782403916,61.49525567695322,0.28627446460613326,40.197004635138086,-0.00637067262788395,-1.2417563809301062,-0.059278527934927716,-0.12460827107284572,61.496682074523534,0.007556525537594783,-0.00875450357407459,0.0019976609647711233,0.008207831219467554,0.001631946408761839,0.001165006751193437,0.0014263975703130427
1282,0.2782402160880531,40.14189482224936,-0.011178743491273471,-1.3045960685856355,-0.06694618600038696,-0.1156551884438571,61.4713559134517,0.2919972052916489,40.14197794070041,-0.003168622511306767,-1.2845591456263337,-0.06639428462659636,-0.11658430851498704,61.468389555942544,0.013756989203595804,8.311845104458371e-05,0.008010120979966704,0.020036922959301817,0.0005519013737906031,-0.0009291200711299408,-0.002966357509158968
1283,0.2777271548901025,40.077275633299884,-0.009809816528540793,-1.2801593750286688,-0.07237744294083535,-0.10159508917407854,61.4431230322515,0.27871993133371425,40.07580542222561,-0.009667338636289087,-1.270360786311103,-0.07305486761173308,-0.0997917579829916,61.44278963291457,0.0009927764436117315,-0.0014702110742703667,0.00014247789225170678,0.009798588717565782,-0.0006774246708977222,0.0018033311910869432,-0.0003333993369309951
1284,0.27736046311389395,40.013862046601915,-0.005259854407419799,-1.2563700590932056,-0.07705755458488656,-0.0856093765879696,61.414929940865186,0.2724761824909349,40.01417144853123,0.00191229557117846,-1.26976872277233,-0.0757700275646167,-0.08641117644333882,61.40960010129787,-0.004884280622959036,0.00030940192931439015,0.007172149978598259,-0.013398663679124345,0.0012875270202698519,-0.0008017998553692118,-0.0053298395673166965
1285,0.2771239143658134,39.95163808663357,-0.004533126200605187,-1.2325747815092176,-0.08092169402542496,-0.06895620103356655,61.3867408886987,0.2700895512184637,39.93922061313506,-0.0008665617203232629,-1.2174325891161772,-0.08072441156700316,-0.06936207470910455,61.37580199190034,-0.0070343631473497314,-0.012417473498508969,0.0036665644802819242,0.015142192393040377,0.0001972824584217936,-0.0004058736755380016,-0.010938896798357689
1286,0.27696095271669297,39.888621871199874,-0.0022076810637846125,-1.2880576874829666,-0.08398842148582088,-0.05371289738227003,61.36290368418956,0.2843225331502319,39.88299890151345,-0.015175845440270043,-1.2818786846480041,-0.08293284681005231,-0.054346910895698486,61.35482528830744,0.007361580433538961,-0.005622969686420731,-0.01296816437648543,0.0061790028349624215,0.0010555746757685697,-0.0006340135134284552,-0.00807839588212289
1287,0.27702123038844834,39.824831980155416,0.0044264904001186,-1.2635240367088683,-0.08620886347511562,-0.03510478218951996,61.334683808877195,0.2680135736003629,39.825302095204805,0.0011826891940153253,-1.264254551479718,-0.08577274780296085,-0.035572170929604054,61.32681715691939,-0.00900765678808546,0.000470115049388653,-0.0032438012061032744,-0.0007305147708498438,0.0004361156721547771,-0.00046738874008409037,-0.007866651957805004
1288,0.2773672037746576,39.76224782105564,0.009302462107551333,-1.2398285783418928,-0.08748343218491124,-0.015877966202304736,61.306513974446524,0.2702033134619843,39.77319133172631,-0.0006380699962162664,-1.2456071552986212,-0.08796651944147404,-0.016975239210347704,61.29552417052741,-0.007163890312673338,0.01094351067067123,-0.0099405321037676,-0.005778576956728454,-0.0004830872565628058,-0.0010972730080429684,-0.010989803919116525
1289,0.27802524997742284,39.70082577920897,0.016991601733218266,-1.2170397576089504,-0.08778537172944907,0.0038003844207915548,61.278397848108405,0.2849811774274173,39.718303165782885,0.00825543820549039,-1.233947402088507,-0.0879871960294274,0.005172687639371775,61.263072376113854,0.006955927449994459,0.01747738657391551,-0.008736163527727875,-0.016907644479556616,-0.00020182429997832319,0.00137230321858022,-0.01532547199455081
1290,0.27897031445519693,39.63860800782248,0.020854150414153276,-1.2716563221853436,-0.0871838072723033,0.020262193865039618,61.254528545854406,0.28963750246329184,39.64653501434787,0.03625623463813918,-1.27874158593269,-0.08678610396036834,0.018695035694918857,61.234071338699295,0.010667188008094908,0.007927006525392244,0.015402084223985903,-0.007085263747346415,0.00039770331193494934,-0.0015671581701207603,-0.020457207155111234
1291,0.28006074166527767,39.575639046626335,0.022890155983296485,-1.2470896263730629,-0.08570020429404665,0.0390819252652263,61.22632542817133,0.27838470037409513,39.581264796740435,0.01457033181231442,-1.23983183167127,-0.08654568080314995,0.03877668394986869,61.20574443028375,-0.0016760412911825395,0.0056257501140990485,-0.008319824170982065,0.007257794701792886,-0.000845476509103299,-0.0003052413153576128,-0.020580997887577723
1292,0.28129710329656804,39.51192802168,0.026734373034810365,-1.3013371540633778,-0.08335141648012515,0.054869587291633826,61.20244453201187,0.2705603203864488,39.521298209316264,0.048148154446917585,-1.2915432769151394,-0.08269436313757828,0.05325772365716567,61.17319357242456,-0.010736782910119258,0.009370187636264404,0.02141378141210722,0.009793877148238428,0.0006570533425468705,-0.0016118636344681567,-0.0292509595873085
1293,0.28264161546838457,39.4474939089794,0.02731878456821689,-1.2760146751921904,-0.08017782695274782,0.07207399380345944,61.17421015031645,0.27624126451117786,39.45777000769978,0.05320788770584791,-1.261999655193414,-0.08176216831638383,0.07252393912228405,61.144878404518046,-0.006400350957206702,0.01027609872037516,0.02588910313763102,0.014015019998776301,-0.0015843413636360132,0.00044994531882461275,-0.0293317457984017
1294,0.2841024308151438,39.38429025920275,0.03145729551293166,-1.2521190181011206,-0.07615830346547625,0.08870694568740321,61.14605813388541,0.286166726034976,39.387328636058584,0.03242232159539414,-1.258880382140134,-0.07532459751458687,0.08774923410904653,61.10905016478176,0.0020642952198322018,0.0030383768558337465,0.0009650260824624821,-0.0067613640390133956,0.0008337059508893852,-0.000957711578356682,-0.03700796910364801
1295,0.28564061755355347,39.32227824896655,0.030481355888666357,-1.2283468593593414,-0.07135947895825988,0.10324603460125167,61.117917058407116,0.2758553947831496,39.32852059182653,0.053038587901787435,-1.242010422608793,-0.0699703802899534,0.10450222418779612,61.08491678179432,-0.00978522277040389,0.006242342859984262,0.022557232013121077,-0.013663563249451505,0.0013890986683064849,0.0012561895865444428,-0.03300027661279614
1296,0.2871465600539545,39.26143493324446,0.030224937305222424,-1.2053690954702623,-0.06588162093730326,0.11586828623701316,61.089823148283706,0.2848069958640139,39.26564330844696,0.02418581442372684,-1.2125019250532898,-0.06557125155541232,0.11656312793742607,61.05959485928607,-0.0023395641899405795,0.004208375202502168,-0.006039122881495582,-0.007132829583027522,0.0003103693818909403,0.0006948417004129098,-0.030228288997633967
1297,0.2886971946425985,39.199786099906014,0.03223708227027205,-1.260565484427868,-0.059850214833511335,0.12538795791466412,61.066012786510456,0.2821899983242986,39.19853793652515,0.03781093283576846,-1.2509040292833273,-0.05769831232337541,0.12720399688295125,61.037565614343436,-0.006507196318299935,-0.001248163380864753,0.005573850565496412,0.009661455144540643,0.0021519025101359238,0.001816038968287137,-0.028447172167020085
1298,0.2901986164647931,39.13734578792994,0.028376077561676108,-1.2370256768918413,-0.05336470440902439,0.13403245906481365,61.03789568974065,0.28631408351472554,39.133643379119576,0.0167919331717813,-1.2477954894826297,-0.05194116614009925,0.13455483697781712,61.00661817789537,-0.0038845329500675763,-0.003702408810362101,-0.011584144389894808,-0.010769812590788463,0.001423538268925141,0.0005223779130034689,-0.031277511845281936
1299,0.2913937703393744,39.07607926178549,0.020018827998888558,-1.2136123728638721,-0.04649165838661158,0.14088938183169877,61.00978894925959,0.2804034180111957,39.085597733592415,0.010166801657881069,-1.2250486980315458,-0.04694410256181891,0.14135651006060734,60.973823496682314,-0.010990352328178687,0.009518471806927664,-0.00985202634100749,-0.011436325167673678,-0.00045244417520733105,0.00046712822890856986,-0.03596545257727257
1300,0.2921906818795963,39.014033731295804,0.012377283183522905,-1.2681847524799537,-0.0393353665330232,0.14536229231183656,60.985953730158315,0.2843951151605685,39.021314715402134,0.019840340132535175,-1.2639650365051671,-0.038492460054247335,0.14433469954853398,60.949596173964956,-0.007795566719027813,0.007280984106330379,0.007463056949012271,0.004219715974786542,0.0008429064787758636,-0.0010275927633025816,-0.036357556193358676
1301,0.2925550006189287,38.9512304539158,0.002826069039316913,-1.2439186834942422,-0.03200270788050674,0.14794405378882156,60.9578065860238,0.2805788640106728,38.95639432327324,-0.0013609063915606314,-1.2498701188696923,-0.030730892483657346,0.14818196248323734,60.92024421329229,-0.011976136608255916,0.005163869357438955,-0.0041869754308775445,-0.005951435375450176,0.0012718153968493962,0.00023790869441578377,-0.03756237273150731
1302,0.2924081256861356,38.8896227427457,-0.00806470766250849,-1.220359381401488,-0.02459993221916233,0.148166972664955,60.929699560017475,0.2847910956042458,38.890657540313605,-0.026029026916811672,-1.2119315424305717,-0.026065043750072014,0.1483250408256938,60.89204922177841,-0.007617030081889797,0.0010347975679039223,-0.017964319254303182,0.008427838970916257,-0.0014651115309096858,0.00015806816073882235,-0.03765033823906805
1303,0.29178035399478264,38.827227770174225,-0.01650867607437939,-1.2754102844467545,-0.017215650088998898,0.1472043125415823,60.90589786751961,0.2869338919636402,38.81644542478125,0.005558544575368939,-1.2786530864096433,-0.019896384933123734,0.14672453349679698,60.86954696680466,-0.004846462031142418,-0.010782345392975401,0.02206722064974833,-0.0032428019628887306,-0.0026807348441248366,-0.00047977904478532785,-0.036350900714950285
1304,0.2905660286860231,38.764084797916425,-0.03143889755942881,-1.2502775104661281,-0.009934689664133838,0.14403410445302,60.87771338028421,0.2900659294869205,38.76237774939293,-0.02334887504201795,-1.259590996799251,-0.010050783175524547,0.14332032720397814,60.845227221445484,-0.0005000991991025994,-0.0017070485234924604,0.00809002251741086,-0.009313486333122789,-0.0001160935113907087,-0.0007137772490418692,-0.032486158838729295
1305,0.2889677378906667,38.70218180261253,-0.031872539236204346,-1.2258287343694252,-0.0027042872633894514,0.1451819915767555,60.849582289390675,0.29950242551130746,38.69848919879988,-0.030613229751686854,-1.2170308996015484,-0.002287218999628582,0.1454462555560656,60.82065095023816,0.010534687620640748,-0.003692603812652351,0.0012593094845174922,0.008797834767876767,0.0004170682637608695,0.0002642639793101198,-0.028931339152514113
1306,0.2878059576669378,38.64144448171678,-0.013969863784654733,-1.203669745499383,0.0047028900352590755,0.1511051003691856,60.82156829070146,0.28446536354445134,38.63603696986887,-0.007798754722288662,-1.193792908104962,0.003682563057902044,0.15035069761999814,60.794340847690364,-0.00334059412248644,-0.005407511847913327,0.006171109062366071,0.009876837394420912,-0.0010203269773570315,-0.0007544027491874494,-0.02722744301109259
1307,0.28702248749922704,38.57987440959326,-0.016826292682097326,-1.2591141748719792,0.012189676100902654,0.14836634225655757,60.797811346601854,0.28939506492246403,38.573661199921105,-0.0015028970604461407,-1.246886846440997,0.01064632469187421,0.149250159833426,60.774940547530775,0.002372577423236988,-0.0062132096721541075,0.015323395621651185,0.012227328430982176,-0.001543351409028445,0.0008838175768684231,-0.022870799071078807
1308,0.2860329799312976,38.517518460876175,-0.022129884882546483,-1.235104209032206,0.019472532368992258,0.1429479084670266,60.76971694015172,0.28621647139488027,38.5093054976124,-0.02836732079791354,-1.2369152460441604,0.020332397736092744,0.14338017620374574,60.746681421186686,0.00018349146358265234,-0.008212963263773077,-0.006237435915367056,-0.0018110370119543973,0.0008598653671004867,0.0004322677367191441,-0.023035518965031088
1309,0.2851731316311934,38.4563508990869,-0.011655657573851546,-1.211596133216898,0.02659414691445177,0.14191667335135388,60.741651189140995,0.28370810808885444,38.4594095949882,-0.023901380779789535,-1.221241289916039,0.027422365017899963,0.14092144891068523,60.72216289068525,-0.0014650235423389613,0.003058695901302144,-0.012245723205937989,-0.0096451566991409,0.0008282181034481931,-0.0009952244406686572,-0.019488298455748065
1310,0.2848416886928247,38.39634108920108,-0.0010046493341546638,-1.1887918024364432,0.0336097236250998,0.13870639507456733,60.71362979312312,0.2827348337706942,38.385636644325494,-0.01050739093405947,-1.212526828087645,0.03472844805174358,0.1396801814630544,60.6909445937934,-0.00210685492213053,-0.01070444487558575,-0.009502741599904807,-0.02373502565120167,0.0011187244266437774,0.0009737863884870523,-0.022685199329721684
1311,0.28493385433470586,38.33746254372212,0.005271398643548709,-1.1663427772932877,0.0404074521273069,0.1332027450137167,60.68563360278007,0.28391454768388696,38.33006327867147,0.014352479386156875,-1.1514680057841256,0.04095568836992314,0.13130069149813278,60.66331507796487,-0.0010193066508188964,-0.007399265050651138,0.009081080742608166,0.014874771509162166,0.0005482362426162402,-0.0019020535155839235,-0.02231852481520491
1312,0.2850210963092875,38.27771626641753,-0.001321227707503531,-1.2234807422394776,0.046758661251839945,0.12084561996760508,60.66198001929092,0.27940786260767253,38.27940136591342,-0.016686428969590626,-1.217044799043618,0.04511245308515166,0.12274918926295642,60.642007643664016,-0.005613233701614984,0.0016850994958943488,-0.015365201262087095,0.006435943195859606,-0.0016462081666882844,0.0019035692953513345,-0.01997237562690657
1313,0.2851104399336249,38.21711237904925,0.005392123972859445,-1.2006657708076485,0.05258826770748401,0.11233863825815768,60.63397422559132,0.2813911834196963,38.20777754315869,-0.0022126298594749363,-1.1977491216843374,0.05196834722234467,0.11073530146424451,60.614679220303664,-0.0037192565139285705,-0.009334835890555837,-0.007604753832334382,0.0029166491233110214,-0.0006199204851393414,-0.0016033367939131682,-0.0192950052876526
1314,0.28545735564997743,38.15570665847279,0.008875207534614404,-1.255549593444077,0.057981162911626354,0.10337716990753612,60.610214783336396,0.2894590155937708,38.1496715921406,0.002742553946060621,-1.2510239226998048,0.059421660267581,0.10373657895887439,60.588058943080455,0.0040016599437933675,-0.006035066332188421,-0.006132653588553784,0.004525670744272237,0.0014404973559546466,0.00035940905133827195,-0.022155840255940973
1315,0.2858820215922097,38.09354555561509,0.008527412811001963,-1.2308806703155688,0.06282838654552345,0.09051177544834736,60.582118610596616,0.2904867259612474,38.095589444146626,0.0009105510598766612,-1.2319134811655368,0.06315795601842389,0.08993924261878476,60.565577281411485,0.004604704369037704,0.0020438885315385846,-0.007616861751125302,-0.00103281084996798,0.0003295694729004428,-0.0005725328295625998,-0.01654132918513085
1316,0.2863380174711489,38.03259551953057,0.010070132555109215,-1.2071068394666766,0.06700775752369295,0.07666306367843306,60.55407555238773,0.2830626152325359,38.02265153845391,0.014948577900330853,-1.2107018336038928,0.06514720939616003,0.07799004919723784,60.536966353161645,-0.003275402238613001,-0.009943981076659725,0.004878445345221638,-0.003594994137216201,-0.0018605481275329183,0.0013269855188047797,-0.017109199226084115
1317,0.2868234049194345,37.97280920892359,0.009642426662198547,-1.184332102037797,0.07048210305248272,0.06231075747315753,60.526091365897145,0.2828971160834538,37.96572204490962,0.021499391400937484,-1.2045337069113833,0.06992523111459104,0.06259087855011332,60.50776490366151,-0.003926288835980674,-0.007087164013974245,0.011856964738738937,-0.020201604873586243,-0.0005568719378916814,0.0002801210769557902,-0.018326462235634722
1318,0.28724891779260786,37.91415486198566,0.007610909337694352,-1.1618275235161204,0.07320560154995032,0.046629182425546395,60.4981259849426,0.2885658202188662,37.91084524758325,-0.0030258751081339436,-1.1461827683836268,0.07211183303624358,0.04753143763289055,60.47950735261504,0.001316902426258315,-0.0033096144024113983,-0.010636784445828296,0.015644755132493637,-0.0010937685137067388,0.0009022552073441534,-0.018618632327559226
1319,0.28758833550558943,37.85464214130662,0.006109693594864848,-1.2186657516789992,0.07519656030281788,0.03300916768915612,60.47449228026883,0.2911157779986562,37.863264888001105,0.015061967311037941,-1.2121715099953467,0.07635873083236477,0.03244235794604325,60.45772837017037,0.003527442493066746,0.008622746694484817,0.008952273716173093,0.006494241683652424,0.0011621705295468965,-0.0005668097431128713,-0.01676391009845446
1320,0.2877951273037941,37.794283401982554,0.002266340892445679,-1.1956697696455947,0.07641320250272185,0.015656520307002972,60.44650920971585,0.2857411133278866,37.801873047899875,-0.017098451315185927,-1.179639918514246,0.07640321097810876,0.014558254781519996,60.429115831775874,-0.002054013975907487,0.007589645917320809,-0.019364792207631605,0.016029851131348583,-9.991524613089942e-06,-0.0010982655254829759,-0.01739337793997464
1321,0.2878638414836059,37.73311679427505,0.000513006952133402,-1.250979323342205,0.07683498886757713,0.0012149342872080932,60.42280036457596,0.2924592720930831,37.72493811845899,-0.005264471154753788,-1.2515644228699196,0.07747618531312295,0.00021154331932717813,60.40391635902424,0.004595430609477202,-0.008178675816061798,-0.005777478106887189,-0.0005850995277145721,0.0006411964455458191,-0.001003390967880915,-0.01888400555172609
1322,0.28780449410463277,37.671195424754075,-0.002918742362589629,-1.2258626262788257,0.07646198030659432,-0.01613527672652039,60.39471178662635,0.29858309607439437,37.66666339366402,0.002127387087817536,-1.2236897024438764,0.07656865810539859,-0.015907640453712124,60.375223561600684,0.010778601969761603,-0.004532031090057842,0.005046129450407165,0.0021729238349492697,0.0001066777988042722,0.00022763627280826537,-0.01948822502566827
1323,0.2875785359995749,37.610496277278315,-0.0062248091003961874,-1.2020907979644477,0.0752327095531095,-0.033035553412872364,60.36670100746415,0.29213971149312035,37.61543949909894,-0.012043242045982762,-1.2288463604446402,0.07506104124695279,-0.03394939473015174,60.34466306622523,0.004561175493545455,0.004943221820624899,-0.0058184329455865744,-0.026755562480192507,-0.00017166830615671091,-0.000913841317279375,-0.022037941238920666
1324,0.2872405305040207,37.550993095901916,-0.0074715350629002975,-1.178024066957638,0.07317625118342955,-0.04922278137432575,60.33867872746323,0.2877499931599339,37.54607056248467,-0.02109403331510261,-1.1862359304195857,0.07271941079139488,-0.04889871813486764,60.318687581657095,0.0005094626559131732,-0.004922533417243358,-0.013622498252202311,-0.008211863461947688,-0.00045684039203466864,0.0003240632394581125,-0.019991145806137922
1325,0.286829328403964,37.49264170270782,-0.009218975644310533,-1.1560190031492414,0.07033499012233835,-0.0644276610693224,60.31077326742969,0.283500380918237,37.50433928629894,-0.004531001416603394,-1.1569498440715018,0.07076153805241114,-0.06199698781263708,60.28733931257911,-0.0033289474857270407,0.01169758359112194,0.004687974227707139,-0.0009308409222603675,0.0004265479300727959,0.002430673256685327,-0.02343395485058153
1326,0.2863577901448956,37.4334391905186,-0.00989790513234811,-1.212067150689027,0.06680579130395356,-0.07674029166606919,60.28712412155164,0.28726267464687716,37.442774322120705,0.0028657464577976,-1.2230775466638655,0.06532349141029892,-0.07519676857430535,60.26339472992978,0.0009048845019815621,0.009335131602107083,0.012763651590145711,-0.011010395974838438,-0.0014822998936546428,0.0015435230917638376,-0.02372939162186327
1327,0.2858783687916804,37.373434305814136,-0.009635218055938356,-1.1881141763973235,0.06264878302766168,-0.08954003938560634,60.25912234887873,0.28059619357680127,37.3734300619428,-0.03733465404225668,-1.1904228101795873,0.059823685013053574,-0.08825445461041957,60.237209340768466,-0.005282175214879115,-4.2438713379056026e-06,-0.027699435986318324,-0.002308633782263758,-0.0028250980146081045,0.0012855847751867683,-0.02191300811026764
1328,0.2855789114167312,37.3145874503439,-0.0027500363530050783,-1.1657436473151421,0.05790275193798273,-0.10030120420155167,60.23121027327664,0.2775862490933121,37.307480743815894,0.02407155986595582,-1.1576899230111066,0.05771289675368685,-0.1008406061568024,60.21099500548533,-0.007992662323419109,-0.007106706528006157,0.026821596218960898,0.008053724304035503,-0.00018985518429587983,-0.0005394019552507345,-0.020215267791307667
1329,0.2855416847290635,37.2549037929117,0.0008817145531847489,-1.2215856348696377,0.052671124782802316,-0.10896388200566476,60.207561570052604,0.28178732935347317,37.25617981748694,0.0091710298609581,-1.2285855745283547,0.053548209975710304,-0.10748449617698119,60.19016126225146,-0.0037543553755903236,0.001276024575240342,0.008289315307773352,-0.006999939658717036,0.0008770851929079879,0.001479385828683566,-0.017400307801146653
1330,0.28569901033002004,37.19443481994354,0.004924719959478451,-1.197156813062283,0.0470016466416116,-0.11781524364196379,60.17954744612751,0.2842379604535363,37.198748124000744,0.0055492640415155895,-1.2074749212755407,0.045786415308772366,-0.11767706685704543,60.15790728368985,-0.0014610498764837665,0.004313304057205869,0.0006245440820371387,-0.010318108213257737,-0.0012152313328392325,0.00013817678491835628,-0.021640162437655874
1331,0.28621388937143866,37.13516081239191,0.015150191337935631,-1.1737834650475039,0.040952726836723574,-0.1241415485535573,60.15159327939492,0.2830712065946207,37.13056686487613,0.016203974238182928,-1.190736180965552,0.041106737164566365,-0.12454788949607717,60.13306585306597,-0.003142682776817951,-0.004593947515779462,0.0010537829002472965,-0.016952715918048034,0.00015401032784279067,-0.00040634094251987274,-0.018527426328951435
1332,0.28724790351779933,37.07703605230018,0.025667033539547104,-1.15118603576729,0.03462450621546338,-0.12898727629685022,60.12368527767695,0.28441561893564826,37.08323191769989,0.012600852206878732,-1.1354614615748038,0.0339699714118149,-0.12888287560128908,60.10688474703519,-0.002832284582151068,0.006195865399710954,-0.013066181332668372,0.015724574192486296,-0.0006545348036484794,0.00010440069556114095,-0.016800530641759792
1333,0.2887684351751854,37.018059583649396,0.034683209346140165,-1.2078489888497739,0.028120298662991098,-0.13118102580204116,60.10009296704725,0.2924520145916504,37.01640613831612,0.02813523498496935,-1.235354167427719,0.02797959862502264,-0.13188075834971366,60.087569837546425,0.003683579416464966,-0.0016534453332752719,-0.0065479743611708136,-0.02750517857794521,-0.00014070003796845879,-0.0006997325476724991,-0.012523129500827679
1334,0.29033560644468037,36.95829146151716,0.027423313516808455,-1.1828708953313167,0.021361479936481655,-0.13917172325833657,60.07206533237851,0.2921180133291606,36.95654151402356,0.030092287618154523,-1.1854698649662962,0.022267714936608396,-0.13856070975972995,60.06397554149884,0.0017824068844802254,-0.0017499474936002457,0.002668974101346068,-0.00259896963497952,0.0009062350001267407,0.0006110134986066218,-0.00808979087966577
1335,0.2915814937899774,36.899711767151814,0.021804804042048265,-1.1603110215337598,0.014249479371953915,-0.14530829932277303,60.0441742280565,0.30070580516560086,36.89433410062328,0.012991483063071038,-1.149746241777886,0.014635700306419253,-0.14594321411779487,60.032460885215414,0.009124311375623473,-0.005377666528531222,-0.008813320978977227,0.010564779755873666,0.00038622093446533806,-0.0006349147950218403,-0.01171334284108383
1336,0.29261906646073615,36.84030061729125,0.019166662291474398,-1.216123915808613,0.006906496883170775,-0.14841100022855255,60.02055114040535,0.2953532269052296,36.830367373740316,0.02510722204283627,-1.2179128006276936,0.008600835201936441,-0.14751149288308785,60.01578175917256,0.0027341604444934275,-0.009933243550932502,0.0059405597513618735,-0.0017888848190805717,0.0016943383187656659,0.0008995073454647062,-0.004769381232790693
1337,0.2935439020948283,36.78010325457989,0.01718664945682923,-1.1917611163284332,-0.0005597686726649337,-0.15023962200487584,59.99257337473412,0.29564328792779115,36.77620976468735,0.0037675977372000798,-1.1945059485723604,0.0016666596834014058,-0.1495559390809259,59.99368442729369,0.0020993858329628745,-0.003893489892540458,-0.01341905171962915,-0.0027448322439271866,0.0022264283560663395,0.0006836829239499354,0.0011110525595654508
1338,0.2943880725503632,36.721096443761425,0.01593817797409699,-1.1684995950708883,-0.008061350629867316,-0.14982365628321942,59.96466015308914,0.30110262813582406,36.726429735371134,0.02934692105946768,-1.1668392634659408,-0.007126429376244747,-0.150147844068757,59.96511525161986,0.006714555585460857,0.005333291609709079,0.01340874308537069,0.0016603316049474959,0.0009349212536225691,-0.000324187785537583,0.00045509853071479256
1339,0.29484204708360273,36.663212994427575,0.001575440923348442,-1.146845917686366,-0.015656065862901265,-0.15396495303813854,59.936824400344136,0.28740520329094166,36.66706854267743,0.007552139753824857,-1.16114565210875,-0.016562594319579294,-0.15500378345023072,59.93917130858083,-0.007436843792661074,0.0038555482498523475,0.005976698830476415,-0.01429973442238408,-0.0009065284566780289,-0.0010388304120921843,0.0023469082366958105
1340,0.2946264123491072,36.60640904874658,-0.01085922078902191,-1.1253149620784964,-0.023381266119210695,-0.15504305721423872,59.90900540726287,0.2918317896255024,36.610507856466135,-0.010365046372501413,-1.1083326445962558,-0.022534814705498896,-0.15540964192086415,59.91654272444906,-0.0027946227236048116,0.00409880771955784,0.0004941744165204969,0.01698231748224055,0.000846451413711799,-0.00036658470662542797,0.007537317186191217
1341,0.29441576608605685,36.54870994003417,0.0018813165187804085,-1.1826281191332344,-0.030965098684412735,-0.1483102453938429,59.8854819606409,0.30685959102547256,36.55362854517704,0.014818101301856368,-1.1834738456149936,-0.031553911295633785,-0.14773315451416333,59.8916375363084,0.012443824939415704,0.004918605142869126,0.01293678478307596,-0.0008457264817591792,-0.0005888126112210505,0.0005770908796795815,0.006155575667499136
1342,0.2942928367889847,36.490150037630194,-0.007425509055134196,-1.1597661145238736,-0.03829584318107829,-0.14491953447277925,59.85760441825442,0.2991573346476719,36.495279783320406,-0.0008836719470396905,-1.1617426905509198,-0.03760254268873675,-0.14569770425629794,59.85729687857145,0.0048644978586872,0.005129745690211962,0.006541837108094506,-0.001976576027046262,0.0006933004923415365,-0.0007781697835186896,-0.0003075396829714805
1343,0.2937268062780412,36.432707185725185,-0.015822508737223927,-1.1379444029193173,-0.04540943153547981,-0.13962399970328193,59.82978871330948,0.2924828716774652,36.43135802427634,-0.019057465728305273,-1.1527399219733823,-0.04542038995454245,-0.13788250959597323,59.82962813032004,-0.0012439346005760354,-0.001349161448843006,-0.003234956991081346,-0.014795519054064954,-1.095841906263717e-05,0.001741490107308702,-0.0001605829894444355
1344,0.29280609058905344,36.374427575428285,-0.021499751649181113,-1.1932307005441414,-0.052227161351091664,-0.13308519292119209,59.80616728498166,0.295807711839537,36.37507080453641,-0.011466387266189629,-1.192935886211573,-0.052894375995298226,-0.1324447630359702,59.80570540089903,0.003001621250483588,0.000643229108128196,0.010033364382991483,0.0002948143325682828,-0.0006672146442065624,0.0006404298852218937,-0.00046188408263247993
1345,0.2916871030113825,36.31535502966373,-0.02380800139968236,-1.1696618063057298,-0.05863314615664576,-0.12315419930097186,59.778269339793106,0.29412239870785356,36.31072593900859,-0.046359647986179905,-1.1638210395040882,-0.058269113312958254,-0.12237739530743655,59.78238556923833,0.0024352956964710515,-0.004629090655136281,-0.022551646586497547,0.005840766801641584,0.000364032843687509,0.000776803993535316,0.004116229445223496
1346,0.2908994933425367,36.25742034808528,-0.00818281437727876,-1.1476975964268958,-0.06432302748826153,-0.10444105396365881,59.75045100788254,0.2926111917115038,36.25854342635452,-0.011066138938005104,-1.146276784411502,-0.06517127739685602,-0.10525506675695527,59.752132036589636,0.0017116983689671184,0.0011230782692379648,-0.0028833245607263434,0.0014208120153937909,-0.0008482499085944867,-0.0008140127932964591,0.0016810287070967433
1347,0.2905203168916621,36.198650677494925,-0.007342262714524457,-1.203074825303485,-0.06926104889461894,-0.09307980229063735,59.726847969559714,0.2924801772884193,36.201782014162085,-0.00663140646613425,-1.212554801721815,-0.07010471746910696,-0.09258293810762652,59.730081743529055,0.001959860396757218,0.003131336667159701,0.000710856248390207,-0.009479976418329983,-0.0008436685744880185,0.0004968641830108284,0.003233773969341769
1348,0.2901036235811117,36.13911542020383,-0.009692618456534852,-1.1783220417857003,-0.07354437405911608,-0.07825320428924858,59.6989005807134,0.29536166439394423,36.141958112560225,-0.010216456565799692,-1.1504834891995113,-0.07336953041749794,-0.07883440123501805,59.70146520214354,0.005258040812832543,0.0028426923563955597,-0.0005238381092648407,0.027838552586189058,0.00017484364161814148,-0.0005811969457694688,0.0025646214301389136
1349,0.28964466116859594,36.080741374872446,-0.008966468037276546,-1.1566262112461705,-0.07706704541438682,-0.06265364992158091,59.671123366998955,0.28044613347399,36.085211509590245,0.0006134934126025941,-1.1495702797282188,-0.07584684876183445,-0.06270948454395589,59.67066911250798,-0.00919852769460594,0.004470134717799112,0.00957996144987914,0.007055931517951697,0.001220196652552366,-5.5834622374975607e-05,-0.00045425449097535875
1350,0.28921728613792613,36.02345192544317,-0.008361342456379935,-1.1349383154671526,-0.07979532195459933,-0.04647741168691975,59.643350908242354,0.2935197485445651,36.027472949987995,0.005744100151729806,-1.1224459185397146,-0.07925791992646758,-0.04773804409632366,59.64007871683639,0.004302462406638952,0.004021024544826446,0.01410544260810974,0.012492396927437976,0.0005374020281317532,-0.0012606324094039043,-0.0032721914059621326
1351,0.28885988681680164,35.96529929888752,-0.006076955796627215,-1.1911515214649646,-0.08175854918889992,-0.03205167768510409,59.6198087104603,0.28824685307344905,35.97452050682098,-0.02802631195875485,-1.1910062542614115,-0.08076464971115449,-0.0316326955290537,59.61155262430739,-0.0006130337433525868,0.009221207933457265,-0.021949356162127637,0.00014526720355312328,0.000993899477745433,0.00041898215605039313,-0.00825608615290463
1352,0.2886090465050473,35.90633784418164,-0.004056548642566668,-1.167293169697158,-0.08292287413889358,-0.014521320314642351,59.591928168373784,0.28861435672553354,35.90419041454445,0.008032140495233018,-1.1877992872514749,-0.08220190449732234,-0.014642844614214306,59.582416877753914,5.3102204862209845e-06,-0.002147429637190612,0.012088689137799686,-0.02050611755431686,0.0007209696415712424,-0.00012152429957195537,-0.009511290619869328
1353,0.2884466008920697,35.84856670045821,-0.0024656792629232692,-1.1435392900921322,-0.08320776896650584,0.003125527210152499,59.56405759683202,0.29201082024799707,35.851268682015224,0.008130552278164623,-1.1357906855875368,-0.0844545015292697,0.0018012314294704645,59.554055649419844,0.0035642193559273783,0.0027019815570170636,0.01059623154108789,0.007748604504595358,-0.0012467325627638637,-0.0013242957806820345,-0.01000194741217797
1354,0.2884179163471238,35.7900014642152,0.0013568743780701482,-1.1990555145884496,-0.08266759628346237,0.018481380111585812,59.54048921692485,0.29638760106153983,35.79630876110901,0.016284537682064757,-1.1869964776623598,-0.08272035489094298,0.01835735112405468,59.529603473656536,0.007969684714416003,0.0063072968938087115,0.014927663303994608,0.012059036926089783,-5.2758607480607456e-05,-0.0001240289875311315,-0.010885743268310932
1355,0.288571163063047,35.73064415700192,0.004888839571254535,-1.1752239684429215,-0.08130810258667417,0.03589836775994234,59.512624197070394,0.30213321543184957,35.73953746348137,-0.003631664937128465,-1.1613654731275576,-0.08138275681394402,0.03296047172890487,59.49699532946758,0.01356205236880259,0.008893306479450303,-0.008520504508383,0.013858495315363983,-7.465422726984916e-05,-0.0029378960310374666,-0.01562886760281401
1356,0.28884711028400156,35.67244718333272,0.0063384695413092485,-1.1526422229226827,-0.07909117220103987,0.05277884766543023,59.48483125023336,0.2989328804434275,35.68061366140468,0.004137986794245497,-1.1527038869937405,-0.07885598642681968,0.052691447505232684,59.46695649315991,0.01008577015942591,0.008166478071956362,-0.0022004827470637513,-6.16640710577876e-05,0.00023518577422018683,-8.74001601975441e-05,-0.017874757073450098
1357,0.2891561148698361,35.61536953738115,0.006280977760274908,-1.1304504029177718,-0.07605554719993836,0.06864615237863028,59.45706381145547,0.2890611767147649,35.60182531674178,0.0006731345714609208,-1.1157371602755743,-0.07783165825123284,0.0693857440651274,59.44238329354823,-9.49381550712225e-05,-0.013544220639367666,-0.005607843188813987,0.014713242642197422,-0.0017761110512944794,0.0007395916864971208,-0.014680517907237345
1358,0.28947748154358444,35.55744244422935,0.006845626658261137,-1.1866188477384472,-0.07229683776521081,0.08170222501047142,59.43354661372638,0.29281267209944584,35.547879223625735,0.0159610052775786,-1.1881701766647057,-0.07167955017755379,0.07993531133858049,59.416881164466716,0.0033351905558614003,-0.00956322060361714,0.009115378619317462,-0.0015513289262585328,0.0006172875876570283,-0.0017669136718909267,-0.01666544925966207
1359,0.28986463277727564,35.4987138982286,0.009018729105958715,-1.1625080624508144,-0.0678764963309215,0.0951114323611009,59.4056846472411,0.29253603401483497,35.505892947685055,0.013951103315863671,-1.1641397280730068,-0.06881650159905295,0.09463320442236443,59.39420119050788,0.0026714012375593232,0.007179049456453868,0.004932374209904956,-0.001631665622192413,-0.0009400052681314414,-0.0004782279387364613,-0.011483456733223818
1360,0.29024688483330197,35.44116202764363,0.006704628727307198,-1.1395514165058707,-0.06281198321658611,0.1074690922123149,59.37788944562999,0.2781431799315411,35.43356400018729,0.013532048475094144,-1.1362500408121248,-0.06328878623058287,0.10918231253249673,59.365049828312976,-0.012103704901760881,-0.007598027456339196,0.0068274197477869464,0.0033013756937458894,-0.00047680301399675995,0.001713220320181827,-0.012839617317013108
1361,0.29049960629769495,35.38472422629761,0.0038854906133637315,-1.11794331164019,-0.0571756341001442,0.11798487244536163,59.35017092287536,0.2871654741826111,35.391188987866634,-0.005027837823949513,-1.1159189497568476,-0.05786853606788078,0.11837210488612272,59.335439308471685,-0.003334132115083821,0.006464761569027644,-0.008913328437313245,0.0020243618833424293,-0.0006929019677365811,0.00038723244076109553,-0.01473161440367221
1362,0.29057644702144053,35.327426244370194,-0.0003710583652895942,-1.1739563811078102,-0.05108933988366528,0.12546689621379523,59.326659387360806,0.28722589641295937,35.3338923503489,0.01795457669209901,-1.1669908269154605,-0.051434794245617255,0.12610702586125627,59.3143884590339,-0.003350550608481162,0.006466105978702785,0.018325635057388604,0.006965554192349677,-0.0003454543619519773,0.0006401296474610463,-0.012270928326906017
1363,0.2903686677812393,35.26930841667168,-0.007388235046223917,-1.1507352067737329,-0.044648344686678214,0.1321729116656874,59.2988610755756,0.28478197913476705,35.27519835932448,0.004394728920063382,-1.1407484445549487,-0.04380249973917927,0.13313441141963817,59.28199686174908,-0.005586688646472271,0.005889942652800073,0.011782963966287299,0.00998676221878414,0.0008458449474989457,0.0009614997539507675,-0.0168642138265227
1364,0.28982060999465875,35.21231850309808,-0.013959062323383842,-1.1288365941755136,-0.03793121257130626,0.1365123729491909,59.27113625398722,0.28446470214211694,35.21325660677356,-0.01528454470197199,-1.135607377982164,-0.0376656209255577,0.13530748428674783,59.256997884595165,-0.005355907852541808,0.0009381036754803063,-0.001325482378588148,-0.006770783806650416,0.0002655916457485613,-0.0012048886624430877,-0.01413836939205737
1365,0.28885553125527896,35.15641801430677,-0.02405498027971488,-1.1071566437506604,-0.031042662438649594,0.1390296323570757,59.243426341986165,0.2926530990271668,35.16241121184515,-0.02252299326069268,-1.111225362876155,-0.031828503731178515,0.13822403884146503,59.22903726505034,0.003797567771887833,0.005993197538380457,0.001531987019022199,-0.004068719125494669,-0.0007858412925289202,-0.0008055935156106586,-0.014389076935827916
1366,0.28740752884862436,35.09965646413877,-0.03335982146925607,-1.1632784670237177,-0.024076047430628866,0.1396349679637534,59.21993077856118,0.27721527334697793,35.097069937928936,-0.02173078057910406,-1.1604498097338243,-0.023823365596918222,0.14004315631898107,59.20965419554328,-0.01019225550164643,-0.0025865262098321296,0.011629040890152008,0.0028286572898934548,0.0002526818337106433,0.0004081883552276566,-0.010276583017898133
1367,0.28535543434265326,35.042066144174626,-0.04813007051878304,-1.140303848084999,-0.01713746922385797,0.13790816030708242,59.192155622713145,0.28152749748539113,35.048767580542716,-0.029235001719001064,-1.1366313167501416,-0.01824874200993154,0.137066328849127,59.176969405361056,-0.0038279368572621264,0.00670143636808973,0.018895068799781978,0.003672531334857343,-0.0011112727860735708,-0.0008418314579554109,-0.01518621735208825
1368,0.28305918922194073,34.985601120542505,-0.04312407063922715,-1.1182866275137884,-0.010148583304160035,0.141647276480835,59.1644479695344,0.2819080039453377,34.99021162491645,-0.047336424682011616,-1.087750196690091,-0.009153002103300167,0.14113363983958194,59.15148843312687,-0.0011511852766030173,0.0046105043739430585,-0.004212354042784465,0.03053643082369728,0.0009955812008598675,-0.0005136366412530624,-0.01295953640752856
1369,0.2813106819355322,34.9282599225139,-0.02629598020081791,-1.1753638607588335,-0.002894925144029942,0.1484990499243687,59.14100988701168,0.2787490451465075,34.92621473916984,-0.03103188065163174,-1.170021420928451,-0.003275198015939118,0.14830976356995412,59.12793642920718,-0.0025616367890247127,-0.0020451833440588985,-0.0047359004508138285,0.005342439830382517,-0.000380272871909176,-0.00018928635441456398,-0.013073457804495092
1370,0.2803825239075078,34.870081586238456,-0.0101814812123639,-1.151776637920324,0.004684900778527487,0.15469398697792847,59.11321387238228,0.2761322024647714,34.862382469177014,-0.012872566116137405,-1.1457187364861923,0.004028502659366051,0.15426405493157244,59.099511027720006,-0.0042503214427364044,-0.007699117061441996,-0.0026910849037735055,0.006057901434131763,-0.0006563981191614358,-0.0004299320463560241,-0.013702844662276448
1371,0.2797676840803051,34.81305874991608,-0.013757765866652664,-1.129118539424287,0.012336994392595797,0.15138975758480389,59.08548506276879,0.2821037062229998,34.81330369139037,-0.007122318649802766,-1.1236557058969727,0.012044764529441476,0.1511713693439449,59.07337374332263,0.0023360221426946826,0.0002449414742855538,0.006635447216849898,0.005462833527314359,-0.00029222986315432034,-0.00021838824085898545,-0.012111319446162838
1372,0.2789054419197157,34.757141716137525,-0.020098330044147378,-1.1075417923969102,0.01976277541824514,0.14564148344116984,59.057817782661786,0.2779006860735757,34.754313083368885,-0.04678583234766517,-1.10841963822542,0.01579663520613206,0.14427821316428222,59.04222300018821,-0.0010047558461400152,-0.0028286327686402046,-0.02668750230351779,-0.0008778458285096935,-0.0039661402121130805,-0.0013632702768876237,-0.015594782473577595
1373,0.27821260306345014,34.70228279310239,-0.006993977766487939,-1.0868176967241288,0.02705600098996877,0.14608753942777547,59.03019390113477,0.27548147562228403,34.709784485277574,-0.0004045675584500863,-1.0975840662607217,0.026579016458734728,0.1460176270932882,59.0146152566933,-0.0027311274411661035,0.007501692175182484,0.006589410208037853,-0.010766369536592935,-0.0004769845312340426,-6.991233448727652e-05,-0.01557864444147583
1374,0.27763957736775907,34.64653421540489,-0.015414143247748287,-1.143100832894913,0.034145378568766586,0.1374875637241372,59.00674051479957,0.27053141128733327,34.64239522812923,-0.008826899447023095,-1.149033172677044,0.03406441651160108,0.1376187046377596,58.9880287490853,-0.007108166080425804,-0.004138987275659645,0.006587243800725192,-0.005932339782130924,-8.096205716550536e-05,0.00013114091362240177,-0.018711765714265027
1375,0.2772032745628688,34.589954073159845,-0.0014663398173695094,-1.1200985151150584,0.040889530552215926,0.13227851561383638,58.9790102980386,0.27515851220586035,34.58163796677552,0.013121203404947518,-1.1000438267074963,0.03950239739949524,0.13304344030125353,58.96099797502914,-0.002044762357008456,-0.008316106384327782,0.014587543222317027,0.020054688407562082,-0.001387133152720689,0.0007649246874171511,-0.018012323009465092
1376,0.27694448451855236,34.532545631301154,-0.008426372002195225,-1.176212997968002,0.047206606080159065,0.1204045055038892,58.95555328992035,0.28692578675395936,34.52044611281894,-0.012526748512800983,-1.165164993329903,0.04755893152401436,0.12053127136446182,58.93568205235225,0.009981302235406997,-0.012099518482216354,-0.004100376510605758,0.011048004638098963,0.00035232544385529335,0.00012676586057261408,-0.01987123756810405
1377,0.2766729579447567,34.474334017769614,-0.0019401089028264814,-1.1522408834721234,0.05299701777747882,0.11121196238890102,58.92778205782898,0.27986157294791025,34.47160616460304,-0.011114325314810413,-1.1529771075280688,0.0534431487192073,0.1101754274998499,58.908393806121396,0.0031886150031535387,-0.0027278531665757555,-0.009174216411983932,-0.0007362240559454225,0.00044613094172848283,-0.0010365348890511161,-0.01938825170758207
1378,0.2765953261901704,34.41730686982904,-0.000712361670655126,-1.1288328716684655,0.05828595177577281,0.10034539754285864,58.90004586122449,0.28444510373346504,34.41665630939678,0.022440132057783804,-1.1272492952672075,0.058456495975277356,0.09922308529811764,58.882579740966236,0.007849777543294634,-0.0006505604322626368,0.02315249372843893,0.0015835764012579467,0.00017054419950454647,-0.0011223122447409917,-0.017466120258255557
1379,0.2765797588885849,34.36141925147349,0.000491533825191047,-1.1066584514443807,0.06299324609375027,0.08794637517623986,58.87238065156611,0.2815132759111506,34.354312722740254,0.014525302428859736,-1.1085262619037022,0.06475075336584535,0.08790049294106589,58.85389597505233,0.0049335170225657254,-0.007106528733238804,0.01403376860366869,-0.001867810459321495,0.001757507272095074,-4.5882235173974606e-05,-0.018484676513779164
1380,0.27653698496479884,34.30661802627872,-0.0018577551489996366,-1.08537563090259,0.06703709339847962,0.07380751701293362,58.84476760184443,0.28311578683203287,34.29644998114579,0.011651434193666139,-1.0929748961848738,0.06667354464078334,0.07364187061502812,58.82701492834411,0.00657880186723403,-0.010168045132928683,0.013509189342665776,-0.007599265282283829,-0.00036354875769627204,-0.00016564639790549174,-0.017752673500318394
1381,0.2764897072166663,34.25094748015218,0.00021083627890353964,-1.141430771885796,0.07041831241975882,0.06144124383823473,58.82133349606858,0.2743380980104624,34.251130499633526,0.0010293927274782032,-1.1322779414910689,0.0703462727668307,0.058939396031852435,58.804120794810856,-0.0021516092062039416,0.00018301948134791246,0.0008185564485746635,0.00915283039472703,-7.20396529281242e-05,-0.0025018478063822958,-0.017212701257726337
1382,0.276438183560881,34.19444040903588,-0.002042366223593605,-1.1188377809138714,0.07310259305255969,0.04592998147380003,58.79365944892814,0.26991209662152194,34.19663624755329,0.001957250996078888,-1.135624562838502,0.07117904192724112,0.04488900856233886,58.76735264763923,-0.006526086939359077,0.0021958385174158934,0.0039996172196724925,-0.016786781924630567,-0.0019235511253185705,-0.0010409729114611715,-0.02630680128891072
1383,0.27639451628596434,34.139067651227755,0.00045801348986163233,-1.0960587970498383,0.0750085907840468,0.030309927785684664,58.76597984228887,0.2940390716459071,34.13956047429084,0.001792748358141472,-1.0758771942290422,0.07537825957064115,0.029741450582736313,58.745200856517,0.01764455535994275,0.000492823063083847,0.0013347348682798397,0.020181602820796174,0.00036966878659434876,-0.0005684772029483504,-0.02077898577186943
1384,0.2764041471921214,34.08284782509778,1.1199381077434025e-05,-1.152718913115735,0.07616927137722851,0.016117295941583773,58.742589810112456,0.27501238825764923,34.07923902542413,0.009533268172211017,-1.1537241438308536,0.07551494805739178,0.017105388284865172,58.722603568942006,-0.001391758934472187,-0.0036087996736497985,0.009522068791133584,-0.00100523071511871,-0.0006543233198367249,0.0009880923432813993,-0.019986241170450114
1385,0.27636372399054016,34.02580729509011,-0.0015946817487746266,-1.1288888716283612,0.07655698989485515,-0.0006085552365177847,58.714862866007714,0.275116704064531,34.02037684201325,-0.015080914829312028,-1.1353549985618772,0.07607563601057343,-0.0012704311538710876,58.69810208602535,-0.001247019926009174,-0.005430453076861852,-0.013486233080537402,-0.006466126933516003,-0.0004813538842817211,-0.0006618759173533028,-0.016760779982362806
1386,0.27624550230368516,33.969936827815644,-0.0031720558647315156,-1.1059167439460589,0.07611197773998675,-0.01719193095821831,58.687186554757496,0.2814259668193808,33.97152540336366,0.010563860685106008,-1.102104974049783,0.07623002900375786,-0.015885402929208127,58.671781279631226,0.005180464515695649,0.0015885755480127273,0.013735916549837524,0.0038117698962758517,0.00011805126377111008,0.0013065280290101844,-0.015405275126269657
1387,0.2759957012210699,33.91517443995321,-0.006928210039240635,-1.084566109464963,0.07483880843384316,-0.0337348412875252,58.659601833643464,0.27270379012976026,33.9183624776347,-0.00682732203071669,-1.0887244030501837,0.07451687242919203,-0.033386573074055154,58.65016142682021,-0.0032919110913096628,0.003188037681489675,0.00010088800852394494,-0.004158293585220685,-0.0003219360046511355,0.000348268213470046,-0.00944040682325209
1388,0.2756166976693592,33.86146458418416,-0.008408995332378908,-1.0638154569883,0.07275857938815927,-0.04947432053983016,58.63205407094822,0.2725084808748031,33.87615158298883,0.0058446195754313715,-1.0597077471508567,0.07233545129488572,-0.04948950562341731,58.62072265474995,-0.0031082167945560846,0.014686998804670282,0.01425361490781028,0.004107709837443352,-0.0004231280932735504,-1.5185083587145043e-05,-0.011331416198274269
1389,0.27519343034840754,33.80684590141617,-0.008723144801545828,-1.1209177209231382,0.06996775560124034,-0.062158630936926924,58.60870735077745,0.2740000461660589,33.818665435355136,-0.002149085139772281,-1.1122211601564578,0.07168469394890442,-0.06145269993510176,58.59875168912859,-0.0011933841823486557,0.011819533938968618,0.006574059661773548,0.008696560766680461,0.0017169383476640793,0.0007059310018251649,-0.00995566164885986
1390,0.27472253210674946,33.75135067674732,-0.01040933023383734,-1.0988791417831747,0.06649360734059767,-0.07680729948878015,58.581099829893375,0.2667911958068601,33.744358667783075,-0.007132751351866519,-1.1037250125865505,0.06677414088478884,-0.07751630971536248,58.57193588648286,-0.007931336299889347,-0.0069920089642465655,0.0032765788819708206,-0.00484587080337584,0.00028053354419116383,-0.0007090102265823323,-0.009163943410513298
1391,0.27430111365866994,33.69694850671054,-0.006803558918060106,-1.077194127707149,0.062329529516545544,-0.08975581347330498,58.55351586221762,0.27568930630362937,33.698151704240466,-0.0014258323704657008,-1.0757214452535582,0.06306469285972494,-0.08862067850184144,58.54660602113459,0.0013881926449594295,0.0012031975299251485,0.005377726547594405,0.00147268245359089,0.0007351633431793916,0.0011351349714635445,-0.006909841083029278
1392,0.27402287000429937,33.64168210438413,-0.004669116745141714,-1.1334465930698965,0.05759274066080913,-0.09971574075615137,58.53013523544293,0.2830110657010904,33.636025411658764,-0.004806113109136059,-1.145944821059066,0.057367697662559,-0.09935139787461907,58.52626946879495,0.008988195696791046,-0.005656692725366952,-0.00013699636399434455,-0.012498227989169441,-0.00022504299825013008,0.0003643428815323091,-0.003865766647976443
1393,0.2738805185583227,33.585607529265836,-0.0014734899371113982,-1.1095204058258954,0.05235826910601895,-0.10966312143545591,58.502439666492485,0.277294506746506,33.5836230234137,-8.280833244234511e-07,-1.1108084031448566,0.052447655226866896,-0.10923982755122266,58.49997928012953,0.0034139881881833367,-0.0019845058521354986,0.0014726618537869748,-0.0012879973189612315,8.938612084794656e-05,0.0004232938842332473,-0.0024603863629550915
1394,0.2739432667493961,33.53068625380067,0.0034968961849474053,-1.0873131695334777,0.04666699105984176,-0.11798800041163153,58.474840484797724,0.28109020492337145,33.514312976994255,-0.010798102042212996,-1.092660658890392,0.04798677387183936,-0.11823426836107996,58.467416687480785,0.007146938173975326,-0.016373276806412207,-0.014294998227160401,-0.0053474893569143145,0.0013197828119975996,-0.000246267949448431,-0.007423797316938874
1395,0.2743207523409935,33.47685356016091,0.011083403630216683,-1.065976083684613,0.04059687012151001,-0.12481683712163856,58.44729209985643,0.28573788340974443,33.47046670635399,-0.011108951086749436,-1.0560487216601844,0.03964614928001131,-0.12553693360234108,58.43911117978728,0.011417131068750919,-0.006386853806922943,-0.02219235471696612,0.009927362024428676,-0.0009507208414986992,-0.0007200964807025229,-0.008180920069150943
1396,0.2751338176240799,33.422130151199156,0.02097989580083531,-1.1229380459694447,0.0342664746786941,-0.12839898059099789,58.42396191791039,0.2823001349021887,33.42534404673927,0.02019409131875005,-1.122696916760344,0.03469282800206086,-0.12892281586691637,58.414407178641,0.007166317278108791,0.0032138955401137537,-0.0007858044820852582,0.0002411292091006878,0.0004263533233667613,-0.0005238352759184828,-0.009554739269390211
1397,0.27598371972608876,33.366555176453176,0.012446669333376672,-1.1000578151441256,0.02759897980854312,-0.1383008142150413,58.396337120430026,0.2807969568355313,33.367293479958214,0.008606300211897315,-1.1084339092407909,0.029002233142369604,-0.13880590844892468,58.38483302506115,0.004813237109442536,0.0007383035050381181,-0.0038403691214793576,-0.008376094096665287,0.001403253333826484,-0.0005050942338833686,-0.011504095368877643
1398,0.27688712021633044,33.31210646114605,0.023095836951243745,-1.0778658765101257,0.020660784498602813,-0.13922699818257106,58.36875273600115,0.2843253630307363,33.31313572140184,0.019166679292432858,-1.0881079947323973,0.020076265145657857,-0.1382813801874267,58.358042183993355,0.00743824281440586,0.0010292602557910868,-0.003929157658810887,-0.010242118222271612,-0.0005845193529449566,0.0009456179951443655,-0.010710552007793694
1399,0.2779515890379018,33.25874546288174,0.018878307900653177,-1.0565662811802838,0.013566009581739969,-0.14456399849194262,58.341224788557746,0.2844442037531228,33.25442427086706,0.027326654542657827,-1.0763511956108323,0.014012938610950432,-0.1448115530678443,58.330359128597514,0.006492614715221001,-0.004321192014678843,0.00844834664200465,-0.019784914430548417,0.0004469290292104626,-0.0002475545759016706,-0.010865659960231255
1400,0.27883350890595443,33.206436172485674,0.015775703283999305,-1.0357964164969373,0.006251352204355234,-0.14802229660344673,58.3137301199262,0.2709853995089239,33.215043535153036,0.004805653245036786,-1.0340876250150002,0.005619950551552844,-0.1473297368312697,58.300970127465355,-0.007848109397030512,0.008607362667362395,-0.01097005003896252,0.0017087914819371441,-0.0006314016528023905,0.000692559772177026,-0.01275999246084325
1401,0.27976550886852697,33.153204900860686,0.02096775379527222,-1.0934405688858397,-0.0011661133423697548,-0.14867632526555283,58.29045880492342,0.2672946386821921,33.15736983061371,0.027022009094833002,-1.0994048977671231,-0.0023136081893295746,-0.14978623780163391,58.27771442680238,-0.01247087018633486,0.0041649297530241824,0.006054255299560784,-0.005964328881283398,-0.0011474948469598198,-0.0011099125360810869,-0.012744378121034572
1402,0.2804468686243136,33.09907753838662,0.005642390886828488,-1.0716612935894392,-0.008737169094988301,-0.15416590483918907,58.26290606590352,0.2787582136057823,33.099231557544044,-0.003305345730994209,-1.071964369072851,-0.007601423798964113,-0.15151185653141744,58.25102497115774,-0.0016886550185313265,0.00015401915742785377,-0.008947736617822697,-0.0003030754834119076,0.0011357452960241883,0.0026540483077716337,-0.011881094745781695
1403,0.28091193847163354,33.0460120317342,0.01230899531806786,-1.0509431518425834,-0.016363010696662274,-0.15086775922776993,58.235428623349826,0.2792950684487095,33.048137751858334,0.023947777235919385,-1.048209019798599,-0.016080603758206635,-0.14869007935330178,58.223461405149635,-0.001616870022924044,0.002125720124134034,0.011638781917851525,0.0027341320439844274,0.0002824069384556385,0.0021776798744681525,-0.011967218200190644
1404,0.2812513184608062,32.9920386775343,0.0007194513124945227,-1.107991009818436,-0.023934511847116452,-0.15199228679039725,58.21212880920287,0.2781807483000542,32.99884400839379,0.002915004580194943,-1.097751724842441,-0.02255588748755777,-0.15197754603977934,58.20017884453101,-0.0030705701607520175,0.006805330859485537,0.0021955532677004203,0.010239284975994911,0.0013786243595586833,1.4740750617914244e-05,-0.011949964671863711
1405,0.28105499147369395,32.937188660887834,-0.009217775662668496,-1.0860118572474773,-0.03151510407765278,-0.15123140243105593,58.184585489237094,0.2830317761991631,32.95013299161542,-0.012505928870870677,-1.0853418806355146,-0.03266687073403007,-0.15070436978641347,58.17325118339777,0.0019767847254691384,0.01294433072758494,-0.0032881532082021814,0.0006699766119626638,-0.0011517666563772913,0.0005270326446424611,-0.01133430583932693
1406,0.28051906022401535,32.883425008342236,-0.012855135948464784,-1.064531172240374,-0.03897999710648655,-0.14736431872229486,58.157077588204636,0.2783733175474015,32.88466712989925,-0.011333598305008864,-1.0517856345247687,-0.038739623572754844,-0.14920381277826478,58.15165628958189,-0.0021457426766138266,0.0012421215570128652,0.0015215376434559204,0.012745537715605382,0.00024037353373170672,-0.0018394940559699202,-0.0054212986227497595
1407,0.2796904901035954,32.828782672923694,-0.0208101620474362,-1.121155161726591,-0.046227529533783375,-0.142536978369578,58.13377271252735,0.2796879280542016,32.83270392514543,-0.020374785543650117,-1.1336505208678942,-0.04626739532564361,-0.14407519570001245,58.124863109003506,-2.5620493938061095e-06,0.003921252221736893,0.0004353765037860835,-0.012495359141303286,-3.986579186023714e-05,-0.001538217330434466,-0.008909603523846954
1408,0.27875225379139795,32.77332662344195,-0.017314499607980618,-1.0970796776537959,-0.053154275680670965,-0.1345328675059255,58.106137138211146,0.27696789393680715,32.77347555854833,-0.018697002824319645,-1.0944471755106555,-0.05147705893338905,-0.13429827828152452,58.10052487427716,-0.0017843598545908002,0.00014893510637392637,-0.0013825032163390268,0.0026325021431403695,0.0016772167472819122,0.0002345892244009773,-0.005612263933983286
1409,0.27788668812830125,32.71902690386954,-0.017862307250090324,-1.074901165919094,-0.05964460134900694,-0.1250801592275134,58.07860793759686,0.2781463486816139,32.71122140360298,-0.03014216249208731,-1.079899868284336,-0.060418845547768996,-0.12497532662369543,58.07275568262706,0.00025966055331266835,-0.00780550026656357,-0.012279855241996984,-0.004998702365242025,-0.0007742441987620557,0.000104832603817967,-0.005852254969795467
1410,0.2770565596240192,32.66581969509347,-0.015851009313556236,-1.0533752343042686,-0.06559621727726003,-0.11298447790261025,58.0511192963616,0.2801540504074769,32.66869851531672,-0.020043785238245935,-1.0623200257994467,-0.06763040110675744,-0.11294602298666395,58.04435026712752,0.003097490783457668,0.002878820223251921,-0.004192775924689699,-0.008944791495178128,-0.00203418382949741,3.845491594629824e-05,-0.006769029234078516
1411,0.27630296754077166,32.61366756560437,-0.014743839604259734,-1.0326958282712422,-0.07089325837977845,-0.09889716619812638,58.0236805146804,0.27875844152391616,32.60462809045404,-0.01914206195470373,-1.041983508782428,-0.07003739739940507,-0.09866286402375199,58.017279885538585,0.002455473983144496,-0.0090394751503311,-0.004398222350443997,-0.009287680511185892,0.0008558609803733797,0.0002343021743743956,-0.006400629141815273
1412,0.2756267444347429,32.560613103555745,-0.012640307160967444,-1.0894682761677965,-0.07552703811070807,-0.08645402303905844,58.00040502760625,0.28030292101102794,32.55959463813003,-0.01243153102261884,-1.1001162707419778,-0.07391218774326225,-0.08725024823842643,57.98886047618928,0.004676176576285052,-0.001018465425715931,0.0002087761383486042,-0.010647994574181308,0.0016148503674458248,-0.000796225199367992,-0.011544551416967863
1413,0.2751153843160228,32.50670631412456,-0.00815123786521747,-1.0667898583336588,-0.0794559076036357,-0.07070075667804668,57.972868572081474,0.280749863238294,32.511298753763676,-0.008560259498496928,-1.0814795105464123,-0.08004605819462807,-0.06986989983879646,57.960729662204756,0.005634478922271202,0.004592439639118595,-0.0004090216332794591,-0.014689652212753534,-0.0005901505909923638,0.0008308568392502158,-0.012138909876718174
1414,0.2748408466926501,32.453910889144915,-0.0030958987653918312,-1.0450124282701982,-0.0825563079918295,-0.053315258849705366,57.94538444226294,0.2675181395341336,32.442577244031405,-0.001711401731925815,-1.0163768222232024,-0.08383302159482087,-0.053573436466776855,57.93238818237649,-0.007322707158516462,-0.01133364511350976,0.0013844970334660161,0.028635606046995887,-0.001276713602991364,-0.00025817761707148945,-0.01299625988644948
1415,0.2748517437202781,32.40021621019235,0.003365969165566504,-1.1027589334169914,-0.08483438922869686,-0.037807990624989025,57.92217246907382,0.2643531223843203,32.39292511191841,0.0012988918890533892,-1.111727750328072,-0.0855810872863314,-0.03733285107167244,57.913324296329726,-0.010498621335957803,-0.007291098273938701,-0.002067077276513115,-0.008968816911080646,-0.00074669805763454,0.0004751395533165864,-0.008848172744094995
1416,0.27529952314821776,32.345663593116086,0.014419446682449686,-1.0793315762464242,-0.08625530984490826,-0.019028834023466716,57.8946090839846,0.26793149162194396,32.33725355214448,0.016490002574245335,-1.0781693381152762,-0.08564135052295896,-0.019284422472000698,57.882590084663065,-0.007368031526273799,-0.00841004097160436,0.0020705558917956494,0.001162238131148019,0.0006139593219492978,-0.0002555884485339818,-0.012018999321533386
1417,0.2760845982513331,32.29224147035768,0.016941794156626715,-1.0575397710068526,-0.08674464192090874,-0.000544449016552203,57.867138091979136,0.26570816545502146,32.28408563585399,-7.480452777308688e-05,-1.0613567697434485,-0.08833435297775427,0.0006618391528268944,57.85867541759881,-0.010376432796311619,-0.008155834503689618,-0.0170165986843998,-0.0038169987365959113,-0.0015897110568455358,0.0012062881693790974,-0.008462674380325552
1418,0.27711151436154746,32.23988904414774,0.024171666489903113,-1.0365442129477613,-0.08629354223174181,0.018588436583229388,57.83971349939074,0.27116173465070675,32.23460191893745,0.022044827417331853,-1.0389762624245062,-0.08646656448311107,0.01859759155223443,57.82636663235842,-0.005949779710840708,-0.005287125210287513,-0.00212683907257126,-0.002432049476744913,-0.00017302225136926752,9.154969005040203e-06,-0.013346867032318244
1419,0.2783973812249313,32.18664627735261,0.02735782465976267,-1.0931523929555402,-0.0849763311066804,0.03410000841922688,57.81645612022509,0.28008453446340337,32.17831953036146,0.03416744457182795,-1.075603286492259,-0.08524925516732207,0.03457807266326754,57.80053554027439,0.0016871532384720722,-0.008326746991144773,0.00680961991206528,0.01754910646328134,-0.0002729240606416661,0.00047806424404066294,-0.015920579950702063
1420,0.2798211155942339,32.13253379583385,0.029774715738252102,-1.0713342589905792,-0.0828282718394516,0.051822362269925024,57.78899776298428,0.2855833914810823,32.12556285369736,0.02587865385534045,-1.0753897393450205,-0.0839225005999591,0.05260188384073798,57.76959480945289,0.005762275886848411,-0.006970942136490521,-0.003896061882911653,-0.004055480354441254,-0.001094228760507493,0.0007795215708129577,-0.01940295353139021
1421,0.2813713335984613,32.07951277657735,0.032491492276151765,-1.0494941135483906,-0.0798081465546748,0.06898264912114711,57.761542533833236,0.27123108479682745,32.07128881138188,0.03457980320072603,-1.0447843168604152,-0.08008383776342631,0.06812424695893766,57.745270530435086,-0.010140248801633833,-0.008223965195469418,0.0020883109245742673,0.004709796687975443,-0.00027569120875151065,-0.0008584021622094484,-0.016272003398150048
1422,0.28315309935054755,32.027546962656935,0.03910402156216307,-1.0291252335128402,-0.07596429431815843,0.0847714403395079,57.73417065129813,0.27053186860134476,32.02721552591069,0.044949929922352,-1.0394398769615847,-0.07538776048499685,0.08348907778141372,57.716575587779985,-0.012621230749202794,-0.00033143674624369623,0.005845908360188931,-0.010314643448744443,0.0005765338331615855,-0.0012823625580941772,-0.01759506351814366
1423,0.2850945840413444,31.976593598866817,0.038946106577553416,-1.0089946358776842,-0.07137143869196894,0.09894278470807215,57.70681570652625,0.27503089700857886,31.969660311732138,0.0438504690485098,-1.0183678732293822,-0.07304124039741922,0.09821869118211483,57.68110278751791,-0.010063687032765556,-0.006933287134678778,0.004904362470956387,-0.009373237351697927,-0.00166980170545028,-0.0007240935259573145,-0.025712919008341828
1424,0.28700496637812356,31.924710977236,0.03784656865361628,-1.0662947871645847,-0.06614206054320176,0.1102323412426148,57.68361459460812,0.2747920842555932,31.918877959871452,0.03183494504040973,-1.0730883776843083,-0.06479125042954648,0.10904169199041708,57.656113222721295,-0.012212882122530355,-0.005833017364547999,-0.006011623613206556,-0.0067935905197236135,0.0013508101136552875,-0.001190649252197723,-0.027501371886827997
1425,0.28883838138179,31.871942832362024,0.03598398388899082,-1.044412840235069,-0.06036041772960228,0.12103337130136461,57.656174205740754,0.27903199733846434,31.866705030302032,0.04449653905623006,-1.050007296340038,-0.05905472381044374,0.12165473364694762,57.630548739472665,-0.009806384043325678,-0.005237802059991026,0.008512555167239234,-0.005594456104969003,0.0013056939191585376,0.000621362345583007,-0.025625466268088815
1426,0.2904924502970542,31.82024059992303,0.030713882089134725,-1.0236559794420987,-0.054087289259157526,0.12989176751642578,57.62879728447966,0.2868495324078699,31.811176055396835,0.018126303248179744,-1.0163980862993567,-0.05346432998209982,0.12873572608078088,57.60593922222139,-0.003642917889184305,-0.00906454452619343,-0.012587578840954981,0.007257893142742056,0.0006229592770577025,-0.0011560414356449056,-0.022858062258272582
1427,0.2918506444028328,31.767625168808532,0.02409366956646698,-1.080939501975456,-0.04744051127626711,0.13597935179919082,57.60560450112581,0.28355719811758495,31.777749805830236,0.02523531066792105,-1.0700080811518964,-0.04693487787126882,0.1363872514313138,57.58458488817879,-0.008293446285247863,0.010124637021704075,0.0011416411014540696,0.010931420823559579,0.0005056334049982902,0.0004078996321229822,-0.021019612947021926
1428,0.2928361971374998,31.71412338479969,0.015920839062533408,-1.059107535287227,-0.04051333737543823,0.14110760423396423,57.5781772519445,0.29965900860120176,31.719698982788383,0.015953489163704176,-1.044355236604338,-0.04142839537877219,0.14225550057942654,57.56154937543614,0.00682281146370195,0.005575597988691783,3.265010117076833e-05,0.014752298682888965,-0.0009150580033339545,0.001147896345462307,-0.016627876508366057
1429,0.29336732188465453,31.66168232406266,0.005932604396108163,-1.0385093035101391,-0.03337302468690304,0.14450490330744345,57.55081957389147,0.29984956425733833,31.664711192371545,-0.002686803296754272,-1.017042577795472,-0.032019298583785716,0.1443990246618909,57.53270769307778,0.0064822423726838,0.0030288683088848245,-0.008619407692862435,0.021466725714667234,0.0013537261031173267,-0.00010587864555255955,-0.018111880813684422
1430,0.2934133002895541,31.608325694042936,-0.0035692640015536122,-1.095727337767545,-0.026134924846158064,0.14501909032235566,57.527629436909166,0.2984184661519548,31.598931180522754,-0.01990177347321587,-1.0844135718514616,-0.026765607507901468,0.14475135563165079,57.50501161570668,0.0050051658624006845,-0.009394513520181391,-0.01633250947166226,0.011313765916083351,-0.0006306826617434036,-0.0002677346907048739,-0.022617821202487676
1431,0.29287549188740686,31.554104398119932,-0.017324901688080437,-1.0730944699474474,-0.018906780269662207,0.1441066927374787,57.500167919142804,0.2813962771569627,31.551048307012692,-0.021788048020199575,-1.0730101741148101,-0.018553519732636303,0.14405085573819673,57.471843363771335,-0.011479214730444165,-0.003056091107239922,-0.004463146332119139,8.429583263724894e-05,0.000353260537025904,-5.583699928196628e-05,-0.028324555371469273
1432,0.29206184558935616,31.501006081481886,-0.014597902387771035,-1.0508267460633123,-0.011609087013520019,0.14780103750820886,57.47274013051342,0.2825494869246573,31.50635032303642,0.011033538164877916,-1.0460981867797718,-0.01112743206547906,0.1473929689489906,57.44813765563374,-0.00951235866469885,0.005344241554531948,0.025631440552648953,0.004728559283540434,0.00048165494804095974,-0.00040806855921826646,-0.024602474879685587
1433,0.29088731094893977,31.44897963349472,-0.031763831959548336,-1.0301952029983015,-0.004362733294945303,0.1420531112347798,57.44538606802512,0.28758335308242455,31.456754873444705,-0.020380214847780704,-1.0305643966332658,-0.006075079989927623,0.14141865031189202,57.42115834239418,-0.003303957866515217,0.007775239949985746,0.011383617111767632,-0.00036919363496434876,-0.00171234669498232,-0.0006344609228877696,-0.024227725630943553
1434,0.28929366529984635,31.397975474032357,-0.031377839854730076,-1.009957029889945,0.0027380362781669115,0.1419776716897088,57.418075585038274,0.2909405071926133,31.398775245722955,-0.04168652020707264,-1.009728036944208,0.002373139742607666,0.14257824024390386,57.39058579071457,0.001646841892766926,0.0007997716905983054,-0.010308680352342565,0.00022899294573686113,-0.00036489653555924536,0.0006005685541950745,-0.027489794323706462
1435,0.28821832217191834,31.34604360113271,-0.01112472887923703,-1.067318203520722,0.009931423546030767,0.14575781902484541,57.3949109058663,0.2785229109379818,31.34859294105407,-0.006487119644239647,-1.0520306348470982,0.008502009037489877,0.14610825890564696,57.364515149972284,-0.009695411233936524,0.002549339921358751,0.0046376092349973835,0.015287568673623797,-0.0014294145085408903,0.00035043988080155075,-0.030395755894012666
1436,0.2876137777029604,31.293212054512537,-0.012444946539903192,-1.045924705318749,0.017105306737563164,0.14119750863645042,57.36754707539024,0.2891232692793265,31.29214030578465,-0.027403992282824564,-1.0167470366133495,0.01749146997006701,0.1408019383776254,57.33758862538842,0.0015094915763660954,-0.0010717487278881777,-0.014959045742921373,0.029177668705399507,0.00038616323250384443,-0.0003955702588250287,-0.02995845000182129
1437,0.2872311555362141,31.241405746592932,-0.002260050526373557,-1.0263261711000098,0.024161833146859803,0.14106354773541507,57.340279225009255,0.28444305688873917,31.23814494209723,-0.002745312683322206,-1.0313694850372779,0.023511585993663875,0.1397197855932442,57.31519772030808,-0.0027880986474749236,-0.0032608044957029847,-0.0004852621569486487,-0.00504331393726809,-0.0006502471531959278,-0.0013437621421708845,-0.025081504701176982
1438,0.2868850048909991,31.190599253413314,-0.011004632870993996,-1.0059100054135548,0.030989151955216846,0.13202920459886666,57.3129732874432,0.2884428388259318,31.1765683109875,-0.0049616392843302125,-1.0124705311424544,0.03101483555085016,0.13335128064330826,57.288790273066674,0.0015578339349326953,-0.014030942425815596,0.0060429935866637835,-0.006560525728899647,2.5683595633315542e-05,0.0013220760444415947,-0.02418301437652559
1439,0.2865337183188367,31.140792607520595,-0.0024962146448770806,-0.9863496657580038,0.03748527500182689,0.12781571726553514,57.28571914535487,0.2858398816320662,31.14029750438558,-0.004485886735232484,-1.0012014259929625,0.038244772047019815,0.12855248848451542,57.2593566640716,-0.0006938366867705326,-0.0004951031350159951,-0.0019896720903554033,-0.01485176023495871,0.0007594970451929237,0.0007367712189802755,-0.02636248128326457
1440,0.28650550969795285,31.09004107578212,0.0018190138949032665,-1.0437012713341574,0.043741572675728854,0.1224361896905432,57.26258140426953,0.2745495082501064,31.081790065943476,0.00407886024397347,-1.0472745057144437,0.04350065228705091,0.12203731543180142,57.23763979202548,-0.011956001447846476,-0.008251009838645018,0.0022598463490702035,-0.0035732343802863387,-0.00024092038867794263,-0.0003988742587417854,-0.024941612244049338
1441,0.286694006837112,31.038391717654534,0.006225823083720343,-1.0222634427014754,0.04966623628903355,0.11455035484164477,57.235238086708485,0.26852870256793315,31.02773196799489,0.015083392358255648,-1.0388261979590165,0.05017134681400748,0.11535460640064696,57.21523164137521,-0.01816530426917884,-0.010659749659645001,0.008857569274535305,-0.01656275525754114,0.0005051105249739285,0.0008042515590021837,-0.020006445333272893
1442,0.28704688937609574,30.987805466892116,0.008356517095709028,-1.001174730703914,0.05514742836824339,0.10469732832674888,57.20791834354885,0.2790276616204602,30.98187221111658,0.006891862808756331,-1.0052687657068002,0.05416155164179859,0.10604225856621563,57.191010065735924,-0.008019227755635516,-0.005933255775534718,-0.001464654286952697,-0.004094035002886187,-0.0009858767264448037,0.0013449302394667462,-0.0169082778129237
1443,0.28749936163502665,30.93823290950974,0.010163887045821147,-0.9817154102283512,0.06010942763172132,0.09378264221236818,57.18068997817878,0.2791466860019989,30.94355690388262,0.0047915011042025364,-0.9828163122131963,0.06210724148572222,0.09446916975036011,57.16526612361808,-0.008352675633027773,0.005323994372879781,-0.005372385941618611,-0.0011009019848451373,0.001997813854000899,0.000686527537991935,-0.0154238545607015
1444,0.2879648617022232,30.887698705413843,0.008773931650967935,-1.0396372463916308,0.0645192213383135,0.08260910605131888,57.1575988775893,0.27905045056162575,30.89347433463703,0.002368267494618381,-1.0570670888521556,0.06352318080865249,0.08154280363547449,57.14212319961728,-0.008914411140597434,0.005775629223187195,-0.006405664156349553,-0.017429842460524814,-0.000996040529661013,-0.0010663024158443918,-0.015475677972020208
1445,0.2883858180753733,30.836270495660962,0.008388213934274264,-1.0174774844998165,0.06831158767561447,0.06908554744072011,57.13023597116226,0.28811655120922774,30.84245612732305,0.009362074513289086,-1.0083812208070577,0.06836586687870216,0.06884717006653852,57.11694847485812,-0.0002692668661455344,0.006185631662088298,0.0009738605790148222,0.009096263692758733,5.4279203087689853e-05,-0.00023837737418158644,-0.013287496304137392
1446,0.2888660394561556,30.785890530422307,0.011081992629759672,-0.9977065682518158,0.07139508657776958,0.05425440864548432,57.10300468347882,0.2908324324552567,30.79027269463618,0.021008692660772772,-1.0204051356044443,0.07017637487511275,0.05578577216798059,57.09098102037616,0.0019663929991011186,0.004382164213872386,0.0099267000310131,-0.02269856735262854,-0.0012187117026568328,0.0015313635224962693,-0.01202366310266001
1447,0.28944504277963684,30.73651538519942,0.01227620233022087,-0.977285010662245,0.07372504701093999,0.038944008681332194,57.07574302046947,0.2872583582914742,30.726806610982447,0.023247572093002544,-0.9875139581778829,0.07345251638361106,0.03833468657002474,57.06467437992388,-0.0021866844881626157,-0.009708774216974803,0.010971369762781675,-0.010228947515637854,-0.00027253062732893185,-0.0006093221113074518,-0.011068640545587982
1448,0.2899988430342756,30.68621245199935,0.009991742691865119,-1.0348172560591737,0.07533076485358955,0.02528470502465051,57.05264621139736,0.2908766935163671,30.682239013408335,0.0075750180965656715,-1.0235833984147624,0.07387801155824603,0.025723027264721022,57.04726502418341,0.0008778504820914912,-0.0039734385910144,-0.002416724595299447,0.011233857644411316,-0.0014527532953435285,0.0004383222400705135,-0.00538118721394909
1449,0.29045276466474257,30.634989335368157,0.008238707430281196,-1.0140936690847768,0.07619321971406207,0.009213489394249926,57.02537788980893,0.29711462492760665,30.632339517362276,0.010260783111911169,-1.021145218561847,0.07587527838013175,0.009699170428400315,57.02381956822754,0.006661860262864083,-0.002649818005881599,0.002022075681629973,-0.007051549477070207,-0.0003179413339303161,0.0004856810341503891,-0.0015583215813919082
1450,0.29078613346719767,30.584800586927532,0.005100084734733045,-0.9934427998174692,0.0762406921462451,-0.00731459210692869,56.99811748115364,0.2983711816982945,30.585883296641633,0.020703171498128982,-1.0147334264041297,0.07668586353233442,-0.00700215576869465,56.99330225110476,0.007585048231096847,0.001082709714101071,0.015603086763395937,-0.021290626586660477,0.0004451713860893214,0.00031243633823403987,-0.004815230048883734
1451,0.2909515667997317,30.535636993928822,0.001450688447227979,-0.9730879296420649,0.07545907005006784,-0.02395029174016177,56.97087699406259,0.3018991607987787,30.53295089165897,-0.0042853590670577195,-0.9827663904520592,0.07641947353309719,-0.024008270432606168,56.96815592312817,0.01094759399904699,-0.0026861022698518866,-0.005736047514285698,-0.009678460809994238,0.0009604034830293512,-5.7978692444397156e-05,-0.002721070934420311
1452,0.2909675514221746,30.485543510655315,-0.0009223804291036827,-1.030637787828048,0.07391634889847896,-0.037758554323393215,56.947796351435386,0.28713370949456646,30.48774947669929,-0.001387715613478899,-1.0276919519261465,0.07264509555923393,-0.038688712579676154,56.94348238520856,-0.0038338419276081614,0.002205966043973717,-0.00046533518437521636,0.00294583590190145,-0.0012712533392450348,-0.0009301582562829397,-0.0043139662268245615
1453,0.29091426908851536,30.43453952355848,-0.0014017916120618622,-1.009508689197032,0.0716530191699753,-0.05277463481675327,56.92052472308856,0.2874355538702791,30.4291389786215,-0.007017662722871153,-1.0127199776332034,0.07182518136142901,-0.051440768325268026,56.91287570066225,-0.0034787152182362835,-0.005400544936982499,-0.00561587111080929,-0.0032112884361714666,0.00017216219145371747,0.0013338664914852444,-0.007649022426313934
1454,0.2908319793493915,30.384574248281815,-0.0021454063479614273,-0.989089583974154,0.06864930988798089,-0.06737373646302285,56.89329520150262,0.29389042965532614,30.384309723925302,-0.0018484726756039438,-0.9925544785291893,0.07008811962570505,-0.06617675335955076,56.887633524912346,0.003058450305934657,-0.0002645243565133626,0.0002969336723574836,-0.0034648945550352916,0.0014388097377241588,0.0011969831034720907,-0.005661676590271725
1455,0.2907209716239891,30.335605804346105,-0.002610652263112489,-0.9696356301142273,0.06493220988316312,-0.08131026372968808,56.86612142034083,0.29747230988516615,30.322435927571306,0.006905903126092272,-0.9680582214919519,0.06593172796985858,-0.07914696277293222,56.86099311352742,0.006751338261177076,-0.01316987677479986,0.009516555389204762,0.0015774086222754002,0.0009995180866954612,0.002163300956755862,-0.005128306813411143
1456,0.2905900952412409,30.28567380230689,-0.002936569902778649,-1.0276301959230658,0.06059947398034328,-0.09199917238310527,56.84308031512566,0.3005841461999669,30.29273995960613,-0.003029179319513235,-1.0305217453082185,0.06192962746113828,-0.09204343938028224,56.83349099579957,0.009994050958725964,0.007066157299242093,-9.260941673458608e-05,-0.002891549385152681,0.0013301534807950016,-4.426699717696714e-05,-0.009589319326089196
1457,0.2905657758246908,30.234828112877494,0.0015463029704049255,-1.0061831751254804,0.0557174436839194,-0.1032820394738499,56.81580986751542,0.2912204751955493,30.236390833565746,-0.003692534459390176,-1.003667283063133,0.05542284452444557,-0.1031351562339252,56.80879968991697,0.0006546993708584914,0.0015627206882520284,-0.005238837429795102,0.002515892062347369,-0.00029459915947382953,0.00014688323992469166,-0.007010177598452572
1458,0.2908021264850436,30.18502224415259,0.007447753976734856,-0.9860348286405178,0.050324044105258856,-0.11245394367257186,56.78861225379079,0.2873547495689159,30.19013921397402,0.00950907144071122,-0.9911963752383587,0.050466146057964956,-0.11462429594559893,56.77757740256189,-0.0034473769161277312,0.005116969821429507,0.0020613174639763643,-0.005161546597840849,0.00014210195270610015,-0.0021703522730270736,-0.011034851228899356
1459,0.2914105853662856,30.1362085747432,0.016394224823940193,-0.9664938430539077,0.0445112155565166,-0.12005919827711838,56.76145080861561,0.28266886139749525,30.13597149815115,0.0012601491333449674,-0.971756886502096,0.04421272296757506,-0.11996202905960753,56.74793196926459,-0.00874172396879036,-0.0002370765920503004,-0.015134075690595225,-0.005263043448188287,-0.00029849258894154573,9.716921751085073e-05,-0.013518839351021938
1460,0.29241343329563085,30.086439841257338,0.023277375951777066,-1.0242353095895549,0.03838868699277625,-0.12484194427249577,56.73840949685656,0.29015608537369003,30.076328769930008,0.016959790214823967,-1.0174469675567932,0.04073977313229005,-0.12450255066945846,56.724528349873616,-0.002257347921940822,-0.010111071327330023,-0.0063175857369531,0.006788342032761685,0.0023510861395137986,0.0003393936030373079,-0.01388114698294629
1461,0.29375205491143896,30.03575152181519,0.029725417955752818,-1.0032775072200064,0.0320306727028577,-0.1294786273242461,56.71118128499104,0.2924642066799499,30.02623848914902,0.027302188238173215,-1.0040220925453767,0.03161781234098493,-0.12798131902082882,56.69319338551802,-0.001287848231489086,-0.009513032666170318,-0.0024232297175796023,-0.0007445853253702506,-0.00041286036187276887,0.0014973083034172663,-0.017987899473020263
1462,0.29508160575426995,29.986094768860212,0.022887687333102088,-0.9829881236598051,0.025334631915693115,-0.1383630041623372,56.683991588913266,0.29831362774443176,30.000439903399887,0.03054742185174377,-0.9888418647342275,0.028106932906729387,-0.1380389183997531,56.6712161449269,0.0032320219901618152,0.01434513453967412,0.007659734518641683,-0.0058537410744223806,0.0027723009910362723,0.0003240857625841087,-0.012775443986363655
1463,0.29606256659314956,29.937434154510225,0.015747492909121277,-0.9634332377358608,0.01822287679112962,-0.1461072008202027,56.65684473910331,0.2933805054667899,29.934968384758722,0.007599065085342093,-0.9648489216254932,0.0167460633340335,-0.14631910268942083,56.64205892072798,-0.0026820611263596583,-0.002465769751502478,-0.008148427823779184,-0.0014156838896324242,-0.0014768134570961183,-0.00021190186921812848,-0.014785818375329995
1464,0.29679563918110746,29.88781622679787,0.0130424832310147,-1.0212728961327293,0.010829303536423005,-0.14963572936806183,56.63382552290707,0.2978896109336356,29.87345183178399,0.005244532899427988,-1.0162491752842195,0.010862609639452625,-0.14856638461153265,56.62590400341872,0.0010939717525281223,-0.014364395013881648,-0.007797950331586711,0.005023720848509772,3.3306103029619866e-05,0.0010693447565291725,-0.00792151948834885
1465,0.29740230747535934,29.837281078829037,0.010581349028898106,-1.0001226958863663,0.00328803873333917,-0.15201486275529164,56.60660683558005,0.3022016456580197,29.82743751097665,0.01563760681452387,-1.0109301994773026,0.004791185990862701,-0.15239112033897162,56.59580142104011,0.004799338182660373,-0.009843567852385604,0.005056257785625764,-0.010807503590936296,0.001503147257523531,-0.0003762575836799842,-0.01080541453994499
1466,0.2979543426544722,29.787797553457033,0.010851190297279932,-0.9792070346230718,-0.004326858134390942,-0.15258101195391285,56.579405082146806,0.30003966387284875,29.790081573839373,0.00805040912784876,-0.9677534898438852,-0.004399004221054881,-0.15377572468877662,56.5669558401452,0.002085321218376568,0.002284020382340657,-0.002800781169431171,0.011453544779186586,-7.214608666393854e-05,-0.0011947127348637676,-0.01244924200160824
1467,0.2985811763285368,29.737397452550933,0.013674913793625669,-1.0367809327278141,-0.011908558165505144,-0.15068698929065516,56.55638378371104,0.2947903264871384,29.735200237167753,0.021012226411441084,-1.0375177552513637,-0.012035937766340155,-0.1498601483963437,56.54111818822679,-0.003790849841398436,-0.0021972153831804064,0.0073373126178154155,-0.0007368225235495629,-0.0001273796008350106,0.0008268408943114536,-0.015265595484251548
1468,0.29894598179023846,29.68611188264863,0.0002701250583156539,-1.014646863820634,-0.01950632686269266,-0.1532237585968456,56.52911591199714,0.31272931983350416,29.681167131066935,-0.00590796784191046,-1.0084056203073044,-0.02098466823263445,-0.1548705390972658,56.51060384528982,0.013783338043265703,-0.004944751581692941,-0.006178092900226114,0.006241243513329664,-0.00147834136994179,-0.0016467805004202196,-0.01851206670731642
1469,0.29914730128034767,29.635900895498178,0.007145115176335376,-0.9937708799110363,-0.02698613434295114,-0.14596854061349354,56.5019278921455,0.31008116510206907,29.644925696479003,0.015056287814145027,-0.9749038814250727,-0.028776043850849753,-0.14442912306310918,56.484885144858936,0.010933863821721401,0.00902480098082492,0.007911172637809652,0.018866998485963626,-0.0017899095078986113,0.0015394175503843643,-0.01704274728656685
1470,0.2993745557265351,29.58669205789141,0.0013318992873065016,-0.9745804971468489,-0.034224051147547764,-0.14354813157037125,56.47483148050214,0.31355133114813827,29.576063183226054,2.47933280103892e-05,-0.9879844867299303,-0.033998930942134464,-0.14386871292159384,56.45886387389102,0.014176775421603172,-0.010628874665354004,-0.0013071059592961124,-0.013403989583081422,0.00022512020541329975,-0.000320581351222593,-0.01596760661112029
1471,0.2992733928698202,29.538460901249287,-0.005979024330388503,-0.9546628333724403,-0.04130059758087068,-0.13951372576254534,56.44770114343025,0.30090634774953456,29.537051273267522,-0.017414330580001476,-0.9499281500182769,-0.041578434304705425,-0.1391635421404862,56.44082477231686,0.0016329548797143767,-0.001409627981765027,-0.011435306249612972,0.004734683354163383,-0.00027783672383474567,0.00035018362205913034,-0.006876371113392565
1472,0.29892768344677956,29.489273952500472,-0.008341551055096418,-1.0128071678088166,-0.04814191566982553,-0.13413899779564867,56.42472722875348,0.28672583294172777,29.499457979189838,-0.01010662864221053,-0.9993995437883043,-0.048752475340006374,-0.13470334821858032,56.41144175865341,-0.012201850505051792,0.010184026689366021,-0.0017650775871141128,0.013407624020512321,-0.000610559670180845,-0.0005643504229316532,-0.013285470100072416
1473,0.29844926642827274,29.439149541005932,-0.011347796644647756,-0.99216085254032,-0.054637389269205305,-0.1256799461795424,56.39757070968932,0.311893604069429,29.457012605160298,-0.0031214844693013416,-0.9946601941884783,-0.05320823839399358,-0.12542920250642364,56.39068553108728,0.013444337641156268,0.01786306415436556,0.008226312175346414,-0.0024993416481582376,0.0014291508752117266,0.0002507436731187529,-0.006885178602040298
1474,0.2978337606683152,29.3900528526823,-0.013786428015586804,-0.9716980856560765,-0.06068091318657798,-0.11606101051536466,56.37042813125236,0.29358313579309514,29.400771421412575,-0.009068033667767605,-0.9710006683704919,-0.061129103207529845,-0.11709070761153369,56.361323369989414,-0.004250624875220044,0.01071856873027599,0.0047183943478191995,0.0006974172855845895,-0.00044819002095186633,-0.0010296970961690272,-0.009104761262946681
1475,0.29713140364881524,29.34195118054542,-0.014775339305195489,-0.952356932883156,-0.06618560947530423,-0.10412684103368564,56.34335051213567,0.308504698022007,29.32528211607602,0.01040525204020789,-0.9502887874354372,-0.06660844323909654,-0.1051824564768778,56.33553965361187,0.011373294373191734,-0.0166690644693972,0.025180591345403378,0.0020681454477188277,-0.00042283376379230464,-0.0010556154431921594,-0.007810858523804143
1476,0.2964314113336786,29.292885080906153,-0.013579378788390942,-1.010273323154352,-0.07110898043073138,-0.09280799718340035,56.3203816827683,0.29576282644087754,29.287087690171756,-0.028561374442816576,-0.9992081475194879,-0.07049927872318218,-0.09013316667712355,56.31580374745537,-0.0006685848928010829,-0.005797390734397112,-0.014981995654425633,0.011065175634863977,0.0006097017075492039,0.0026748305062768013,-0.004577935312930492
1477,0.29574065092508506,29.242893535893284,-0.014415286712336151,-0.9893751215594718,-0.07538506639060476,-0.07823544121153474,56.293230996964375,0.30621196046574983,29.250050510639838,-0.024324315910889918,-0.9799159301571514,-0.07470472431998498,-0.07807112382149099,56.28982560998412,0.010471309540664775,0.007156974746553857,-0.009909029198553767,0.009459191402320433,0.0006803420706197744,0.00016431739004374446,-0.003405386980254832
1478,0.2950440152689497,29.193923585906106,-0.01374955687138384,-0.9694089892785986,-0.07890583551582073,-0.06259532379710389,56.26613408270677,0.3002435524502254,29.186309045176422,-0.022254788052036113,-0.9821029910307872,-0.07905019136713198,-0.06327998649168667,56.26830905232317,0.005199537181275693,-0.007614540729683483,-0.008505231180652273,-0.0126940017521886,-0.0001443558513112564,-0.0006846626945827827,0.0021749696163979593
1479,0.29462530201027526,29.14595643470161,-0.0032337520005580305,-0.9492626218623715,-0.08161571481195481,-0.04579984804825972,56.23903170788027,0.3038088592401841,29.151935986852838,-0.006510040627497075,-0.9443018943902903,-0.08125609778819642,-0.04706954461677737,56.234490322571794,0.009183557229908823,0.005979552151227807,-0.0032762886269390445,0.004960727472081206,0.00035961702375839066,-0.0012696965685176503,-0.004541385308478141
1480,0.2945222230414776,29.097042489808054,-0.0010283225236223125,-1.0072803371551136,-0.08354115860877959,-0.03121790382473108,56.216083410219305,0.3030503355060261,29.112647797874043,-0.011714185095592458,-0.99606497436356,-0.08344164088822836,-0.02915719646361373,56.21198522463188,0.008528112464548487,0.015605308065989476,-0.010685862571970146,0.011215362791553551,9.951772055122321e-05,0.0020607073611173497,-0.004098185587423586
1481,0.2945347778008137,29.04720088736572,0.0014353485297528583,-0.9863698522799734,-0.08465855730400151,-0.013478043984145916,56.188949839509846,0.2860422592574529,29.053727439373944,-0.010742119313383869,-0.9738198730138014,-0.0846435883032024,-0.013696966334076814,56.181422210951794,-0.008492518543360805,0.0065265520082249395,-0.012177467843136728,0.012549979266172073,1.496900079911434e-05,-0.00021892234993089836,-0.007527628558051447
1482,0.29468687839002244,28.998377972433488,0.004629254125846339,-0.9665331637764547,-0.0848841511734604,0.004454289205790194,56.161877476696496,0.2960839279639329,28.999012199114503,-0.0018475255297795432,-0.9682844054089303,-0.08415397107557299,0.004568873123715018,56.161692954611595,0.0013970495739104583,0.0006342266810150932,-0.006476779655625882,-0.001751241632475642,0.0007301800978874173,0.00011458391792482352,-0.00018452208490060684
1483,0.2951191991263132,28.9505418565454,0.012717012139144827,-0.9468981738190245,-0.08422290630885514,0.021995505378420377,56.134820316602806,0.2882891508004106,28.943440832385452,0.020042416629199665,-0.9503888464428248,-0.08357018647798942,0.021602802223544947,56.136824016224104,-0.00683004832590256,-0.0071010241599474,0.007325404490054838,-0.003490672623800317,0.0006527198308657195,-0.00039270315487542964,0.002003699621297983
1484,0.2957926086174662,28.901757529469283,0.014324764108197724,-1.0044609066192283,-0.08275982600173187,0.03652770690651,56.11186323758576,0.31262705889947145,28.896885871889303,-0.00024510041665794235,-1.012771043854783,-0.0821751019713215,0.03632475417916236,56.113073956002154,0.016834450282005253,-0.004871657579979427,-0.014569864524855666,-0.008310137235554738,0.0005847240304103773,-0.00020295272734763975,0.0012107184163951956
1485,0.2965294783792543,28.852083730627545,0.01534153485812649,-0.9824779624885612,-0.0805166290251474,0.053200172156868966,56.084691093128505,0.29196764995372365,28.854250450508403,0.021749892468264646,-0.9877592148569829,-0.08019270007530022,0.052932557021312034,56.09148148147783,-0.004561828425530656,0.0021667198808579258,0.006408357610138155,-0.005281252368421696,0.0003239289498471881,-0.00026761513555693256,0.0067903883493229955
1486,0.29729236899346845,28.803479136362544,0.015434382563600496,-0.9616924518588776,-0.07746092115183613,0.06902814277558195,56.057586774770876,0.3053749498761831,28.798846532156357,0.020600812723881277,-0.9493083474950046,-0.07730908403608217,0.07118439612448924,56.07209614362457,0.00808258088271463,-0.004632604206186386,0.005166430160280781,0.01238410436387305,0.00015183711575396386,0.002156253348907289,0.014509368853694582
1487,0.29812548107235387,28.755867539975043,0.018213547903017595,-0.9427574188122076,-0.0736418481134677,0.08373477875915487,56.03058484001122,0.3078505182004551,28.7669040356729,0.02285799669941483,-0.9389991253030747,-0.07320629786707711,0.08329966083496565,56.044539684592564,0.009725037128101244,0.011036495697858584,0.004644448796397235,0.003758293509132926,0.00043555024639059525,-0.0004351179241892239,0.013954844581341774
1488,0.29898317286443804,28.7072825855063,0.016416297638446407,-1.000625150339576,-0.06917168254749749,0.09507184387965342,56.007659039528406,0.3012409307236905,28.706558460287884,0.007415716855601143,-1.0132048971403476,-0.06818426351361984,0.09399300088784891,56.02141933246759,0.002257757859252474,-0.0007241252184151392,-0.009000580782845264,-0.012579746800771563,0.000987419033877654,-0.00107884299180451,0.013760292939181795
1489,0.2997274974168342,28.65780647208241,0.013788476284847683,-0.9784028970934769,-0.06412050753910781,0.10697515645593382,55.98049160782818,0.3074225257825532,28.672631664721273,0.025559342639206166,-0.9928531292519207,-0.06399874890895019,0.1083004937921447,55.999271680023384,0.007695028365719003,0.014825192638863172,0.011770866354358483,-0.014450232158443765,0.00012175863015762012,0.0013253373362108745,0.018780072195205832
1490,0.30029272610671026,28.60941682391247,0.009299046232719077,-0.9571651762418434,-0.058511698397904044,0.1173772091922166,55.953380173456914,0.28888817821175006,28.5998666380256,0.007592133255552327,-0.9457419262893937,-0.058448580143579676,0.11869358161007033,55.97593882345745,-0.011404547894960204,-0.0095501858868694,-0.00170691297716675,0.011423249952449699,6.311825432436802e-05,0.001316372417853734,0.022558650000533476
1491,0.30059619627584533,28.562031725527024,0.0033562575938920853,-0.9382192362023419,-0.05242526574968867,0.12608009673639844,55.926393779917774,0.29408184315178454,28.554436475390382,0.0025178886505458995,-0.9422937597427319,-0.05306665645383113,0.1276854526093021,55.94618118007199,-0.00651435312406079,-0.007595250136642306,-0.0008383689433461858,-0.004074523540389952,-0.0006413907041424582,0.0016053558729036688,0.01978740015421465
1492,0.30063800133218566,28.515589952346502,-0.0011333231714007082,-0.9194305527357302,-0.045945798952236536,0.13309857516168688,55.89941926336534,0.2953942130158841,28.50339004069249,0.003212123283594729,-0.9377611563852749,-0.04496814631203927,0.1331004860264919,55.92565813968861,-0.0052437883163015675,-0.012199911654011686,0.004345446454995437,-0.018330603649544752,0.0009776526401972657,1.9108648050270016e-06,0.026238876323269267
1493,0.3003565035595738,28.468174052322016,-0.009640003871499618,-0.9771816952693153,-0.039194240769360136,0.13696375215336898,55.87650184908417,0.2819380259458921,28.459196910240834,0.005988561879773877,-0.9804146982233075,-0.037673883173768186,0.137784030269343,55.88875842675438,-0.01841847761368165,-0.008977142081182166,0.015628565751273495,-0.0032330029539922034,0.0015203575955919507,0.0008202781159740158,0.012256577670207491
1494,0.29958074711956356,28.419831345425234,-0.020800622726610343,-0.9564990305184268,-0.032287102162336746,0.13932179212756662,55.84943125831332,0.295839445096223,28.411338450992286,-0.029920052811088563,-0.9517670125104207,-0.031266152678278925,0.13875265154827401,55.85811373917694,-0.0037413020233405536,-0.00849289443294765,-0.00911943008447822,0.004732018008006045,0.0010209494840578218,-0.0005691405792926096,0.008682480863626552
1495,0.29821854821384647,28.3724869607575,-0.03309310148043384,-0.9372473851452545,-0.025307409809102777,0.13986590200179216,55.8224393120905,0.31293422997350756,28.361110423671573,-0.02893624831047504,-0.940529512043146,-0.025681910409954156,0.14092862451613078,55.82986960596351,0.014715681759661092,-0.01137653708592623,0.004156853169958799,-0.0032821268978915352,-0.0003745006008513789,0.0010627225143386154,0.007430293873007088
1496,0.29661080315398486,28.32609657725906,-0.030611319291949858,-0.918358794075177,-0.018170465508360472,0.14561187002790005,55.79547934863021,0.2902946300150108,28.33718795628348,-0.03551928928111557,-0.9090095268026281,-0.019649113021799725,0.14424519937120564,55.80362415429533,-0.006316173138974035,0.011091379024417591,-0.004907969989165713,0.009349267272548811,-0.0014786475134392525,-0.0013666706566944076,0.008144805665118326
1497,0.29515550536852986,28.278708216575204,-0.02707136955324984,-0.9771644050989141,-0.010805419274084382,0.14898997934314356,55.772637081725954,0.31092069355346835,28.282625066970173,-0.00979425269449542,-0.97880824180505,-0.011258934867649728,0.14889678940551188,55.77590155114811,0.015765188184938494,0.003916850394968918,0.01727711685875442,-0.0016438367061358816,-0.000453515593565346,-9.318993763168804e-05,0.003264469422155969
1498,0.29341265838722014,28.230363471284097,-0.04201669088320624,-0.9565898354182042,-0.0034968035605393777,0.14335464919865656,55.74558099436325,0.29782858102334114,28.232936620015437,-0.04757733818152846,-0.955056518166086,-0.0038773363592494725,0.1417169730663115,55.73865415325387,0.004415922636121006,0.002573148731340069,-0.005560647298322223,0.0015333172521181382,-0.00038053279871009486,-0.0016376761323450562,-0.0069268411093830196
1499,0.2917088578952353,28.18302060862229,-0.025513825686105385,-0.9371309558957868,0.0038280238609066115,0.149638447659183,55.71859159200201,0.29746338830921365,28.19282841705689,-0.022495675449691596,-0.9452789439564869,0.0036971235139020564,0.14975388143762386,55.71176854883525,0.0057545304139783315,0.009807808434601384,0.0030181502364137885,-0.008147988060700162,-0.00013090034700455506,0.00011543377844086544,-0.006823043166754417
1500,0.29031603925972516,28.13664471641172,-0.029570098830562636,-0.9178861733401512,0.011233029707798305,0.14656178621648475,55.6916305929851,0.29475534492654504,28.137938848773782,-0.03266326458825378,-0.9140814417783698,0.012195359940287087,0.14604845563143856,55.68470610388514,0.004439305666819882,0.001294132362062328,-0.003093165757691148,0.003804731561781405,0.0009623302324887825,-0.0005133305850461845,-0.006924489099958464
1501,0.2890821196124507,28.089286346595088,-0.019258356175195206,-0.9764460499390578,0.01859075717819579,0.14774731259941476,55.66878539840827,0.2964781769000748,28.082757236008984,-0.015212910291258295,-0.9744622557230362,0.017560036753544228,0.14564855072367247,55.67117497443682,0.007396057287624047,-0.006529110586104281,0.0040454458839369115,0.0019837942160215727,-0.0010307204246515628,-0.002098761875742289,0.0023895760285554957
1502,0.2884163825532471,28.040983104937602,-0.006744548246062687,-0.9556833122205843,0.025971566069200838,0.14748504304078708,55.641748422626634,0.26895139459443196,28.025935773184237,-0.02674048902082393,-0.9429572813243073,0.02548810307888205,0.14689390978148698,55.64790942412805,-0.019464987958815128,-0.015047331753365256,-0.01999594077476124,0.012726030896276996,-0.0004834629903187858,-0.0005911332593001029,0.006161001501418184
1503,0.2883239947430975,27.993681083909625,0.003668211114031974,-0.9363944708061845,0.03328244056697811,0.14494993687030366,55.614795793426666,0.2829390368505649,27.994937514851518,-0.01304195222971542,-0.945387545010727,0.036117346294036956,0.14431489365973768,55.62297603543469,-0.005384957892532627,0.0012564309418934272,-0.016710163343747392,-0.008993074204542428,0.0028349057270588493,-0.0006350432105659831,0.008180242008023697
1504,0.28859857936657235,27.94734858027573,0.007918597386274918,-0.9168968609316245,0.04038614497745907,0.139198239548935,55.58783941713769,0.2843021522662699,27.955677286099576,0.012798090731540744,-0.9145577618034243,0.03865999562349076,0.13747188653472434,55.60090638977826,-0.004296427100302425,0.00832870582384615,0.004879493345265827,0.002339099128200184,-0.0017261493539683093,-0.0017263530142106742,0.013066972640572772
1505,0.2887099819448266,27.900044314786104,-0.0029811003901661394,-0.9752479353320387,0.04706094136824032,0.12779361608231501,55.5649972580518,0.27978161569534943,27.91083060495885,-0.013802062378805042,-0.9760786820609313,0.04564413488089203,0.12771369225298432,55.57705312669712,-0.008928366249477182,0.010786290172745794,-0.010820961988638902,-0.0008307467288926063,-0.0014168064873482933,-7.992382933069697e-05,0.012055868645326484
1506,0.2886498415354089,27.851810286184644,0.0011021125668303306,-0.9541038037920662,0.053239794462910064,0.11936050770447483,55.537963268234755,0.29341553279794425,27.85682764629647,0.015945349212094572,-0.9655739231152872,0.05489283089280317,0.1193175088737424,55.56166213338883,0.004765691262535343,0.0050173601118252975,0.01484323664526424,-0.011470119323221062,0.0016530364298931038,-4.2998830732429716e-05,0.023698865154074156
1507,0.28876220491231064,27.80462272051927,0.0038761898805437863,-0.9333850694684528,0.05892689890780807,0.10812367009144552,55.51095686147783,0.30276280534012984,27.793171163235563,0.0030239201332347126,-0.9253702154637695,0.059936630933639545,0.10731911150479818,55.53673656294115,0.014000600427819199,-0.011451557283706393,-0.0008522697473090737,0.00801485400468327,0.0010097320258314751,-0.0008045585866473387,0.025779701463321203
1508,0.28895236936566754,27.75842236916219,0.004162471782917921,-0.9146146088406509,0.06401961374313227,0.09558492332152244,55.48405765545882,0.3032181725079734,27.765333073448737,0.0023160670472382097,-0.9167887102179165,0.06487242818050687,0.09543933077527357,55.508359152483834,0.014265803142305855,0.0069107042865468316,-0.001846404735679711,-0.0021741013772655915,0.0008528144373746022,-0.00014559254624886553,0.024301497025014385
1509,0.28910146101789147,27.713150131003136,0.002176948960825139,-0.8962598595708021,0.0684521452191289,0.08171633571834294,55.45718455855855,0.2746683247055868,27.713944506853444,0.003326485229870546,-0.897538931971064,0.06911776530495262,0.0810708693065758,55.480858794895845,-0.014433136312304695,0.000794375850308171,0.001149536269045407,-0.001279072400261927,0.0006656200858237149,-0.0006454664117671455,0.023674236337292598
1510,0.2891589079007741,27.666868590997254,0.00039219306708057427,-0.9549861916190555,0.07222127731795568,0.0690489482347282,55.43438737962139,0.2890492463475356,27.66372475518336,-0.0026997923579803406,-0.9468768300094081,0.07292890566208055,0.06979174089365545,55.45735273483287,-0.00010966155323849369,-0.0031438358138942135,-0.0030919854250609146,0.00810936160964737,0.0007076283441248693,0.0007427926589272521,0.02296535521147547
1511,0.28908872692958054,27.619617978502735,-0.0029396855598319534,-0.9350229757827201,0.07527385468709251,0.053054146530745236,55.407438262948894,0.2834087568792544,27.6352500842236,-0.00196569304172757,-0.9242826266561054,0.07580471925019738,0.051508913019374804,55.425635306244224,-0.005679970050326166,0.01563210572086504,0.0009739925181043835,0.010740349126614701,0.0005308645631048742,-0.0015452335113704321,0.018197043295330673
1512,0.28892295527599254,27.57333736318645,-0.0035011849440536786,-0.9161866278327334,0.077511054187663,0.03643383349207479,55.38055280303077,0.28139341889655206,27.58632997576681,-0.025919360206923894,-0.9131232168431206,0.07690989989397545,0.036346068971611335,55.402488806025026,-0.007529536379440482,0.012992612580358553,-0.022418175262870214,0.0030634109896128248,-0.000601154293687553,-8.776452046345418e-05,0.02193600299425924
1513,0.2886945980914677,27.527986118343875,-0.005513750178927959,-0.8978488477793565,0.0789156896326882,0.019751584308933333,55.35369822693553,0.29220261730997515,27.52845683140375,-0.007811215431261849,-0.9097722231077425,0.07998416788313678,0.020270498785871643,55.377831801562785,0.0035080192185074632,0.00047071305987600454,-0.00229746525233389,-0.011923375328386054,0.0010684782504485762,0.0005189144769383106,0.02413357462725685
1514,0.2883691063899226,27.481641808680884,-0.007461202618569677,-0.9559089909042267,0.07953104731267459,0.004862722890522071,55.33088038089887,0.3018837884598842,27.487225060414975,-0.01441774872588847,-0.9434612418938618,0.07904905425713293,0.005519215814476384,55.355687862339906,0.013514682069961592,0.0055832517340910215,-0.006956546107318793,0.012447749010364828,-0.0004819930555416546,0.0006564929239543131,0.024807481441037282
1515,0.28792265893845226,27.434345401597323,-0.010412187678791226,-0.935933894947794,0.07934562982995615,-0.01227942219925955,55.30394858625052,0.2889169440828535,27.429289687945644,0.001973883418637499,-0.9429721304592638,0.07910203412306682,-0.011909065634583734,55.328708612156596,0.0009942851444012524,-0.005055713651678673,0.012386071097428725,-0.007038235511469759,-0.00024359570688932408,0.0003703565646758153,0.024760025906076066
1516,0.28737066401092903,27.388048409813074,-0.011755757396385881,-0.9159328757164897,0.07830610202698467,-0.029301689919599375,55.27701970157741,0.2896831114583677,27.390551524617223,-0.011718745088482262,-0.8966382236947195,0.0775266633453553,-0.030485395391951817,55.30921289934468,0.0023124474474386925,0.00250311480414922,3.701230790361873e-05,0.019294652021770275,-0.0007794386816293714,-0.001183705472352442,0.032193197767270476
1517,0.28678140375987304,27.340789980385896,-0.011944918717370103,-0.974390763815422,0.07649574206002085,-0.04311270875895324,55.2542352038361,0.288727339878387,27.350133821210164,-0.009534915442212702,-0.981312948071938,0.07629366429853635,-0.04304194158087752,55.28274206198702,0.0019459361185139579,0.009343840824268312,0.002410003275157401,-0.0069221842565160285,-0.0002020777614845093,7.07671780757202e-05,0.028506858150919356
1518,0.28622267799015993,27.29262091615562,-0.010622445686226407,-0.9523593750669935,0.07394276975581572,-0.05900618340925201,55.227208962084234,0.2884932444973898,27.296339781460606,-0.009911038672761491,-0.9439869578529855,0.07348398811622125,-0.05814550728520947,55.25930931234398,0.002270566507229843,0.0037188653049859965,0.0007114070134649157,0.008372417214008054,-0.00045878163959446605,0.0008606761240425378,0.032100350259746335
1519,0.28563632407310136,27.245508277268794,-0.013114034008154547,-0.9321334477300611,0.07062113095857599,-0.07385936848033735,55.200282418247916,0.28996177084833913,27.245511928206298,-0.021581487828881397,-0.9454164895850737,0.07299226424894378,-0.07427306522810687,55.245152687729274,0.004325446775237773,3.650937504318108e-06,-0.00846745382072685,-0.013283041855012612,0.0023711332903677967,-0.00041369674776951804,0.04487026948135764
1520,0.28499214025563097,27.199410785366812,-0.012998548298666427,-0.9117543080324663,0.06656546616947766,-0.08836722308359563,55.1733518779496,0.28343463885827824,27.203533300380315,-0.016061249323872064,-0.9043821707461196,0.06733297114538006,-0.08945484793899486,55.20915223562858,-0.001557501397352723,0.004122515013502692,-0.003062701025205637,0.007372137286346669,0.0007675049759024027,-0.001087624855399233,0.03580035767897982
1521,0.28448442732822665,27.15428115901546,-0.007712965183646251,-0.8934171338359561,0.06183116660437264,-0.10100475952060484,55.14653357304606,0.2798306473428131,27.149124308169554,-0.01423495016544543,-0.8730863143969672,0.06252062094819122,-0.10103430788765064,55.18501193264463,-0.004653779985413553,-0.005156850845907002,-0.006521984981799178,0.020330819438988956,0.0006894543438185768,-2.9548367045800772e-05,0.03847835959857093
1522,0.2841412725560455,27.10812889103537,-0.00639299158568335,-0.952658362358704,0.056545720835197134,-0.11041307124641553,55.12380925579249,0.2869020980536313,27.09716999542403,0.017982932143172568,-0.949819695840804,0.05624083658130008,-0.10878292230498975,55.16268611704236,0.002760825497585828,-0.010958895611342001,0.024375923728855917,0.0028386665179001014,-0.0003048842538970545,0.0016301489414257825,0.038876861249875105
1523,0.2840714166627035,27.061013804031163,0.003105418681293855,-0.9319284246742733,0.05079142463288831,-0.11975877684593732,55.09687359265133,0.2966043594331996,27.055625297271543,0.0013088272508311322,-0.9317667508605963,0.04989436348397991,-0.12072979980702199,55.13064212235426,0.012532942770496103,-0.005388506759619105,-0.001796591430462723,0.00016167381367693245,-0.000897061148908404,-0.0009710229610846721,0.033768529702932426
1524,0.28443150716653853,27.014912519645,0.010772164199901475,-0.9121037042030146,0.04462138962414423,-0.1270426235038261,55.06998888243927,0.28416148806353475,27.03039686066138,0.004791251404449396,-0.9122727461499864,0.04491331730272874,-0.1266835481421504,55.10656415576521,-0.0002700191030037824,0.015484341016378522,-0.005980912795452079,-0.0001690419469718707,0.00029192767858451235,0.00035907536167570364,0.036575273325944124
1525,0.2851305477456013,26.969778534203176,0.01663780976802974,-0.893235331552211,0.038126089328310776,-0.13276938832951188,55.04315838556703,0.2859603884215602,26.9717201120847,0.010879228773152613,-0.9034289300718076,0.038697844004688786,-0.13294168124186748,55.0770080327333,0.0008298406759588706,0.0019415778815243812,-0.005758580994877128,-0.010193598519596558,0.0005717546763780099,-0.0001722929123555983,0.03384964716627081
1526,0.2862060939693603,26.92557743458049,0.02581159418886616,-0.8747863560843426,0.031391394627360174,-0.1366183997085123,55.01635321004686,0.2765921206631482,26.91933616925166,0.04558689190452016,-0.8754932407801281,0.032580637828659054,-0.13559204591353793,55.04492880783085,-0.009613973306212109,-0.006241265328828405,0.019775297715654,-0.0007068846957855035,0.00118924320129888,0.0010263537949743717,0.028575597783991213
1527,0.28694029940636445,26.880349038180125,0.0030419901834378323,-0.9343626264000547,0.02422392178760175,-0.15008051388182464,54.99363372658686,0.27547838619557113,26.870362090197872,-0.013651167429707383,-0.9296086251583455,0.023609189317966628,-0.148895889002918,55.015013030590225,-0.011461913210793317,-0.009986947982252303,-0.016693157613145215,0.004754001241709216,-0.0006147324696351222,0.0011846248789066371,0.02137930400336785
1528,0.28746132130303825,26.83412349932709,0.017160812240942888,-0.9146294899630909,0.016742160590519924,-0.14918993400144842,54.966764980742795,0.28051243375866874,26.828195688776706,0.02882002735382696,-0.9228697558199866,0.017073206991918166,-0.1509000651932259,54.99606091310207,-0.006948887544369509,-0.005927810550385715,0.01165921511288407,-0.008240265856895745,0.00033104640139824254,-0.0017101311917774864,0.02929593235927541
1529,0.2882969727696514,26.788881782237155,0.015622629522893818,-0.8950310454307898,0.009177076214541915,-0.15341344103767193,54.93991504459971,0.2769902567376533,26.79060172076094,0.020322825198827096,-0.9005981838381989,0.01015665378899211,-0.15384073491153993,54.9664504852232,-0.011306716031998065,0.0017199385237844922,0.004700195675933279,-0.005567138407409078,0.0009795775744501946,-0.000427293873868001,0.026535440623490558
1530,0.2890327115064548,26.744592903025016,0.013152022284289501,-0.8765140388828047,0.0014538562854005252,-0.15551535612798362,54.91312689485417,0.27583405706347364,26.755394728070332,0.027883773857262643,-0.8776351164110563,0.0006984365353388533,-0.15736882104793748,54.93933861565393,-0.013198654442981184,0.010801825045316349,0.014731751572973142,-0.001121077528251635,-0.0007554197500616719,-0.0018534649199538622,0.026211720799757643
1531,0.2893996040359027,26.699292364047697,0.0009577706517033165,-0.9355127001407251,-0.006452889697191234,-0.16075448317568672,54.890410755284414,0.282406607890561,26.691076447682576,0.021722716659752752,-0.9392346326958184,-0.005844273956910673,-0.15986465171729428,54.91144909709455,-0.006992996145341712,-0.008215916365120535,0.020764946008049436,-0.0037219325550933435,0.0006086157402805615,0.0008898314583924427,0.021038341810132977
1532,0.2890436383049236,26.65302427488015,-0.01588800635218989,-0.9152194141125043,-0.01459612173270559,-0.16497479824488748,54.863525188736226,0.28802453861743094,26.6595242402656,-0.01679894122309887,-0.9250505168546969,-0.015846016571383625,-0.1648601181904747,54.884730234650185,-0.0010190996874926417,0.0064999653854513895,-0.000910934870908979,-0.009831102742192566,-0.0012498948386780347,0.00011468005441278573,0.021205045913958998
1533,0.2884976896534257,26.607758721953946,-0.006641309871696277,-0.8953816514499815,-0.02269912680965725,-0.15914540483317904,54.836679923038716,0.28060272361298566,26.61641005871068,-0.010617731703252494,-0.8987066891065125,-0.023435036260069264,-0.157667377379213,54.85908278981702,-0.007894966040440043,0.008651336756734906,-0.003976421831556217,-0.003325037656531027,-0.0007359094504120131,0.001478027453966052,0.022402866778307384
1534,0.2883949355425391,26.563452610911575,0.0018718831114035075,-0.8768400496029347,-0.030457064116347878,-0.15117208743444602,54.809906143922795,0.2992796691567551,26.56280524992614,0.009279407577450344,-0.8678549347691995,-0.030065270853359305,-0.14935546990488127,54.82900511327413,0.010884733614215991,-0.0006473609854360518,0.007407524466046837,0.008985114833735208,0.0003917932629885733,0.0018166175295647458,0.01909896935133304
1535,0.2882914605498118,26.518132852684978,-0.006549651102902855,-0.9359468158422956,-0.03795505193304542,-0.14874742523345563,54.787219435941445,0.28122936663668424,26.51351198869636,-0.0064231643374603915,-0.9302313009850399,-0.03891602559859564,-0.14788648339738017,54.798381099945956,-0.007062093913127565,-0.004620863988616719,0.0001264867654424632,0.0057155148572556325,-0.000960973665550216,0.0008609418360754628,0.011161664004511351
1536,0.2879467319967764,26.471840427123695,-0.007860049010822823,-0.9157449769503233,-0.045252997783780155,-0.14317040879593385,54.76036783139899,0.28475558301905696,26.46959817512439,-0.013870305340594651,-0.9280777856190321,-0.04639917526899229,-0.14289687777072962,54.77007892637006,-0.003191148977719438,-0.002242251999305722,-0.006010256329771828,-0.012332808668708783,-0.0011461774852121326,0.0002735310252042211,0.00971109497107392
1537,0.28751581391214565,26.426556706622023,-0.009968765600914023,-0.895595863095766,-0.052217428774130784,-0.1354068308180914,54.73352448939383,0.30306937244980037,26.429766193625582,-0.01313526385372081,-0.9085230936041756,-0.0512915088211896,-0.13509194360038423,54.732114853315636,0.015553558537654721,0.003209487003559275,-0.003166498252806788,-0.012927230508409604,0.0009259199529411816,0.00031488721770717154,-0.0014096360781934436
1538,0.2869389939328468,26.382255893313115,-0.01365922082179664,-0.8764283176263263,-0.05876085930484057,-0.1263303904103001,54.706737043352156,0.2946893149572364,26.383728304260256,-0.018050743960698005,-0.8857573594287809,-0.05862517014241364,-0.1259809160356171,54.70760058946934,0.007750321024389606,0.0014724109471409008,-0.004391523138901364,-0.00932904180245453,0.0001356891624269274,0.00034947437468299536,0.0008635461171806469
1539,0.28621571615006225,26.33888651655916,-0.015783367308612416,-0.8583356979424576,-0.06479837070273449,-0.11517006550545655,54.68001125858231,0.2913359467386862,26.332166534345774,-0.021512185607118952,-0.8496646920752462,-0.06506363347410238,-0.1160357964109467,54.67415245435474,0.005120230588623931,-0.006719982213386544,-0.005728818298506536,0.008671005867211368,-0.00026526277136788845,-0.0008657309054901502,-0.005858804227571568
1540,0.2854339999703717,26.29447749147652,-0.015878886614208186,-0.9180118900808161,-0.07028213652450105,-0.1041805673652058,54.657377568177225,0.2791161456168446,26.29759667225525,-0.005501161901018663,-0.9163303884305134,-0.06948370084963162,-0.10565613681994102,54.65107401932991,-0.006317854353527108,0.0031191807787287473,0.010377724713189523,0.0016815016503026747,0.0007984356748694243,-0.0014755694547352177,-0.006303548847313323
1541,0.2846388827008339,26.249069190799982,-0.016338470464182485,-0.8983068850939822,-0.07513666537370524,-0.09000058660296172,54.630576693500586,0.2866667376463513,26.249968226829193,-0.006505866783178773,-0.8924713484332861,-0.0738223392176307,-0.09090185080007826,54.62161128072869,0.0020278549455174377,0.000899036029210265,0.009832603681003712,0.005835536660696028,0.0013143261560745328,-0.0009012641971165442,-0.008965412771893
1542,0.28387531509240926,26.204617108775967,-0.014553819084175742,-0.8797626439679357,-0.07925505790225662,-0.07473511453909346,54.60384109858189,0.28190315140940303,26.21026503922552,-0.008617384985017459,-0.8968571133919387,-0.08114884359871377,-0.07624035466087027,54.60169150622469,-0.001972163683006234,0.005647930449551808,0.005936434099158283,-0.017094469424003056,-0.0018937856964571509,-0.0015052401217768158,-0.002149592357199026
1543,0.28325006633710786,26.161098755123568,-0.010736689354293902,-0.8609559000472078,-0.08255930749201772,-0.05743486905135022,54.57709534264835,0.2865679289777296,26.167762636048884,-0.01614747059718884,-0.8682688466766351,-0.08121447693276318,-0.05793383360252096,54.57157307932665,0.003317862640621727,0.0066638809253163345,-0.0054107812428949385,-0.007312946629427275,0.0013448305592545368,-0.0004989645511707386,-0.0055222633217013595
1544,0.282752985143657,26.11658195705948,-0.00932700144628726,-0.9197013846665076,-0.08506749072486151,-0.04289246026240191,54.55442779552981,0.27984033400146435,26.108999037083713,-0.003587140814961998,-0.9225473329323968,-0.08326989869552515,-0.042724856355297554,54.54719264207291,-0.002912651142192635,-0.007582919975767766,0.005739860631325262,-0.002845948265889131,0.0017975920293363673,0.00016760390710435918,-0.007235153456903731
1545,0.2823326975967277,26.071101525605634,-0.007629516614082583,-0.8995018075749108,-0.08677153713437682,-0.025269396118210486,54.52761869579951,0.28414200364594155,26.063100651369098,-0.010322953989028223,-0.8746011175690063,-0.0860959405003725,-0.024965473257586475,54.51937768011197,0.0018093060492138657,-0.008000874236536504,-0.0026934373749456404,0.024900690005904558,0.0006755966340043218,0.00030392286062401117,-0.008241015687538322
1546,0.28202263256701016,26.026571906782422,-0.004841575969473273,-0.8816689737926351,-0.0875797804541163,-0.0070603366713682565,54.500937879734515,0.2713348053477541,26.02122114396276,-0.022366322463908954,-0.8775751556484648,-0.08747390493072915,-0.004839985442655547,54.48741127714352,-0.01068782721925604,-0.005350762819663402,-0.01752474649443568,0.004093818144170314,0.00010587552338714445,0.002220351228712709,-0.013526602590992809
1547,0.28189666631895166,25.98293803068436,-0.0001884582143188993,-0.8636725316291448,-0.0874705327472485,0.011430244946079835,54.47425257907583,0.28590547438331515,25.981931845555835,-0.014927095356332874,-0.8676278270815706,-0.08771607950401838,0.010898668310407204,54.45554836624966,0.004008808064363489,-0.0010061851285243506,-0.014738637142013976,-0.003955295452425789,-0.00024554675676988214,-0.0005315766356726315,-0.018704212826172295
1548,0.2819646308847781,25.938287635680247,0.0029759871910844072,-0.9223297064115255,-0.08650949977921817,0.027011073775133693,54.45159518658405,0.2815260272157673,25.942278993871938,-0.004016029335979345,-0.925275994340092,-0.08569235443543555,0.02655461830262572,54.43847031625014,-0.0004386036690107731,0.003991358191690608,-0.006992016527063752,-0.002946287928566549,0.0008171453437826187,-0.0004564554725079717,-0.013124870333911076
1549,0.28215608297729977,25.89268291152056,0.0048345953100220485,-0.9018463251323928,-0.08471761657679955,0.044664254321611106,54.42478903834582,0.2839772204495855,25.90396371848715,0.00019141530551664487,-0.8915672323187982,-0.08496291316373394,0.044822053986659074,54.41067346604651,0.0018211374722857387,0.011280806966592394,-0.004643180004505403,0.010279092813594626,-0.00024529658693439593,0.00015779966504796822,-0.014115572299310486
1550,0.28257733077312425,25.848060917784338,0.01223893345419164,-0.8830207790278385,-0.08205496733028976,0.06184171553878046,54.39807413461119,0.2990088459334305,25.859657398503817,-0.001611549144642834,-0.8940594856644685,-0.08413637724444589,0.060319736016567344,54.38943439008138,0.016431515160306276,0.011596480719479274,-0.013850482598834474,-0.01103870663662998,-0.002081409914156132,-0.0015219795222131197,-0.008639744529816085
1551,0.2832959856304206,25.80438466685985,0.016804496704811045,-0.8640171725109238,-0.07854377117644841,0.07860613061487359,54.37135404402193,0.2863538540757232,25.796686185379496,-0.0005551729319352024,-0.8707242727217904,-0.07886223130349013,0.07771182183685243,54.351865160988865,0.0030578684453026472,-0.0076984814803537915,-0.017359669636746247,-0.006707100210866623,-0.000318460127041717,-0.0008943087780211578,-0.01948888303306262
1552,0.28411530018658093,25.761630068153565,0.01633285259890491,-0.8461532655941829,-0.07423779906584053,0.09363275380944143,54.34469834609106,0.28220010338523305,25.768386071394687,0.009044017847710542,-0.8560139963431076,-0.07415991233725006,0.09325208960147593,54.330730247250216,-0.0019151968013478848,0.006756003241122244,-0.007288834751194368,-0.009860730748924684,7.788672859047885e-05,-0.00038066420796549483,-0.013968098840841492
1553,0.28489157236879004,25.717848147370276,0.015075200135898347,-0.9051085219484252,-0.0692704627746839,0.10506069783682381,54.32207562855324,0.2757873844542634,25.72388214250732,0.022107745212322172,-0.911896677376087,-0.06771156448974791,0.10395968500265085,54.308348244257225,-0.009104187914526662,0.006033995137045167,0.007032545076423825,-0.006788155427661868,0.0015588982849359945,-0.0011010128341729652,-0.013727384296018386
1554,0.28557339597944126,25.673092558939967,0.01266937115731309,-0.8850975937415705,-0.06373049225623828,0.11653812290100095,54.29531569020709,0.2758395257171055,25.671241267012594,0.016652807047964725,-0.8771429714438617,-0.06382311970724253,0.11811125587725028,54.28051993308247,-0.009733870262335742,-0.001851291927373211,0.0039834358906516345,0.007954622297708824,-9.262745100424574e-05,0.0015731329762493362,-0.01479575712461667
1555,0.2862954491088249,25.62929504339643,0.01672665129008043,-0.8667848918358967,-0.057649208870027745,0.12671321254742038,54.268648912680185,0.2937324923694701,25.629457296956673,-0.002092454131096209,-0.8521548392061137,-0.058856208507429564,0.12634643487198183,54.261165991978025,0.007437043260645204,0.000162253560244352,-0.018819105421176638,0.014630052629783008,-0.001206999637401819,-0.000366777675438551,-0.00748292070215939
1556,0.28717097985336837,25.584480416453083,0.01876254434759642,-0.9257813731959144,-0.0511297554686031,0.13406492350956536,54.246038799489014,0.28818825536748643,25.58789783106358,0.01055234279286643,-0.9272740962496454,-0.05205598622894225,0.13526601003631836,54.24663372846089,0.0010172755141180656,0.003417414610495939,-0.00821020155472999,-0.0014927230537310487,-0.0009262307603391529,0.0012010865267529924,0.0005949289718785167
1557,0.28791534232458277,25.538714175719235,0.011597391589682982,-0.9048463420375483,-0.044261966635462474,0.14064662981605977,54.21924213889313,0.2875270908063382,25.531034039978465,0.017149350944929757,-0.9061467820388863,-0.045097377590546106,0.14158245419639373,54.2233826488351,-0.0003882515182445645,-0.007680135740770311,0.005551959355246775,-0.001300440001337999,-0.0008354109550836319,0.0009358243803339605,0.004140509941969128
1558,0.2882570679516856,25.493968935225197,0.002679634798817516,-0.8849386590367841,-0.03711894351169738,0.14507429513454403,54.19250189497461,0.2978014764112981,25.4908676492459,0.022928643775081574,-0.8842562472566998,-0.03762110152937703,0.14562850781923278,54.20183274722719,0.009544408459612519,-0.0031012859792980407,0.020249008976264058,0.0006824117800843243,-0.000502158017679652,0.0005542126846887485,0.009330852252581678
1559,0.2882296767058967,25.450191758203296,-0.0031533054920345697,-0.8661208090716978,-0.029811886785249042,0.14720797392338947,54.16582063192672,0.28595789946350114,25.452001726481093,0.010174641525001082,-0.8565020405760182,-0.030473845364543006,0.14868309991226764,54.18968806229319,-0.0022717772423955784,0.0018099682777972248,0.013327947017035652,0.009618768495679553,-0.0006619585792939642,0.0014751259888781676,0.02386743036647232
1560,0.2877468337370764,25.40732176853598,-0.015536106027791673,-0.8486490909669329,-0.022449753374740575,0.1472773624969492,54.139212138922694,0.2842400676467237,25.416195442337806,-0.017703234739656633,-0.8449292879386036,-0.021652831462357636,0.14810042862734757,54.15797163757542,-0.0035067660903526643,0.008873673801826243,-0.00216712871186496,0.003719803028329305,0.0007969219123829391,0.00082306613039837,0.018759498652727302
1561,0.28668394714497686,25.363407531780965,-0.02645163439813111,-0.9078900645908174,-0.015136925278422794,0.145235761355762,54.11662374122289,0.2914428250436888,25.367713997309608,-0.02283650155687813,-0.9173154122071535,-0.01536095604860277,0.14510865120615474,54.140218692747624,0.004758877898711933,0.004306465528642889,0.0036151328412529805,-0.009425347616336066,-0.00022403077017997541,-0.00012711014960725686,0.023594951524735563
1562,0.2854014153835397,25.318532186621788,-0.024225725848337196,-0.8871113690997425,-0.007809265756711223,0.14787061951270086,54.08986011492391,0.28475753370757123,25.33367999892287,-0.03757594326820694,-0.8799312967577877,-0.009832437549194495,0.14939426179659587,54.11777500941462,-0.0006438816759684607,0.015147812301083974,-0.013350217419869748,0.007180072341954835,-0.0020231717924832715,0.0015236422838950103,0.027914894490713493
1563,0.2846330932226574,25.27464235123982,-0.0058630240113339525,-0.8684917070346283,-0.00021898616374792582,0.15574056420583104,54.06319648905617,0.2853345832042509,25.2777880956367,-0.005100360401751002,-0.8683430456667139,-0.0006191472829026878,0.15676590948532387,54.09072748240252,0.0007014899815935283,0.0031457443968818666,0.0007626636095829503,0.00014866136791436002,-0.000400161119154762,0.0010253452794928286,0.027530993346353227
1564,0.2842610604516292,25.23167759611537,-0.00836178808263539,-0.8500809696514753,0.007520947323894779,0.15385677529987712,54.03656495332601,0.284031827540356,25.229041466326457,-0.004675089712933798,-0.843594840198535,0.007795782456530009,0.1545731961910425,54.06753827205468,-0.00022923291127319168,-0.0026361297889145874,0.003686698369701592,0.006486129452940248,0.00027483513263523024,0.0007164208911653869,0.030973318728676702
1565,0.2837134671958441,25.187700029555078,-0.012995412891480703,-0.9090018061635138,0.015121883698059,0.1501806796666917,54.01398444765387,0.2838610650603294,25.184198329082637,-0.012303276830512123,-0.8989866638430037,0.01384567399560277,0.1497823522170901,54.03478573218552,0.00014759786448526047,-0.003501700472440916,0.0006921360609685803,0.01001514232051004,-0.0012762097024562307,-0.0003983274496016098,0.02080128453165031
1566,0.2828899758395247,25.142749445192564,-0.019318162498055347,-0.8890004965406008,0.02247964904861697,0.14412993435562702,53.98727748852535,0.28670752582253495,25.14288292874611,-0.023677621971738946,-0.9133515769084674,0.023587008600825854,0.14328180795248507,54.0179512497857,0.00381754998301026,0.0001334835535473644,-0.004359459473683599,-0.024351080367866595,0.001107359552208885,-0.0008481264031419411,0.030673761260352705
1567,0.28212440500232966,25.09881825573002,-0.010695535541695653,-0.8682432949634725,0.029637053566704694,0.14216624636788194,53.96053369759666,0.27918823432362866,25.10287774852047,-0.002738838766013142,-0.8604785192394848,0.02937695309692412,0.1417636490541517,53.99002827261206,-0.002936170678701,0.004059492790450037,0.00795669677568251,0.007764775723987705,-0.00026010046978057477,-0.00040259731373024077,0.02949457501539854
1568,0.281845624919047,25.05585988090956,0.00013617900106303177,-0.8500865300649684,0.03665269940817361,0.13845958729087457,53.93393098893584,0.278359096849762,25.062360795020933,-0.005384449247973159,-0.8433885436386932,0.03795849921258565,0.14000840212295795,53.952034106348826,-0.003486528069285011,0.006500914111374101,-0.005520628249036191,0.006697986426275171,0.0013057998044120403,0.0015488148320833839,0.018103117412984204
1569,0.2819169576052731,25.013788647496877,0.0032894317547497933,-0.8327539657207903,0.043421034886436706,0.1322738318396492,53.90737742441086,0.28695155410320544,25.02166791160451,0.008930026788735704,-0.8280018165814228,0.043369779727486346,0.13245242712878819,53.91656958021673,0.005034596497932364,0.007879264107632622,0.005640595033985911,0.004752149139367501,-5.125515895035987e-05,0.00017859528913899414,0.009192155805870073
1570,0.2821426745806859,24.970664206613552,0.006202342728145065,-0.892212930226864,0.04986990618942508,0.12568102027988562,53.884844485286756,0.29075844873052237,24.965369529588475,0.00113317014257373,-0.9064944921577931,0.049828116108981746,0.1243419661097856,53.89215936899822,0.008615774149836442,-0.005294677025077021,-0.005069172585571335,-0.01428156193092911,-4.1790080443332434e-05,-0.0013390541701000236,0.007314883711465825
1571,0.2824916549304024,24.92656771935226,0.008271538267418733,-0.8716350202252753,0.05591367763311795,0.11606983746782926,53.85813118277678,0.29013138225726665,24.91964285649706,0.005355723637448902,-0.856828679916672,0.05602025815497891,0.11564714252217803,53.85650083440434,0.007639727326864243,-0.006924862855200331,-0.0029158146299698307,0.014806340308603283,0.00010658052186095918,-0.00042269494565122523,-0.0016303483724371404
1572,0.2829767926844561,24.883438327876423,0.011601077119559489,-0.8535274086154735,0.06143442655774795,0.10476011951737091,53.83155150294917,0.2837218168989558,24.88803503752413,0.006038160091898838,-0.8449831156992773,0.06187912321306399,0.10441048089462285,53.82939433779936,0.0007450242144997343,0.004596709647707087,-0.00556291702766065,0.008544292916196183,0.0004446966553160389,-0.0003496386227480608,-0.0021571651498106803
1573,0.28350377906824525,24.841200051284872,0.009894650705446923,-0.8359891299324799,0.06635018669094205,0.09187028581039267,53.80500581194941,0.2852945148909014,24.84098775764597,-0.003441922450295133,-0.8365912695052339,0.06607003473174133,0.08958220724351536,53.804875859675214,0.0017907358226561532,-0.00021229363890284958,-0.013336573155742056,-0.0006021395727540124,-0.00028015195920071123,-0.002288078566877308,-0.0001299522741931014
1574,0.28395326382206276,24.799829370592306,0.008443834767516357,-0.818823390522343,0.07059557964952635,0.07794543253297986,53.77848382167131,0.29667523331468193,24.790067461924455,0.0034414094209727474,-0.8141663139580494,0.07167753437180391,0.07700250645507557,53.77717345027946,0.012721969492619167,-0.009761908667851316,-0.005002425346543609,0.004657076564293594,0.0010819547222775533,-0.0009429260779042908,-0.0013103713918454218
1575,0.2842916373929855,24.757390709542328,0.005347209663465443,-0.8787073670939934,0.07416447255847936,0.06481028382513991,53.75599172796497,0.29842086072043134,24.749236780866454,-0.004675916441829146,-0.8858400386606047,0.07297632279823452,0.06520565854833546,53.75745471417271,0.014129223327445817,-0.008153928675874056,-0.01002312610529459,-0.007132671566611237,-0.0011881497602448388,0.000395374723195549,0.0014629862077413236
1576,0.28450141616082636,24.713948361850974,0.003286017526300801,-0.858971714544851,0.07701010526012528,0.04901502424069688,53.72934447096015,0.27519956555136815,24.712652318743288,-0.005258067346123804,-0.8471935859922639,0.07748076385519553,0.04921443487871653,53.73409783091566,-0.009301850609458207,-0.0012960431076862733,-0.008544084872424605,0.011778128552587086,0.00047065859507025576,0.0001994106380196481,0.004753359955508074
1577,0.2846523983697534,24.671445226056097,0.002925272541854763,-0.8411386576719573,0.07903963451043165,0.03216614577155816,53.702800289934544,0.2809714104749605,24.677767418538494,-0.014266822595305626,-0.8362070546616147,0.08001967055076076,0.030526210481643352,53.71034922002874,-0.003680987894792931,0.006322192482397071,-0.017192095137160388,0.004931603010342567,0.0009800360403291047,-0.001639935289914806,0.0075489300941953275
1578,0.2847113984778456,24.629820847796097,-0.0004654116293704839,-0.8238218847889414,0.08021382275256628,0.0148013839138268,53.676287078257964,0.28359823344438884,24.630824700810216,0.00048419286014653867,-0.8222087728418903,0.08064548505902369,0.014142716083393786,53.68830130512415,-0.0011131650334567644,0.0010038530141187607,0.0009496044895170226,0.001613111947051049,0.0004316623064574143,-0.000658667830433014,0.01201422686618514
1579,0.2845871374868692,24.58714503164187,-0.004478390305729576,-0.8831966280883495,0.08058360581196111,-1.0061538033404732e-05,53.65378306523944,0.27578946965649115,24.592827702456347,0.007798045326160753,-0.8748548426513401,0.07953374595227691,-0.00014754434293693243,53.66364000091089,-0.008797667830378053,0.005682670814476154,0.012276435631890329,0.008341785437009475,-0.001049859859684199,-0.0001374828049035277,0.009856935671450628
1580,0.28437944711988333,24.543469042722535,-0.00386565560050906,-0.8638295839808289,0.08015660743214803,-0.017069873654489795,53.62717257900856,0.29184964753251835,24.549124849177385,-0.014567141930727412,-0.8737117708355913,0.08018125516978802,-0.016338366776499344,53.637222303553294,0.00747020041263502,0.0056558064548504206,-0.010701486330218352,-0.009882186854762387,2.4647737639993395e-05,0.000731506877990451,0.010049724544735739
1581,0.2842571016174078,24.500760865772648,-0.0011377919017199287,-0.8444847018872275,0.07887728551951767,-0.03410300285072433,53.600567369811706,0.29553832447394285,24.50068222367669,0.003226364123985404,-0.8576309967005229,0.07735245750481212,-0.034341330816571675,53.609097145835335,0.011281222856535045,-7.864209595709326e-05,0.004364156025705333,-0.013146294813295434,-0.0015248280147055482,-0.00023832796584734306,0.008529776023628699
1582,0.2841644084152986,24.459000985515924,-0.002748519559251199,-0.8258976798625618,0.07677015694703121,-0.05018214004873409,53.5740064691564,0.27140788355265844,24.459236852524967,-0.008931915803560071,-0.8091288659272956,0.0772287713843074,-0.052374643929681275,53.577964647657666,-0.012756524862640173,0.00023586700904232316,-0.0061833962443088725,0.01676881393526619,0.00045861443727618356,-0.0021925038809471817,0.003958178501264342
1583,0.2839781259123755,24.416210903720767,-0.004906691878509367,-0.8856928043130085,0.07392742775728643,-0.06352702754105705,53.55154001025203,0.28885095041602543,24.417925408965633,-0.012011088129601855,-0.8839302047164377,0.07495907789102407,-0.0638825687569944,53.55138222377085,0.004872824503649953,0.0017145052448661602,-0.007104396251092488,0.0017625995965707686,0.001031650133737641,-0.0003555412159373522,-0.00015778648118214278
1584,0.28368600121783777,24.372425192862135,-0.007080369831390723,-0.8657234849200235,0.07037469821939779,-0.0785821539744888,53.52491616315066,0.2758593225091944,24.372340458754188,-0.0033717607292302783,-0.8910042203435141,0.06931805644711053,-0.07902076919174708,53.53183889121488,-0.007826678708643342,-8.473410794707092e-05,0.003708609102160445,-0.02528073542349063,-0.001056641772287259,-0.0004386152172582841,0.006922728064225225
1585,0.2833480208896886,24.329648443163332,-0.006801539857402257,-0.8453327082913374,0.06611382567011133,-0.09185274799696963,53.49827487448335,0.2752701411837445,24.32869872838545,-0.014696752505508566,-0.843380233053389,0.06697508549884379,-0.09157670088640925,53.5145672281286,-0.008077879705944091,-0.0009497147778816384,-0.007895212648106309,0.0019524752379483923,0.0008612598287324608,0.0002760471105603818,0.01629235364524817
1586,0.2830222354759914,24.28783339416854,-0.0066452369014417855,-0.8272555022021836,0.06121219246704691,-0.10421258012560719,53.47175851595696,0.29390088950408677,24.29646104745696,0.004965609735546991,-0.8449026173214564,0.06117894974972771,-0.10400358643127189,53.47968657213037,0.010878654028095347,0.008627653288417747,0.011610846636988775,-0.01764711511927286,-3.3242717319199866e-05,0.00020899369433530213,0.007928056173412301
1587,0.28281061543297503,24.2469239338098,-0.002284631563688488,-0.8091074766450526,0.055735154991258314,-0.11486891890593665,53.44524253142356,0.2911194244490015,24.24876636281001,-0.005338601502771063,-0.8142213924571517,0.05627435033613004,-0.11412797496097488,53.452776406158854,0.008308809016026486,0.0018424290002094779,-0.003053969939082575,-0.00511391581209919,0.0005391953448717277,0.0007409439449617694,0.007533874735294432
1588,0.28277442697650695,24.204983201873734,0.000410770174891017,-0.8685053196805677,0.04979933480709624,-0.12256388846054635,53.42277377266609,0.28947949808830403,24.203449262227593,0.009799769618814135,-0.867981839932647,0.0506931297189146,-0.12307671129665806,53.43622861495639,0.0067050711117970785,-0.0015339396461406807,0.009388999443923119,0.0005234797479206632,0.0008937949118183602,-0.0005128228361117176,0.013454842290300917
1589,0.2829147003872857,24.162042773922543,0.0046635964625905005,-0.849093556542537,0.04348539129188075,-0.12999385214807338,53.39620028399377,0.28158632074017836,24.16382622039378,0.02320642451552188,-0.8504701323449634,0.04228752128336799,-0.13065478211356688,53.40806031993254,-0.0013283796471073583,0.0017834464712365161,0.01854282805293138,-0.0013765758024263386,-0.0011978700085127567,-0.0006609299654934953,0.011860035938767055
1590,0.2833668717143812,24.120050690955914,0.012860869630227593,-0.8305677232700863,0.03686268977629104,-0.13491420847551475,53.369675249489966,0.2941031368541478,24.10734508183957,0.0039396492860109995,-0.8278835845990722,0.03595008602314209,-0.13477958832860829,53.386700882557314,0.01073626513976661,-0.012705609116345329,-0.008921220344216593,0.0026841386710141357,-0.0009126037531489509,0.00013462014690646118,0.017025633067348167
1591,0.2842569202159439,24.07895761849791,0.022163818089000933,-0.8131310136328249,0.030042730456004908,-0.1378841643359307,53.343209823991636,0.29198762209934714,24.07100439465919,0.023069870751294498,-0.8201186565123704,0.030182113820683476,-0.13834440925616268,53.36697295644157,0.007730701883403246,-0.00795322383871877,0.0009060526622935647,-0.006987642879545453,0.00013938336467856846,-0.0004602449202319725,0.02376313244993611
1592,0.2852497367395154,24.0387291349966,0.016949641540357434,-0.7960037738326948,0.022945812679792968,-0.14599254671254697,53.31676614103349,0.2789374596829921,24.03390409762532,0.015144180008226074,-0.7914069612765671,0.022746594480062665,-0.14806243937386995,53.342177170797456,-0.006312277056523319,-0.004825037371279706,-0.0018054615321313593,0.004596812556127761,-0.00019921819973030275,-0.002069892661322986,0.025411029763965587
1593,0.2859989176893164,23.997424874550525,0.012485458836541435,-0.8561584580739873,0.01552347297623801,-0.15090104142965133,53.29435458121741,0.28655825129670953,24.0128373165837,0.01072685194100356,-0.8623843644002237,0.015231384260243175,-0.14962620464481122,53.32249365840393,0.000559333607393131,0.015412442033174045,-0.0017586068955378741,-0.00622590632623643,-0.0002920887159948357,0.001274836784840111,0.028139077186516204
1594,0.28668438121361267,23.955101085985618,0.014283905476105346,-0.8367837920264162,0.00788863116489302,-0.1544926310241483,53.26780544050917,0.2906397031779371,23.956847875603334,0.021834888922718766,-0.8155841365250223,0.007134432672165403,-0.15521329787852176,53.29368192610483,0.00395532196432441,0.0017467896177159048,0.0075509834466134206,0.02119965550139391,-0.0007541984927276167,-0.0007206668543734418,0.025876485595659915
1595,0.2874092583882037,23.91368874984064,0.014055334312941873,-0.8196974687557403,0.00013369003313116155,-0.155705014246326,53.2413802579312,0.29292205132951576,23.903877887879013,0.023089457030857817,-0.8338564967075829,0.0006823726071525371,-0.15481714359227186,53.26713007807499,0.005512792941312072,-0.009810861961629058,0.009034122717915944,-0.01415902795184254,0.0005486825740213756,0.0008878706540541292,0.02574982014379401
1596,0.2876792656517876,23.873147403416812,-0.003927445301920299,-0.8019664949457389,-0.007805030474809531,-0.16184380607130175,53.21490931394579,0.29535874794838585,23.86663850514487,-0.004309906916945888,-0.8122840743042816,-0.00844222326454469,-0.1618654007224585,53.23901664906309,0.007679482296598261,-0.006508898271942343,-0.00038246161502558836,-0.010317579358542717,-0.0006371927897351592,-2.1594651156753297e-05,0.02410733511730001
1597,0.28762442820401163,23.833473286853113,0.0010561589128893203,-0.784980339619051,-0.015810118251998143,-0.15835970501624275,53.18849744915122,0.2735766217935992,23.830624226604012,-0.018124888894365136,-0.7803200404849248,-0.014819146721614995,-0.1588618726099229,53.20906386337753,-0.014047806410412422,-0.002849060249101143,-0.019181047807254457,0.0046602991341262445,0.0009909715303831473,-0.0005021675936801584,0.020566414226308893
1598,0.28778190004114235,23.79271229852013,0.004683467598844815,-0.8454409023215687,-0.023613592702824166,-0.1537792730167982,53.16612087903892,0.28611370318851653,23.790258452260915,0.00013922004087334704,-0.843207168259595,-0.023750145420504243,-0.154304117855211,53.191153802355,-0.001668196852625814,-0.0024538462592147425,-0.004544247557971468,0.002233734061973691,-0.00013655271768007668,-0.0005248448384128079,0.02503292331607554
1599,0.28775658071773474,23.750903131732734,-0.006345888882633973,-0.8269263125277936,-0.031275175820603456,-0.1526840516943734,53.13963280640946,0.2936308887406782,23.743918642691387,-0.0032127459461113537,-0.8332641363326004,-0.03152438145956804,-0.15259766328024893,53.162317680159255,0.005874308022943475,-0.006984489041347075,0.0031331429365226192,-0.0063378238048068525,-0.000249205638964585,8.638841412447751e-05,0.022684873749795997
1600,0.28722795642380017,23.710009006390884,-0.015439147089498617,-0.8088364728731261,-0.03882574273317903,-0.14933862480864937,53.113173181356785,0.2946280586930073,23.703124089530455,-0.017782362391741958,-0.820730568014891,-0.038640947850206775,-0.14843674615626531,53.132609024737526,0.0074001022692071206,-0.0068849168604288025,-0.0023432153022433407,-0.011894095141764871,0.00018479488297225288,0.0009018786523840583,0.01943584338074089
1601,0.28628651053893317,23.67000493091324,-0.022839365288972374,-0.7913219068897137,-0.04615696104272458,-0.14391010757317269,53.086749173829745,0.28653156932693497,23.662818484690014,-0.03606350940116807,-0.7830993739934418,-0.047256301382808896,-0.14427366311634135,53.11100649339566,0.00024505878800179515,-0.007186446223226284,-0.013224144112195697,0.00822253289627195,-0.001099340340084319,-0.00036355554316866434,0.024257319565911928
1602,0.28544817710476933,23.628930116659678,-0.011188018935434065,-0.851643860747233,-0.053040054564586915,-0.1314136333013209,53.064373359257,0.28255043699252286,23.640027179824955,-0.017506723013501417,-0.8369304733673484,-0.051569568468793126,-0.13151541739240666,53.08620289408734,-0.002897740112246472,0.011097063165276921,-0.006318704078067353,0.01471338737988459,0.0014704860957937896,-0.00010178409108577147,0.021829534830345665
1603,0.2849250331608362,23.58680872353966,-0.010276016815229617,-0.8332034111995491,-0.05938405065068461,-0.12234621014258688,53.037911943716736,0.29023918833679685,23.582337292814234,-0.008928238000691235,-0.8265915639679206,-0.057668750039517214,-0.12344617572256789,53.069668550172025,0.005314155175960622,-0.004471430725427439,0.001347778814538382,0.006611847231628554,0.0017153006111673974,-0.001099965579981002,0.031756606455289216
1604,0.284437438702038,23.545598761968634,-0.009723559699409324,-0.8151849799004018,-0.06523363481661153,-0.11163715649448999,53.01147727273238,0.2818841696307638,23.546633576962066,-0.012367451463973715,-0.7960228775550264,-0.06569294934298453,-0.11305678370559095,53.04640202599089,-0.0025532690712742334,0.0010348149934316098,-0.0026438917645643916,0.01916210234537541,-0.0004593145263730031,-0.0014196272111009628,0.034924753258515295
1605,0.28389663311965047,23.503352010542994,-0.01228928951172607,-0.8746716404963091,-0.07054067893428959,-0.10064460821263256,52.989077200922935,0.2721123354546578,23.50330842734779,-0.015283108464996364,-0.867615876404463,-0.07029604189952599,-0.09955379983460606,53.02315404468781,-0.011784297664992671,-4.358319520392229e-05,-0.002993818953270295,0.007055764091846051,0.00024463703476360066,0.0010908083780264977,0.03407684376487197
1606,0.2833772112860667,23.460122701393896,-0.008886248056740698,-0.8544870173706864,-0.07521617196585084,-0.08637511304981789,52.962539799438666,0.27216720435896197,23.46595219987307,-0.017559152525121392,-0.8541608803984153,-0.07578374761756379,-0.08574634248267715,53.00224771600288,-0.011210006927104721,0.005829498479172912,-0.008672904468380694,0.00032613697227112937,-0.0005675756517129482,0.0006287705671407379,0.03970791656421113
1607,0.28315311072889404,23.417886931236033,-0.00041443668011998877,-0.8349289773410584,-0.07914183245728122,-0.0706513066073971,52.93603905672581,0.28378819321686394,23.422790280970137,-0.013194172351077189,-0.8383614901310997,-0.07953637302281136,-0.07082006865466113,52.97156322426801,0.0006350824879698957,0.004903349734103557,-0.0127797356709572,-0.003432512790041309,-0.0003945405655301354,-0.00016876204726402888,0.035524167542199336
1608,0.28325969354618974,23.37660981883666,0.004412210100282533,-0.816140623057087,-0.08225926463451579,-0.05404598048198547,52.90958244636163,0.2749144004104981,23.365504090544736,-0.003978285838842513,-0.8192607034999289,-0.08130668429428045,-0.052736900909483825,52.94880662952508,-0.008345293135691656,-0.011105728291923356,-0.008390495939125046,-0.003120080442841844,0.0009525803402353344,0.001309079572501648,0.03922418316344789
1609,0.2835309038106902,23.336249900142445,0.006243097080383095,-0.7982417478183328,-0.0845392265209819,-0.03715249497665947,52.88317642834234,0.286927535703497,23.338795114847898,0.003920151188445034,-0.7934643163409048,-0.08371684481220276,-0.03822939889637957,52.92308157430239,0.0033966318928068118,0.0025452147054529917,-0.0023229458919380606,0.00477743147742804,0.0008223817087791435,-0.0010769039197201027,0.03990514596004857
1610,0.28392272193343043,23.294852120123057,0.009322253689127261,-0.8576551778889613,-0.08602811674293989,-0.022403113901659756,52.86079087644208,0.28201214109087264,23.29498642909001,0.027407908267911507,-0.874047868782148,-0.08731687372682995,-0.02202259967295666,52.90046261192365,-0.0019105808425577964,0.00013430896695254546,0.018085654578784246,-0.016392690893186734,-0.0012887569838900548,0.0003805142287030966,0.039671735481569215
1611,0.28448793121734267,23.252486862048354,0.013229609242334845,-0.8369410969199543,-0.08669061987982994,-0.004097011573942249,52.83424722068819,0.27302624775386725,23.255276636514434,0.016123063666286217,-0.8399048528774568,-0.08670280120182294,-0.002750401216015741,52.87093216849885,-0.011461683463475425,0.00278977446608053,0.0028934544239513724,-0.002963755957502423,-1.2181321993001704e-05,0.0013466103579265081,0.0366849478106559
1612,0.2852898500961221,23.2111153532741,0.018866578655036517,-0.8179057250857596,-0.08644708136365072,0.013838552221111518,52.80779530485367,0.28297299575434526,23.212065637976835,0.021235924188021428,-0.8193710006228997,-0.08776584304161128,0.013989086653349728,52.845210302453,-0.002316854341776864,0.0009502847027356154,0.0023693455329849115,-0.0014652755371400428,-0.0013187616779605643,0.00015053443223820955,0.03741499759932765
1613,0.28630463610658535,23.170670839584222,0.02182138934109938,-0.799861829225432,-0.08530503079820596,0.03184347039667866,52.78139891707091,0.26888523535615527,23.16368697627407,0.025883545121347606,-0.8059348731394168,-0.08532782696577002,0.032346669648917206,52.809185658914224,-0.01741940075043008,-0.00698386331015044,0.004062155780248225,-0.006073043913984777,-2.279616756405145e-05,0.0005031992522385453,0.027786741843314644
1614,0.287448329950471,23.131112189005346,0.024097177525745292,-0.7824711947220672,-0.08328527252045159,0.048946860713496465,52.755041120942835,0.2844177548397652,23.122269770863088,0.008569334019357461,-0.7943832178656539,-0.08425319119990737,0.046875846307470305,52.77244814250718,-0.0030305751107057577,-0.008842418142258168,-0.01552784350638783,-0.011912023143586747,-0.0009679186794557815,-0.00207101440602616,0.01740702156434537
1615,0.28883106639628553,23.092408657797087,0.031452074733347726,-0.7656573933720985,-0.08042128624897123,0.06561259014571814,52.72871749420066,0.2883592933953137,23.09260273827082,0.04006760865524172,-0.7412495623484288,-0.08106823854992307,0.0644763929786675,52.751897072590786,-0.0004717730009718424,0.00019408047373303816,0.008615533921893993,0.024407831023669724,-0.0006469523009518391,-0.0011361971670506427,0.02317957839012763
1616,0.2904101800561105,23.052588515064134,0.031970312395128736,-0.8271349325783625,-0.07681424230710403,0.07866916752896998,52.70646131991995,0.2857361821881303,23.045536410708976,0.0354706874160552,-0.840653565904304,-0.07643046962772448,0.07921097470349439,52.72349667243731,-0.0046739978679802285,-0.0070521043551572404,0.003500375020926462,-0.013518633325941498,0.0003837726793795432,0.0005418071745244141,0.017035352517353886
1617,0.291977130922958,23.011711910828677,0.03107167410398433,-0.80791470641062,-0.07252958898289041,0.09271696543957456,52.680022088585176,0.29182949386220786,23.007885735861976,0.026001094500356037,-0.8040386698057919,-0.07065686605571919,0.09425287777469896,52.69680468933636,-0.00014763706075016092,-0.0038261749667007905,-0.005070579603628292,0.003876036604828159,0.001872722927171222,0.0015359123351244008,0.016782600751184873
1618,0.2934296242357514,22.971750968917718,0.02744613277491404,-0.7905063342047077,-0.06758879217761017,0.10491490677163509,52.65368051235279,0.28988928944464515,22.95996890477747,0.027080458628462055,-0.7971497580660936,-0.06731958199404797,0.10564065328007549,52.66413694326022,-0.00354033479110627,-0.011782064140248849,-0.0003656741464519858,-0.006643423861385833,0.00026921018356219906,0.0007257465084404002,0.010456430907424874
1619,0.2946936989358981,22.932652320592965,0.023584055862362827,-0.7734224352634818,-0.06206530465721283,0.11602459404425855,52.627359953628684,0.28995840447090815,22.926194581709243,0.02589869424183618,-0.7757908501662505,-0.06074565201419002,0.11630878463364783,52.629066560094465,-0.0047352944649899364,-0.0064577388837214755,0.002314638379473353,-0.002368414902768734,0.0013196526430228062,0.0002841905893892771,0.0017066064657811353
1620,0.29575479597945503,22.892481793316094,0.01929032826130533,-0.833379758441214,-0.056071083538854934,0.12374425069005723,52.60503820698779,0.29722556164530306,22.890768126185602,0.012948581940187087,-0.8154301958413269,-0.05568412815189294,0.12379644394069816,52.61033569003034,0.0014707656658480284,-0.0017136671304918139,-0.006341746321118244,0.017949562599887114,0.00038695538696199155,5.219325064093061e-05,0.005297483042546958
1621,0.2966155599260864,22.85126303987211,0.015681486671329504,-0.815349365108058,-0.049693587419349476,0.13135559409016118,52.5786759386752,0.29262101140282926,22.848772811321034,0.03814635052218694,-0.8038355056299742,-0.051097104580606345,0.13124924836115193,52.59153631372233,-0.0039945485232571465,-0.0024902285510748357,0.022464863850857438,0.01151385947808381,-0.001403517161256869,-0.00010634572900924955,0.012860375047132777
1622,0.297283537777876,22.8109326083599,0.011607500236980182,-0.7978458140579534,-0.042973054376840895,0.13746572761018203,52.55234479903772,0.30274943947943705,22.82461783808907,0.0021994893374055677,-0.8033203592959756,-0.043606011996191185,0.13681179815018815,52.56546766322303,0.005465901701561082,0.013685229729169635,-0.009408010899574614,-0.005474545238022155,-0.0006329576193502898,-0.0006539294599938739,0.013122864185312721
1623,0.2976211820631791,22.771476260547004,0.0024891453742031007,-0.7803832833263006,-0.03599983785244139,0.14146293336579838,52.526018240862705,0.2907533827410814,22.772483526882503,0.007002240341806193,-0.7660442964846206,-0.035538037298731506,0.1421455607777998,52.53728007236165,-0.00686779932209769,0.0010072663354989686,0.004513094967603092,0.014338986841680001,0.0004618005537098818,0.0006826274120014242,0.011261831498948993
1624,0.29748821232746303,22.730948792286192,-0.007297615916640897,-0.840689382875758,-0.02889273043616374,0.14282136328530756,52.503724615643314,0.2811591199967244,22.726627697787155,-0.00011047851076540806,-0.832276404577469,-0.030528729958838596,0.14307046090430162,52.50899514490805,-0.016329092330738648,-0.004321094499037059,0.007187137405875489,0.00841297829828902,-0.0016359995226748573,0.00024909761899405414,0.005270529264734591
1625,0.29679845835427804,22.689387003124132,-0.019686135134705053,-0.8217537705490835,-0.02174692645754226,0.14301079585955156,52.47732769791562,0.27583814436730236,22.690748814926682,-0.0039619113103266206,-0.8178643851781193,-0.022014086309682046,0.14293726861348025,52.48018283868603,-0.020960313986975676,0.001361811802549795,0.015724223824378433,0.0038893853709641713,-0.00026715985213978527,-7.352724607131988e-05,0.0028551407704071607
1626,0.29544036356367914,22.648752544887497,-0.034034858304198994,-0.8035929298958079,-0.014652939673163251,0.14074867551560885,52.45097124337814,0.302965920639707,22.644625305949166,-0.04050120426672385,-0.8046090717823823,-0.013171205896065352,0.13956244689461866,52.450679783092106,0.007525557076027867,-0.0041272389383308905,-0.006466345962524857,-0.0010161418865743954,0.0014817337770978989,-0.0011862286209901873,-0.0002914602860357718
1627,0.2942344452533533,22.60900941629484,-0.013592263133208604,-0.7861397124670036,-0.007395305983762331,0.14955667206042797,52.42465183124429,0.28620659567510764,22.60576731035964,-0.013418745732133055,-0.7800835723888911,-0.009409743449391161,0.15058795344926387,52.42987979728094,-0.00802784957824565,-0.0032421059352003567,0.00017351740107554928,0.006056140078112504,-0.0020144374656288306,0.001031281388835903,0.005227966036649434
1628,0.2935716715334965,22.57011658980571,-0.012285386594322715,-0.7695598936295441,0.00010197370720427344,0.15033451557823618,52.39839751119493,0.2874211220770645,22.564081455852858,-0.016533143081305355,-0.761075616302073,-0.0005560204190442342,0.14992988447681047,52.405764077964,-0.0061505494564320085,-0.0060351339528530445,-0.00424775648698264,0.008484277327471146,-0.0006579941262485076,-0.00040463110142571757,0.007366566769071881
1629,0.29294117176634304,22.530132304391703,-0.012398406697988725,-0.8297949549411148,0.007581108403718437,0.14883087228233033,52.37612486942311,0.2859297561301039,22.52701734481496,-0.015174238952271503,-0.8204652635189746,0.008160359477179302,0.1501741520004275,52.3770525774169,-0.007011415636239138,-0.0031149595767416827,-0.0027758322542827778,0.00932969142214013,0.0005792510734608652,0.0013432797180971678,0.0009277079937888288
1630,0.2921673698081151,22.489108213550356,-0.017931471604082403,-0.8111481748553938,0.014914757021561618,0.14451507243139694,52.34977103058087,0.297470565523032,22.490376958057922,-0.017064942064777443,-0.8058278680901344,0.015340195983026383,0.1433787095185476,52.354576736495105,0.005303195714916942,0.0012687445075663106,0.0008665295393049596,0.005320306765259408,0.00042543896146476565,-0.0011363629128493535,0.004805705914236569
1631,0.29153233364384246,22.448997795956508,-0.006857943465871059,-0.7932675258497555,0.022150853747254014,0.14492879659629895,52.32345706992323,0.30264981155046067,22.449870452724404,-0.005880061774252977,-0.7897052100962741,0.020277209682205033,0.14552185273658375,52.3285548562467,0.011117477906618212,0.0008726567678962738,0.0009778816916180821,0.0035623157534813155,-0.0018736440650489808,0.0005930561402847923,0.005097786323467801
1632,0.2910838211537574,22.409762929280344,-0.010485181795933312,-0.7761045746679236,0.02920137254649762,0.13709195537344532,52.29718723217092,0.29158338077170826,22.420673092887547,-0.01971976016356424,-0.7736578010820649,0.02931291153511184,0.13814814856107147,52.30223297792508,0.0004995596179508399,0.010910163607203316,-0.00923457836763093,0.0024467735858586526,0.00011153898861421957,0.0010561931876261477,0.005045745754159725
1633,0.2908817134009361,22.37136729967906,0.0029676511728193144,-0.7597149770331125,0.035966937492875266,0.13353064248166047,52.27096194598946,0.28511379642565504,22.394603190253175,0.01051375476975509,-0.7668209827150787,0.03536158623500629,0.13372065170511158,52.26974059346023,-0.005767916975281062,0.023235890574113682,0.007546103596935775,-0.0071060056819661765,-0.0006053512578689732,0.0001900092234511097,-0.0012213525292352756
1634,0.2907586627461552,22.33188126481627,-0.00742863963466304,-0.8197018878151227,0.04238655979034679,0.12325424941720053,52.24868909563054,0.2851175955640537,22.334552544287067,-0.025343067043564888,-0.8127912092621274,0.0427730415879064,0.12166152009021325,52.25832535987244,-0.0056410671821015,0.0026712794707961507,-0.017914427408901847,0.006910678552995209,0.00038648179755960965,-0.0015927293269872855,0.009636264241898118
1635,0.2904976776299447,22.291358357870028,-0.002504134800523046,-0.801204651099707,0.048367068554005764,0.11596610112915837,52.22236568467558,0.28894439858421106,22.294727608564973,-0.010111371032013261,-0.8065394114288884,0.048195264147692374,0.11597185359384705,52.22022514572734,-0.0015532790457336576,0.0033692506949449808,-0.007607236231490215,-0.005334760329181454,-0.00017180440631339028,5.752464688688064e-06,-0.002140538948239623
1636,0.29045590413938815,22.251752528715503,0.001305394715313689,-0.7830173492605007,0.05394373744556011,0.10710065453301545,52.19606296890335,0.28694308218552517,22.265579649980562,-0.007615124932491236,-0.7923086452077857,0.053363363200106484,0.10673367552177719,52.188301990529894,-0.003512821953862988,0.013827121265059361,-0.008920519647804926,-0.00929129594728495,-0.0005803742454536243,-0.0003669790112382637,-0.0077609783734544635
1637,0.2905604000853115,22.21303847881346,0.0033058932077254135,-0.7655323872172622,0.059042145947657734,0.09683568555088973,52.16980105699886,0.2901419276172332,22.214537541247115,0.022789211472715117,-0.7735018564576329,0.059319426000204345,0.09507891889701861,52.16150495888922,-0.0004184724680783014,0.0014990624336554959,0.019483318264989703,-0.007969469240370675,0.0002772800525466107,-0.0017567666538711169,-0.00829609810963916
1638,0.29069890899383444,22.175176293892502,0.0026183149039060976,-0.748940977168336,0.0635845424571696,0.08486017482958483,52.14358974845436,0.29485631459167394,22.16487131932645,-0.006950653106141971,-0.7417162545193567,0.06522213157414969,0.08580176475508886,52.1358244931197,0.004157405597839503,-0.010304974566050618,-0.009568968010048069,0.0072247226489792205,0.0016375891169800871,0.0009415899255040272,-0.007765255334660992
1639,0.2909498404627998,22.136209751390105,0.007700421260871808,-0.809705833824054,0.06754185599906555,0.073432366846253,52.121381546996176,0.28751104991693116,22.14147803446976,0.02525683144388594,-0.8048038195751854,0.06717899045212228,0.07203767179330718,52.11193540725724,-0.003438790545868653,0.0052682830796548785,0.01755641018301413,0.0049020142488686025,-0.00036286554694327233,-0.0013946950529458157,-0.009446139738933823
1640,0.2912890404593672,22.09618001095666,0.006149077823214364,-0.7914691010802031,0.07086184251416995,0.05936709375792294,52.09509410745435,0.2873461097495673,22.083292833531136,0.0024080203317448784,-0.7932639347259052,0.07105455815252792,0.059584263435427456,52.08475211725688,-0.003942930709799897,-0.01288717742552592,-0.0037410574914694857,-0.0017948336457020986,0.00019271563835797367,0.000217169677504514,-0.01034199019746751
1641,0.291589325583405,22.05704881546275,0.006082034727247501,-0.7737638458793699,0.07345614669546799,0.04440507349399858,52.06883817600997,0.30531207934107407,22.056384849632817,-0.010781534176890314,-0.7630641532843867,0.07372225757849993,0.044397998689627856,52.054345197375426,0.01372275375766907,-0.0006639658299327778,-0.016863568904137816,0.010699692594983157,0.0002661108830319392,-7.0748043707255515e-06,-0.014492978634542908
1642,0.2918194115043461,22.018765261587717,0.0032762678966455436,-0.7575636266611614,0.07528831384269113,0.02888161239492746,52.042664119546444,0.28359118933613553,22.02374103602116,0.013248485375107897,-0.7467573189486245,0.07525974242060451,0.028191905026870547,52.02593639384466,-0.008228222168210564,0.004975774433443547,0.009972217478462353,0.010806307712536878,-2.8571422086620668e-05,-0.0006897073680569125,-0.01672772570178438
1643,0.291971134449923,21.979375273222537,0.0028721024300667995,-0.8180217144199518,0.0763959236339508,0.015422779255458942,52.02045469512111,0.29776639857890935,21.984965918056872,-0.001990611204004171,-0.8299638430333688,0.07584430314131785,0.01500137987534881,52.012966915787075,0.005795264128986344,0.0055906448343350235,-0.0048627136340709705,-0.011942128613417036,-0.000551620492632951,-0.000421399380110132,-0.007487779334034883
1644,0.29217592251579017,21.9389652209997,0.0053502480249229805,-0.7983665192354455,0.07676780668718869,-0.000547457125943342,51.994111295975316,0.31252032279942715,21.933202131464963,-0.017027896293375595,-0.8006017374395652,0.07658242079894606,3.919080947749473e-05,51.98303104842211,0.020344400283636987,-0.005763089534738697,-0.022378144318298578,-0.002235218204119649,-0.00018538588824262847,0.0005866479354208367,-0.011080247553202582
1645,0.2924433735875794,21.899502054947757,0.005311660517601476,-0.7801466584665141,0.07634132285785843,-0.01651189604726691,51.967846227635306,0.29277157007566823,21.90512198225428,-0.0006500070124538411,-0.771597450219092,0.07740447675346385,-0.01608617761233776,51.95806368345802,0.00032819648808884994,0.005619927306522499,-0.005961667530055317,0.008549208247422113,0.0010631538956054204,0.00042571843492915026,-0.00978254417728408
1646,0.29271941811489094,21.86091419020985,0.005626392385861472,-0.7633550124928647,0.07511509724393296,-0.03253712850975145,51.94165890414245,0.2969827977000546,21.85769830351343,0.00876269206580391,-0.7752729848964331,0.07495534082400068,-0.03461183887476401,51.93376539947969,0.004263379585163651,-0.003215886696420256,0.003136299679942438,-0.0119179724035684,-0.0001597564199322804,-0.0020747103650125623,-0.00789350466276062
1647,0.2930109302971928,21.823171928201113,0.005864353627132513,-0.7463225588936384,0.07310849866143694,-0.047726814790089445,51.915463832204765,0.29082671449151964,21.830217308110665,0.022461063108963997,-0.7429079130763709,0.07349461016363623,-0.04881344109086935,51.906485227834125,-0.0021842158056731287,0.007045379909552452,0.016596709481831486,0.00341464581726747,0.0003861115021992906,-0.0010866263007799082,-0.008978604370639687
1648,0.29335018031384175,21.784344636989914,0.007511958835302012,-0.8067563250196876,0.070411359497943,-0.06015875174966842,51.89327181214708,0.2865164706728651,21.777295933490183,0.012088594705761301,-0.8012500176755105,0.07000050472734598,-0.058945118305144914,51.880634209157485,-0.006833709640976626,-0.007048703499730635,0.00457663587045929,0.005506307344177119,-0.0004108547705970189,0.001213633444523507,-0.012637602989592267
1649,0.29379757020342895,21.74446684861288,0.010099221828400425,-0.7883419486160395,0.06706465690598377,-0.0737093519287006,51.867014720878274,0.2970158379241691,21.74562250075339,0.031931014623881565,-0.8023516709385395,0.06627479567733685,-0.07473561114442936,51.85664443341545,0.003218267720740131,0.0011556521405111653,0.021831792795481142,-0.014009722322500084,-0.0007898612286469237,-0.0010262592157287698,-0.010370287462826866
1650,0.29432450114975583,21.705511980370087,0.010639098978695053,-0.7698388265281779,0.06306878115592487,-0.08612567807365537,51.84075730040572,0.2953958011837601,21.700927131538762,0.0036087143598734737,-0.7689188400186912,0.06263593258536826,-0.08662463730658933,51.83414068611237,0.0010713000340042411,-0.004584848831324706,-0.00703038461882158,0.0009199865094867699,-0.0004328485705566154,-0.000498959232933957,-0.0066166142933496985
1651,0.2949067852370901,21.66744168265122,0.012264723644273789,-0.7529581779930528,0.05848491320832315,-0.09722903983041364,51.814587707830114,0.2986958484838877,21.67425415871808,0.014822791332872436,-0.7529191542237627,0.0572159904256484,-0.0967334808434288,51.803955202610766,0.0037890632467976193,0.006812476066862416,0.0025580676885986475,3.902376929010298e-05,-0.0012689227826747501,0.0004955589869848481,-0.010632505219348332
1652,0.29567642591925186,21.63019535968872,0.018089348524798113,-0.7368781697369199,0.05338655058314214,-0.10670546517682686,51.78846320636988,0.300747893252205,21.630084591012956,0.02265450075026317,-0.7381331578367035,0.051569983368707106,-0.10699462627372092,51.7713029145149,0.005071467332953161,-0.00011076867576420568,0.004565152225465056,-0.0012549880997836382,-0.0018165672144350303,-0.00028916109689405833,-0.017160291854985132
1653,0.29672498926512786,21.59183823748107,0.02345842886318604,-0.7973891412770265,0.04788608312187355,-0.11331323327391683,51.76629262733948,0.31759834525041536,21.58982923673107,0.009031207261902065,-0.7975108547353832,0.04885962346556694,-0.11291912122918633,51.751955263640774,0.0208733559852875,-0.0020090007500002116,-0.014427221601283974,-0.0001217134583566537,0.0009735403436933882,0.0003941120447304991,-0.014337363698707861
1654,0.2981071901372889,21.552427974232486,0.03133253659324413,-0.7790032787997441,0.042046566801498354,-0.1202674195410909,51.74005775583631,0.29028545232626596,21.549477690178474,0.030885284570189138,-0.7779826410923504,0.04295480017683628,-0.12147084545714701,51.72860170881924,-0.007821737811022966,-0.002950284054012542,-0.0004472520230549906,0.00102063770739369,0.0009082333753379287,-0.001203425916056114,-0.011456047017070148
1655,0.2993970100834437,21.513911301198,0.019726104494441662,-0.7616621850637632,0.03573563982242061,-0.13216965962201893,51.71387518093484,0.28949947928182906,21.510383686903094,0.01924958287557982,-0.7485199918125318,0.036491475382136596,-0.1311638505779802,51.71367215370347,-0.009897530801614651,-0.003527614294906556,-0.00047652161886184083,0.013142193251231338,0.0007558355597159852,0.0010058090440387413,-0.00020302723137177736
1656,0.3006791725464249,21.47622783181794,0.030993251240084993,-0.7456539101142015,0.029047877109650604,-0.1353408488887813,51.68776910797367,0.2998974119382781,21.474697645310567,0.04456455433033352,-0.7631869466579675,0.02964759771970149,-0.13449420421998795,51.681145754229135,-0.0007817606081467754,-0.0015301865073737986,0.013571303090248524,-0.017533036543766034,0.0005997206100508863,0.0008466446687933615,-0.006623353744537042
1657,0.30160155028780666,21.439349483215473,0.005300221289511554,-0.7294970326913344,0.021913425527387353,-0.15003721440174875,51.66162899625992,0.30745802975232467,21.43346019158822,0.0016284104086629475,-0.7257541184288743,0.022159550728018562,-0.15038118816219098,51.65550291305524,0.005856479464518005,-0.005889291627251936,-0.003671810880848607,0.0037429142624600953,0.0002461252006312094,-0.0003439737604422344,-0.006126083204684107
1658,0.30215726779441726,21.401350321545557,0.016392247648295298,-0.7904428669106568,0.014436449927450357,-0.14904180959573113,51.63949383165149,0.29996482359950133,21.397892448835336,0.018833399383927644,-0.7967508969514092,0.015053946192752132,-0.14832142707524776,51.62777720428739,-0.0021924441949159323,-0.0034578727102214657,0.0024411517356323457,-0.0063080300407524215,0.0006174962653017757,0.0007203825204833703,-0.01171662736410184
1659,0.3028825978053281,21.362291733222797,0.011981608266564286,-0.7718919694186597,0.00689522488672501,-0.15260719203328274,51.61327249688277,0.30586008088638494,21.366648732477696,0.010592306246653152,-0.7619046685139946,0.008026390911890058,-0.15230590155403664,51.594565406119244,0.002977483081056831,0.004356999254898852,-0.0013893020199111338,0.009987300904665042,0.0011311660251650474,0.00030129047924609687,-0.01870709076352739
1660,0.3034145976549301,21.32411738890341,0.008650660492860946,-0.7550710685939079,-0.0007718899115317368,-0.15407739989698718,51.58714504297243,0.30684186434014166,21.31712661926714,0.010383101005368168,-0.7500074938722514,-0.0004502675390751776,-0.15463087273576692,51.580890434536855,0.0034272666852115385,-0.00699076963627121,0.0017324405125072224,0.0050635747216565274,0.0003216223724565592,-0.0005534728387797394,-0.0062546084355759035
1661,0.3038731416179907,21.286771417286605,0.009042589526481038,-0.7387537087447476,-0.008450923346313567,-0.1530839374942861,51.561048033828236,0.311824589032908,21.29656997305068,0.020247642095140184,-0.7352705050694647,-0.008759801765923392,-0.15490898268116413,51.547690109041966,0.007951447414917268,0.009798555764074734,0.011205052568659146,0.0034832036752828754,-0.0003088784196098246,-0.0018250451868780382,-0.013357924786269848
1662,0.3040787184261885,21.24832112733144,-0.001370847962596707,-0.7992607910811548,-0.0161764158578361,-0.1559357629666152,51.53890178685487,0.28453624222129165,21.245235367702204,-0.012483545999609966,-0.7986602698635896,-0.015265375959636618,-0.15522123049510422,51.51777711579593,-0.019542476204896853,-0.0030857596292364065,-0.01111269803701326,0.0006005212175651531,0.0009110398981994824,0.0007145324715109869,-0.021124671058942113
1663,0.30413289804969046,21.208826840863143,0.0028878000874124335,-0.7804917138885357,-0.023837675901504415,-0.15051463878011742,51.51268670011478,0.3006149315821956,21.207470559137406,-0.0036172240095087606,-0.7770300896607016,-0.023581007703731505,-0.15133842277719253,51.48934432450685,-0.0035179664674948596,-0.0013562817257373183,-0.006505024096921194,0.003461624227834026,0.0002566681977729107,-0.0008237839970751115,-0.023342375607924737
1664,0.30399843265319665,21.170242288742507,-0.008900719460072502,-0.7628909207312345,-0.03133865429722757,-0.14952449704880874,51.486530258891015,0.31740390381235006,21.170701989126506,-0.037225843475033556,-0.7670957282689647,-0.03197409120875783,-0.15087482022928606,51.465814903517945,0.013405471159153415,0.0004597003839990066,-0.028325124014961053,-0.004204807537730115,-0.0006354369115302572,-0.0013503231804773141,-0.020715355373070565
1665,0.30385677844159176,21.132526848228338,0.0026213730397991308,-0.7457018814996452,-0.03855973966641677,-0.13931891771875932,51.46040155227842,0.3081072795192579,21.129847735031866,0.009329810936819373,-0.7110817315783282,-0.037629417154362965,-0.1384348116594646,51.43057941699539,0.004250501077666169,-0.0026791131964714054,0.006708437897020242,0.03462014992131701,0.0009303225120538064,0.0008841060592947037,-0.029822135283026796
1666,0.30382421311732155,21.093708944796603,-0.00441454811183018,-0.8070088481214183,-0.04542323894018353,-0.13522105323191105,51.43831802372173,0.30303100089189555,21.100956306880736,-0.00017927846538352355,-0.8011936130688105,-0.04645816654130952,-0.13664595041350983,51.41060793055709,-0.0007932122254259988,0.007247362084132902,0.0042352696464466565,0.005815235052607726,-0.0010349276011259873,-0.001424897181598772,-0.027710093164635907
1667,0.3035171807291501,21.05383358421302,-0.008424406575506225,-0.7879975188098015,-0.05199803930158041,-0.12777096122396397,51.412107539464564,0.3043877410475495,21.054489737487152,-0.009073243929862744,-0.7781642784160272,-0.05165099454548194,-0.125984000150719,51.39053011567744,0.0008705603183993826,0.0006561532741322651,-0.0006488373543565192,0.009833240393774312,0.0003470447560984663,0.0017869610732449692,-0.021577423787121575
1668,0.3029870899126358,21.014881640217364,-0.013301448724889958,-0.7700712633734851,-0.05816514739952881,-0.1189133626939723,51.38595737303901,0.30263478381113684,21.0080759372373,-0.01823158392466996,-0.785671296851372,-0.05827726120548382,-0.11804548253964608,51.36568028672125,-0.0003523061014989448,-0.006805702980063444,-0.004930135199780004,-0.015600033477886965,-0.00011211380595500808,0.0008678801543262199,-0.020277086317761928
1669,0.3022774151916077,20.976836815469422,-0.015566767871579446,-0.7517105148279797,-0.06384239882885094,-0.10817669447891269,51.35978980661313,0.3088906120900236,20.98891263724668,-0.004004151530185983,-0.7557349937969361,-0.06406709318036796,-0.10873414486765721,51.33921442191808,0.006613196898415885,0.012075821777258966,0.011562616341393463,-0.004024478968956413,-0.00022469435151702133,-0.0005574503887445237,-0.020575384695050047
1670,0.30164231856658624,20.939673022806282,-0.010270491011130254,-0.7348286397157451,-0.06894595006600726,-0.09596535500733983,51.33370280146958,0.29162657753424703,20.945783704734044,0.0011464159949278732,-0.7289379856349987,-0.06875536441285712,-0.09607276151355411,51.3163313793137,-0.01001574103233921,0.006110681927761874,0.011416907006058127,0.005890654080746405,0.0001905856531501382,-0.00010740650621428316,-0.017371422155875393
1671,0.3011679794135082,20.901423781274552,-0.009026805731081363,-0.7951277800657698,-0.07345920932848674,-0.08456501549183928,51.311588870918946,0.30893228622906416,20.908751708364278,0.00594367999778121,-0.7869380161062409,-0.0741999129566171,-0.08621705409774058,51.29557137194985,0.007764306815555955,0.007327927089725961,0.014970485728862573,0.008189763959528862,-0.0007407036281303625,-0.001652038605901296,-0.016017498969098654
1672,0.30072831155152396,20.86213082848523,-0.008886948353639786,-0.7765759355004883,-0.07731461333538497,-0.06965114478409024,51.28542506253954,0.31403615414525626,20.853197915543525,-0.005885314287235457,-0.7833131094698677,-0.07576190409708827,-0.06883557200301553,51.27458264633922,0.0133078425937323,-0.00893291294170595,0.0030016340664043295,-0.00673717396937934,0.0015527092382967012,0.0008155727810747054,-0.010842416200318894
1673,0.30037454004399927,20.823762660850786,-0.00552777928080818,-0.7581369695142085,-0.08041652820012102,-0.054425449805351286,51.25927134450952,0.2932819214427663,20.815146881384667,0.015938530378336594,-0.7582758556957916,-0.0810740770111762,-0.05447747387397807,51.248105506735,-0.007092618601232947,-0.008615779466119022,0.021466309659144773,-0.00013888618158308663,-0.0006575488110551753,-5.202406862678255e-05,-0.011165837774520071
1674,0.30016148249844393,20.786285777984613,-0.0031897506596381786,-0.7409237120604036,-0.0827245745618952,-0.037896404665616036,51.23318458489325,0.3004335694166891,20.778462850350074,0.004696155204140009,-0.7403553951884226,-0.08255379959377107,-0.03877459259698715,51.22253313198868,0.0002720869182451513,-0.007822927634538956,0.007885905863778188,0.0005683168719810006,0.00017077496812413495,-0.0008781879313711147,-0.01065145290456826
1675,0.30012624537454696,20.749648018161196,0.0016546483691677947,-0.7245724030743755,-0.08419939792997694,-0.021096530057653235,51.2071463920192,0.3153143646170748,20.740709094122636,0.02273770105932394,-0.7158748893736434,-0.08394747996440843,-0.021015832664470935,51.19968949668142,0.015188119242527831,-0.008938924038560003,0.021083052690156145,0.008697513700732129,0.00025191796556850443,8.069739318230032e-05,-0.007456895337774938
1676,0.3003166306407575,20.711902616595548,0.0059099913732881485,-0.7852299102610123,-0.08489531999843754,-0.0067403526807705925,51.185069075445355,0.3045671060412974,20.70324306040451,-0.0007298135887203704,-0.7844535736633368,-0.08481340149442262,-0.006229149259621541,51.181440761155834,0.00425047540053991,-0.008659556191037865,-0.006639804962008519,0.0007763365976755088,8.191850401491341e-05,0.0005112034211490514,-0.0036283142895214837
1677,0.3007619588681035,20.67310746747538,0.011909534361287714,-0.7665623922544673,-0.08480174194400193,0.010483474858195048,51.15892082819667,0.2964483074709336,20.66942902790443,0.01232761843077812,-0.7612554474944845,-0.08405705189110657,0.010293716435839297,51.160037784746976,-0.004313651397169882,-0.0036784395709474893,0.0004180840694904056,0.0053069447599828345,0.0007446900528953609,-0.000189758422355751,0.0011169565503053036
1678,0.30140545484060643,20.635217881768252,0.013910038013285372,-0.7490075735060661,-0.08385823528199964,0.027256791621897,51.13283412178453,0.29299501217410023,20.631369440008687,0.034483396517958266,-0.7526949049981504,-0.08409880328328301,0.027615337211122824,51.13588343882673,-0.008410442666506202,-0.0038484417595654463,0.020573358504672894,-0.0036873314920843336,-0.00024056800128337275,0.0003585455892258227,0.0030493170421976856
1679,0.30219861039074297,20.598196315456253,0.01796558726617348,-0.7318418447934986,-0.08208222289301446,0.04378370393750999,51.106771610384186,0.2883030749415307,20.595254414189075,0.01415225467680703,-0.7295475082629379,-0.08264289682673898,0.04451413219773095,51.107878207637896,-0.013895535449212293,-0.002941901267178082,-0.0038133325893664506,0.002294336530560659,-0.000560673933724512,0.0007304282602209541,0.0011065972537096513
1680,0.3031315395979487,20.562004730494607,0.019570055610685387,-0.7158084481561368,-0.07949319040791777,0.059777595466357886,51.08077149897867,0.30545003313947067,20.576917795725425,0.029050140942206128,-0.7073704964301138,-0.08162175184743337,0.058115581723356,51.084159738014904,0.002318493541521971,0.014913065230818034,0.00948008533152074,0.008437951726022908,-0.0021285614395155916,-0.001662013743001886,0.0033882390362336423
1681,0.3042367221464984,20.524692726234647,0.024873256372053162,-0.776658959509237,-0.07617607020627774,0.07290721259924346,51.05872245915888,0.29763099060267356,20.53826516326192,-0.0057025952504170495,-0.7717601799758566,-0.07571372055732395,0.07363151462708323,51.06498686070258,-0.006605731543824822,0.013572437027271178,-0.030575851622470212,0.004898779533380471,0.00046234964895379427,0.0007243020278397683,0.006264401543703002
1682,0.30550670160208215,20.486315238705686,0.026263991175075288,-0.7584261533485603,-0.0721844940268455,0.0867558345780465,51.03261846311045,0.31056541769929924,20.501776554114606,0.02351902293274935,-0.7638920534093763,-0.07241055614189573,0.08611412659136322,51.03122005237335,0.005058716097217086,0.015461315408920484,-0.0027449682423259375,-0.005465900060815931,-0.00022606211505023233,-0.000641707986683282,-0.0013984107371030063
1683,0.3068409672629875,20.44883958247764,0.027500510993254856,-0.7405848027547252,-0.0675308757865427,0.09938889503406569,51.006538618547005,0.31050497673656446,20.456619368585855,0.020728123383204077,-0.7361946270749585,-0.06587326154279127,0.09892073364997886,51.00906287946771,0.003664009473576979,0.007779786108216058,-0.0067723876100507785,0.004390175679766628,0.0016576142437514235,-0.0004681613840868265,0.0025242609207083433
1684,0.3082344168069221,20.41222216220275,0.02867929664457657,-0.7240941010863364,-0.0622961417227277,0.11000046751853394,50.9805313424823,0.30330480523265063,20.411529521875117,0.018280621049006438,-0.7111974733177808,-0.06129305173061228,0.10960067194628022,50.986417501340235,-0.004929611574271464,-0.0006926403276317217,-0.010398675595570131,0.012896627768555602,0.0010030899921154232,-0.000399795572253725,0.00588615885793331
1685,0.30959244727351337,20.374502922838346,0.026050445297453484,-0.7846573255344134,-0.05660073184489806,0.1178159275946517,50.958481010440806,0.3228265943114563,20.380331845992682,0.016946531344453453,-0.7661744073354707,-0.05535765572051732,0.11667210543140703,50.967637445631404,0.013234147037942956,0.005828923154336252,-0.009103913953000031,0.018482918198942655,0.0012430761243807445,-0.0011438221632446705,0.009156435190597279
1686,0.3107264289647131,20.33572124163345,0.019824664791517815,-0.7665886165433401,-0.050523904749247346,0.125257156231377,50.93240006153653,0.3128608898260857,20.34394959443114,0.007220082401219487,-0.7665697926711426,-0.05112245327880105,0.1262947460094349,50.944647140332194,0.002134460861372589,0.008228352797690519,-0.012604582390298328,1.882387219753756e-05,-0.0005985485295537038,0.0010375897780579013,0.012247078795660116
1687,0.31158318367457194,20.297844447035935,0.014990501071944239,-0.748461249492917,-0.044106397433128226,0.13144313641338773,50.90632020442728,0.3119871499744096,20.299965615926887,0.03043477677836045,-0.7491307425505495,-0.04567236767404159,0.13134866579018928,50.91833166128001,0.00040396629983768806,0.002121168890951708,0.01544427570641621,-0.0006694930576324198,-0.0015659702409133655,-9.447062319845045e-05,0.012011456852725644
1688,0.3121647132501633,20.260852642153907,0.008837556675298217,-0.7311873672689145,-0.03742238285111673,0.13591744686707216,50.880287352633395,0.30798689678325825,20.2629424332191,-0.008271867305925263,-0.7347530902635225,-0.0391341756255561,0.1366324530014974,50.89625105064636,-0.004177816466905071,0.002089791065191804,-0.01710942398122348,-0.0035657229946080005,-0.0017117927744393704,0.000715006134425239,0.015963698012967598
1689,0.3123398709605778,20.22470705631858,-0.0012514958252027655,-0.7146107728210802,-0.030559150551462903,0.1386118451190808,50.85429327059794,0.3096861764111766,20.218316899341737,-0.0027428756853273874,-0.7014302607278692,-0.03113537326289917,0.13862048563652962,50.871009661027536,-0.002653694549401231,-0.006390156976841865,-0.0014913798601246218,0.013180512093211028,-0.0005762227114362653,8.640517448810225e-06,0.016716390429593275
1690,0.3121606819314841,20.187453473392484,-0.005417906933929134,-0.7755064861412226,-0.023621042079713658,0.13891249375088902,50.8322726539156,0.31216785495398486,20.197698576980407,-0.01797281827452242,-0.7793214321118302,-0.02383461671333853,0.14046057454130453,50.85190419161702,7.17302250075047e-06,0.01024510358792341,-0.012554911340593286,-0.0038149459706076083,-0.00021357463362487242,0.001548080790415518,0.01963153770141446
1691,0.3115848852238347,20.149146929715876,-0.017025395266594454,-0.7567245164672766,-0.016718100510684928,0.1372051690102602,50.80616864310489,0.3201632651510337,20.157512564385065,-0.037114613901368596,-0.762973902860223,-0.016008597463275542,0.13551524803856768,50.82655580985439,0.008578379927199009,0.008365634669189603,-0.020089218634774142,-0.006249386392946477,0.0007095030474093857,-0.0016899209716925156,0.020387166749500807
1692,0.31081763911188,20.111765777621244,-0.013077845583345241,-0.7385087571380073,-0.009786812335749174,0.14004635798716997,50.780108849109645,0.3150713992556386,20.111562639015446,-0.017357838871239293,-0.7390672349666385,-0.009863805226190792,0.14046094711824827,50.80455170508053,0.0042537601437586114,-0.00020313860579790344,-0.004279993287894052,-0.0005584778286311654,-7.69928904416177e-05,0.00041458913107830786,0.02444285597088225
1693,0.310161934383326,20.07526684208323,-0.012556147177383806,-0.7214341702338226,-0.0027605390906346753,0.14100457181741002,50.75411175343315,0.3282915725489721,20.074322171977006,-0.026318217156069884,-0.727478838105067,-0.003005805759601188,0.1413369352615278,50.768301758332804,0.01812963816564611,-0.0009446701062252316,-0.013762069978686078,-0.006044667871244358,-0.00024526666896651245,0.0003323634441177725,0.014190004899653275
1694,0.3094671772361491,20.03960692482527,-0.014640576231503617,-0.7049460769711854,0.004264485484073365,0.13999641117091158,50.72814868241753,0.3167637980388634,20.039080216999384,0.0025289780299506473,-0.7005021523376234,0.00405283574293458,0.13911402730091876,50.74386135749821,0.007296620802714315,-0.0005267078258874847,0.017169554261454265,0.004443924633562024,-0.00021164974113878528,-0.0008823838699928144,0.015712675080678196
1695,0.30828606112711976,20.00283233615647,-0.03211556363744092,-0.766002837104313,0.011057439405980717,0.13172174570538253,50.706140840661625,0.3425771763365481,20.007883839945958,-0.02759677031255484,-0.756943185506555,0.010311970272086413,0.13218164253334758,50.725973395613934,0.03429111520942835,0.005051503789488265,0.00451879332488608,0.009059651597758012,-0.000745469133894304,0.00045989682796504505,0.019832554952309067
1696,0.3070474079275027,19.964980060573716,-0.016871988625721042,-0.7480881685134103,0.0176914270099056,0.1336377584516128,50.68010620521982,0.308104318854421,19.953025612652507,-0.034031130485879656,-0.7438623660117256,0.01868095788433921,0.13378300038656898,50.704410673443185,0.0010569109269183419,-0.01195444792120881,-0.017159141860158614,0.0042258025016846945,0.0009895308744336112,0.0001452419349561862,0.024304468223363074
1697,0.30641867864858485,19.92801021658757,-0.007713206057505393,-0.7307025039321777,0.024362947463652456,0.1332230596982614,50.65410597707038,0.30075721822511964,19.924763230436984,-0.013110867471001304,-0.7357938106908845,0.024174540791021215,0.13268618538032773,50.67901950278223,-0.005661460423465214,-0.00324698615058594,-0.005397661413495911,-0.005091306758706726,-0.00018840667263124097,-0.0005368743179336721,0.024913525711852458
1698,0.30623751619388584,19.891900597914187,0.001025512696448452,-0.7136779789361188,0.030972999677264117,0.131179028846205,50.62812933766288,0.30152170540635226,19.882562460947895,0.00034362577059826854,-0.7066145772769367,0.031776259030005694,0.1304177813307155,50.64861381737951,-0.004715810787533581,-0.009338136966292154,-0.0006818869258501834,0.007063401659182178,0.0008032593527415761,-0.0007612475154895049,0.020484479716635917
1699,0.3064258324763427,19.856607136691725,0.007051395013147024,-0.6980532076732706,0.03742589322011306,0.1269367128677527,50.602230462388654,0.29793368698626377,19.855213415585844,-0.0023620563650699313,-0.6985412903138931,0.038122173617620714,0.12613966907360483,50.62423359667363,-0.008492145490078928,-0.001393721105880985,-0.009413451378216954,-0.0004880826406225003,0.0006962803975076523,-0.0007970437941478836,0.022003134284979353
1700,0.30690489998787807,19.82018973585628,0.01255592807915909,-0.758633402863118,0.043645382317748366,0.12184285103765949,50.58023635205566,0.3181663574910843,19.819338991905003,0.019943009120088617,-0.7592229702369008,0.0450228174649836,0.1218720907395076,50.60115454044523,0.01126145750320623,-0.0008507439512790427,0.007387081040929527,-0.0005895673737827956,0.0013774351472352342,2.9239701848107758e-05,0.02091818838957238
1701,0.30713194858077114,19.782710655449947,-0.0029891488310767843,-0.7405012134105409,0.04936853749510809,0.10708335605672956,50.55420779488228,0.3156909227167044,19.783358229370794,-0.0017985811724394417,-0.7353796954019463,0.049686489481891805,0.10757596902094115,50.56824606287695,0.008558974135933262,0.0006475739208475773,0.0011905676586373426,0.005121518008594617,0.0003179519867837141,0.000492612964211589,0.014038267994671116
1702,0.3070308978292407,19.74611482548183,-0.000619513137473258,-0.7233199156882808,0.05449319303865302,0.09790286568506758,50.528244077352426,0.30645612925451465,19.730443931179366,0.004937044188282931,-0.724264280176644,0.054851534943217484,0.09894091767824637,50.54636268448876,-0.0005747685747260478,-0.015670894302463267,0.005556557325756189,-0.0009443644883632141,0.00035834190456446313,0.0010380519931787874,0.01811860713633706
1703,0.30700708168347624,19.71036576254336,5.8238081926817497e-05,-0.7066293827897288,0.05912401958955628,0.08733019635106287,50.50230985649653,0.29112505968968755,19.69596254166247,0.0013263528911609812,-0.7159540576595592,0.060515190596299284,0.08849031727077365,50.52753456927111,-0.015882021993788686,-0.014403220880890188,0.0012681148092341637,-0.009324674869830463,0.0013911710067430055,0.0011601209197107804,0.025224712774580382
1704,0.3070118132318467,19.675442136935324,0.0004743194704040492,-0.6903011725983479,0.0631895592640226,0.07529139062759024,50.476398367885565,0.3005282186318649,19.67449767830946,0.010966718567930333,-0.6825641536507645,0.06268966533075826,0.07499455349944634,50.49851479694755,-0.006483594599981768,-0.0009444586258631205,0.010492399097526283,0.007737018947583385,-0.0004998939332643421,-0.0002968371281439064,0.022116429061988185
1705,0.30712061798245344,19.639399495542158,0.0041271359745810405,-0.7513907722502073,0.06668758097046668,0.06462947763017277,50.45444948379202,0.29959471772643825,19.633227394168106,0.0068131583565487425,-0.7492212263848895,0.06587792707055362,0.06513978239816735,50.47644816337199,-0.007525900256015183,-0.006172101374051664,0.002686022381967702,0.0021695458653178123,-0.0008096538999130543,0.0005103047679945877,0.021998679579972702
1706,0.3073098645261122,19.602281026039076,0.0036881691095334676,-0.7333337555987106,0.06958349471714242,0.05120707223685728,50.4284585334177,0.3042231158559386,19.59682802382573,0.0007785577850457246,-0.7417556095316953,0.07055549495342062,0.052072294291321215,50.443673819443376,-0.0030867486701736113,-0.005453002213346991,-0.002909611324487743,-0.008421853932984669,0.0009720002362781921,0.0008652220544639322,0.01521528602567912
1707,0.30745034977982594,19.566056077760045,0.002117359027129428,-0.7156493336727834,0.07177861186164028,0.036597613543057184,50.4024904650677,0.310720037603029,19.5550546529671,0.008911070535869058,-0.7170211949275933,0.07331604335941311,0.03722909262041273,50.41662871322259,0.0032696878232030824,-0.011001424792944192,0.0067937115087396294,-0.0013718612548099252,0.0015374314977728287,0.0006314790773555498,0.014138248154893063
1708,0.3074891807215516,19.53068510626851,-0.0004413994204940956,-0.6991748257929664,0.07322693743488903,0.021335409386892736,50.37658813868935,0.3031241298661084,19.52728920020983,0.01345793417045715,-0.6954018267526876,0.07154586004565289,0.022295370944080312,50.39062931026044,-0.004365050855443198,-0.0033959060586816747,0.013899333590951246,0.003772999040278835,-0.0016810773892361464,0.0009599615571875761,0.014041171571086863
1709,0.30749704193701766,19.49611172488654,0.0008147620917376007,-0.6837464707445492,0.0739290314518673,0.006748351292237904,50.35074410937145,0.2999017237843575,19.48962283065143,0.004292467537856869,-0.680253278949165,0.07533557361835497,0.006315699904851192,50.3646455945838,-0.00759531815266018,-0.0064888942351082335,0.003477705446119268,0.0034931917953842095,0.0014065421664876676,-0.0004326513873867113,0.013901485212350906
1710,0.30754996632994547,19.460397380625,0.0013027437585696072,-0.7448138916415173,0.07393816044727763,-0.006383191475824725,50.32881173797986,0.30425824591691936,19.456431198659704,-0.006318050839406362,-0.7452444497297293,0.07347286625119542,-0.006170128756748772,50.34497622265078,-0.0032917204130261113,-0.0039661819652963,-0.007620794597975969,-0.00043055808821190755,-0.000465294196082211,0.00021306271907595327,0.01616448467091658
1711,0.3075771795448261,19.42360660276194,-0.0002726036064849475,-0.7268037318669678,0.07324747847978946,-0.02124408722370228,50.30284462207602,0.3036234919515119,19.422898299991186,-0.011756820472185719,-0.7168381226238387,0.07328625546787615,-0.022540440646260596,50.32621124548532,-0.003953687593314215,-0.0007083027707537326,-0.011484216865700772,0.009965609243129059,3.877698808668617e-05,-0.0012963534225583148,0.023366623409295073
1712,0.3075752686795127,19.387682146273537,7.551796742364655e-05,-0.7101612748730829,0.07182052940599888,-0.035833875727921224,50.27695158304932,0.2999838470951125,19.402752035164436,-0.032174710004569874,-0.7151081319753931,0.06988653739645923,-0.03792699530390183,50.2967767086199,-0.007591421584400182,0.015069888890899108,-0.03225022797199352,-0.0049468571023102426,-0.0019339920095396562,-0.002093119575980608,0.019825125570584134
1713,0.30769379902240446,19.35258782253807,0.004484809133993882,-0.6935978335576014,0.06969415882291388,-0.04922094759547853,50.251067002605176,0.3115800068110491,19.35829752433002,-0.002697394861525766,-0.6862873950949232,0.06952069336109945,-0.04896074831555015,50.270729412199415,0.0038862077886446245,0.005709701791950295,-0.007182203995519648,0.007310438462678204,-0.00017346546181443157,0.0002601992799283817,0.019662409594239705
1714,0.30794981290405093,19.316390889619367,0.005559099009398575,-0.7542663593452678,0.06695106370112779,-0.060502857275965445,50.22912953581588,0.30389587433882403,19.310912458891636,0.006344943600636806,-0.7560123001012778,0.06701118549781881,-0.058558259391591656,50.249118810182246,-0.0040539385652269,-0.00547843072773091,0.0007858445912382311,-0.0017459407560100892,6.0121796691028906e-05,0.0019445978843737888,0.01998927436636677
1715,0.30824144222875116,19.27914508949705,0.005822708333473693,-0.7355520564188097,0.06361168032120529,-0.0730724779209346,50.20314406035172,0.3023910476415835,19.26934291123957,-0.0071628308277601705,-0.7278703879134885,0.06385690958785428,-0.07236304654892116,50.21381383090921,-0.005850394587167684,-0.00980217825748042,-0.012985539161233864,0.00768166850532126,0.00024522926664899414,0.0007094313720134443,0.010669770557491631
1716,0.30858428275910066,19.242799900212926,0.007557333973683339,-0.7182412549909012,0.05967181605441765,-0.08452209275057081,50.17723438874366,0.2989478908086258,19.232774850866253,0.0039298188130951145,-0.7244719778394387,0.06062646887768741,-0.0850367338640599,50.18324801003816,-0.009636391950474832,-0.010025049346673143,-0.0036275151605882246,-0.00623072284853754,0.0009546528232697582,-0.0005146411134890894,0.006013621294499671
1717,0.3090371354136295,19.207316353329713,0.010176839100343678,-0.7010858600939109,0.05518478074320498,-0.09495931969793617,50.15133679435366,0.30231684856014024,19.209666246318374,0.009755225698755267,-0.69417441238396,0.05375830506101398,-0.09485542464027452,50.14992322541794,-0.0067202868534892435,0.002349892988661395,-0.00042161340158841133,0.006911447709950891,-0.0014264756821910016,0.00010389505766164597,-0.0014135689357175352
1718,0.3096646854243167,19.17265204503994,0.014507118889056838,-0.6854691337540226,0.05022715090590305,-0.103345873794141,50.12552105559517,0.3108644821348495,19.172678388847935,0.02781360827033995,-0.6837094295990744,0.04830227575024404,-0.10289606052636927,50.12760147945941,0.00119979671053283,2.6343807995488078e-05,0.01330648938128311,0.001759704154948194,-0.001924875155659013,0.0004498132677717287,0.00208042386423557
1719,0.31064636323594513,19.13875617934282,0.024307578630351292,-0.6703465284591327,0.044889010490454184,-0.11017974282381361,50.09973395972567,0.31838420113583815,19.147562376956937,0.0242430925266494,-0.673435574076007,0.04615819203487659,-0.11122581096119302,50.10601533615071,0.007737837899893019,0.00880619761411694,-6.448610370189331e-05,-0.0030890456168742864,0.0012691815444224042,-0.0010460681373794106,0.006281376425043561
1720,0.3121073449831591,19.10371090767102,0.0337251692276878,-0.731447084643909,0.03924955653504594,-0.11539841539251589,50.07783926151061,0.3200345519571608,19.097516108979903,0.03767865792147101,-0.7324969939315468,0.04091639724688134,-0.1154969666963029,50.0910341106085,0.007927206974001677,-0.006194798691115722,0.0039534886937832095,-0.001049909287637818,0.001666840711835399,-9.855130378701171e-05,0.013194849097885708
1721,0.3135118745682669,19.067578124660653,0.021943413566835088,-0.7138624068083486,0.03319628892704354,-0.12673228892758032,50.05193020685393,0.3134725097951817,19.064598286952062,0.022022804173450358,-0.7111443080028975,0.03365393227317259,-0.12594251202912124,50.05917415897197,-3.936477308519315e-05,-0.0029798377085903383,7.939060661527053e-05,0.0027180988054510413,0.0004576433461290566,0.000789776898459077,0.007243952118038521
1722,0.3144532228198094,19.032299445406498,0.015157263594471709,-0.6972808681700312,0.0266329044412837,-0.1358030905028131,50.026079410581865,0.2949081919897128,19.027635236408393,0.0182644747739124,-0.7113767298523194,0.02630081393529604,-0.13666399266023957,50.03392158978399,-0.01954503083009662,-0.004664208998104158,0.00310721117944069,-0.014095861682288158,-0.0003320905059876582,-0.0008609021574264575,0.007842179202128818
1723,0.31507999462027136,18.997851903259736,0.009325866029476184,-0.6806145253571203,0.01967216168431409,-0.14262661977597135,50.000230487771105,0.30328746747029994,18.98850137726656,0.027101099286423572,-0.6943501982278003,0.01839664341679148,-0.14183795778626201,50.01115068168242,-0.011792527149971421,-0.009350525993177428,0.01777523325694739,-0.013735672870680005,-0.001275518267522608,0.0007886619897093383,0.01092019391131771
1724,0.3154568881435127,18.964218070183755,0.005138621916171888,-0.6647298871117981,0.012426770390620952,-0.14718903197175418,49.974426887336634,0.2980995226332744,18.970392015546054,-0.004048440123940875,-0.662127255218134,0.01263867413147901,-0.1471561374533843,49.98633373561069,-0.01735736551023831,0.006173945362299094,-0.009187062040112763,0.0026026318936641646,0.00021190374085805833,3.289451836988033e-05,0.011906848274058746
1725,0.3161766271323933,18.929441383252158,0.023124931852296082,-0.7263090514514203,0.005149473146016211,-0.14390285781243548,49.952566464552156,0.30037922176074466,18.91727444996969,0.025803212297802594,-0.7326342322617964,0.003591931635451129,-0.1428355498222136,49.96246950610163,-0.015797405371648643,-0.012166933282468761,0.002678280445506512,-0.00632518081037603,-0.0015575415105650824,0.0010673079902218663,0.00990304154947097
1726,0.3169227690274084,18.89356569575731,0.006098657797820279,-0.7087266225908969,-0.0022200428913978698,-0.1508777836841278,49.92667006902526,0.31531359526828384,18.891727724267685,0.015200139304361447,-0.6943949590743276,-0.0030705042098064794,-0.15393625457519175,49.94375592869327,-0.0016091737591245603,-0.0018379714896248345,0.009101481506541168,0.014331663516569337,-0.0008504613184086096,-0.0030584708910639524,0.017085859668007686
1727,0.3168619951743958,18.85852374665018,-0.009174624893361467,-0.6929583265208681,-0.009887374520641434,-0.1558154814856148,49.900873016668776,0.32553518033804396,18.873379952338414,0.00801680157323032,-0.705368934746512,-0.011239651061175415,-0.15678438672504463,49.91624017245497,0.008673185163648178,0.014856205688232649,0.01719142646659179,-0.012410608225643882,-0.0013522765405339816,-0.0009689052394298292,0.015367155786194076
1728,0.3161859290251718,18.824285819053657,-0.018528795804852206,-0.6765631676726068,-0.017742630983611493,-0.1583947770331875,49.8750518129398,0.31932611566591895,18.838589335918606,-0.03383897298929177,-0.676660068572913,-0.016534073961142592,-0.15956295868988293,49.88496144744689,0.003140186640747167,0.014303516864949017,-0.015310177184439562,-9.690090030622933e-05,0.0012085570224689007,-0.0011681816566954384,0.009909634507089038
1729,0.3159271386588049,18.790823645668286,0.007529319050531041,-0.6618819887308068,-0.025353857579443605,-0.14605428680009688,49.849307330857506,0.31708861245020203,18.795892363485176,0.0014961626423562486,-0.6475585074695077,-0.02627944868366372,-0.1461907842720981,49.859995551825776,0.0011614737913971385,0.0050687178168900004,-0.006033156408174792,0.01432348126129912,-0.0009255911042201151,-0.00013649747200122908,0.01068822096826949
1730,0.31608871635666974,18.75618047778616,-0.0015845558737478654,-0.7238419598779616,-0.032621869672168666,-0.14466619690890556,49.82748929771414,0.3154658170201949,18.765598288578666,0.0004957381071609493,-0.7067073440175116,-0.03065918969955428,-0.14450631008358591,49.83360084094626,-0.0006228993364748581,0.009417810792506032,0.0020802939809088147,0.017134615860450064,0.0019626799726143868,0.00015988682531964393,0.00611154323212304
1731,0.315776983234675,18.72040399423886,-0.011488900088097003,-0.7072163474544055,-0.039783066456474774,-0.14178167446333886,49.80167343316989,0.31633666623285706,18.71053883949777,-0.017185174418474697,-0.7076596129890099,-0.04004198745122256,-0.14231735514216107,49.809669976975286,0.0005596829981820428,-0.009865154741092397,-0.005696274330377693,-0.0004432655346043868,-0.0002589209947477869,-0.0005356806788222035,0.007996543805397494
1732,0.3150429521836325,18.685462880631277,-0.01845980243221044,-0.6904225106810952,-0.04673211932480888,-0.13618044027002538,49.77585646540605,0.3053701052777548,18.680656513287385,-0.031645804301089424,-0.7015938967129877,-0.04609713071333399,-0.13707517600773192,49.78298966468972,-0.009672846905877663,-0.004806367343892504,-0.013186001868878985,-0.011171386031892494,0.0006349886114748876,-0.0008947357377065424,0.007133199283671843
1733,0.31455855445598924,18.65135158945165,-0.0014670583863785579,-0.6740024387795065,-0.053192147274909944,-0.12222067773401721,49.750058010286075,0.3185985638341728,18.645575019194673,0.00718372091901039,-0.6818387004999723,-0.05311351791475616,-0.12326229792162197,49.75430849124719,0.004040009378183551,-0.005776570256976754,0.008650779305388948,-0.00783626172046581,7.862936015378547e-05,-0.0010416201876047582,0.004250480961111691
1734,0.31446589851327794,18.618040623942054,-0.0027352188718407716,-0.6584266053667143,-0.05907768594142916,-0.11320086892675145,49.72431297213578,0.30162010784697085,18.603582524167063,-0.004603622593518247,-0.6600545878162877,-0.057979352742179024,-0.11520770469551024,49.72299514676984,-0.012845790666307089,-0.01445809977499124,-0.001868403721677475,-0.0016279824495734063,0.0010983331992501372,-0.002006835768758791,-0.0013178253659376082
1735,0.314309283052435,18.583588482935752,-0.003918286417491869,-0.7196483978937099,-0.06451725399676045,-0.10438185328649985,49.70247955024025,0.31902823108870626,18.58823128651937,-0.009171962950678882,-0.7064147452985655,-0.06308883027815027,-0.10453402945317704,49.70286016845516,0.004718948036271264,0.004642803583617905,-0.005253676533187012,0.013233652595144418,0.0014284237186101834,-0.0001521761666771898,0.00038061821491197634
1736,0.3140587195271775,18.54802762229136,-0.006520637376062246,-0.7027743485526088,-0.06944234054479133,-0.09262160863473519,49.676677933891156,0.3274352030074502,18.54401009434079,-0.013208753951130057,-0.7078632334925761,-0.06810639817314046,-0.09193096906611345,49.6728497154121,0.013376483480272705,-0.004017527950569644,-0.006688116575067811,-0.005088884939967286,0.0013359423716508695,0.0006906395686217398,-0.0038282184790574547
1737,0.3137280015022884,18.5133129905515,-0.007072020087130796,-0.6857981303334881,-0.07374675911688869,-0.07955513424915944,49.65087555763641,0.31549273622873586,18.499065745690196,0.0013386321825290468,-0.6884253236230794,-0.07357026388502597,-0.07977885358326044,49.65156546816631,0.0017647347264474478,-0.014247244861305575,0.008410652269659842,-0.0026271932895912675,0.0001764952318627222,-0.0002237193341009941,0.000689910529899862
1738,0.3133906916618373,18.479424277159318,-0.006725656483014966,-0.669736392485232,-0.07736347475120348,-0.06511349112343208,49.625123986082556,0.32018551602503775,18.47652518868419,0.0058925218594295566,-0.6797498781125786,-0.07945771402093227,-0.06298440308322352,49.62587916621802,0.006794824363200447,-0.0028990884751287638,0.012618178342444521,-0.010013485627346608,-0.0020942392697287926,0.00212908804020856,0.0007551801354637178
1739,0.31313299965894603,18.44632806687504,-0.0038231937730834197,-0.6540969287304674,-0.08022142457610106,-0.049204501872470996,49.59939774209274,0.3177676537540374,18.44463399707716,-0.00144962256235554,-0.660927337492452,-0.08072048054699721,-0.04807220068638264,49.59209971709225,0.004634654095091395,-0.001694069797881781,0.0023735712107278797,-0.0068304087619845966,-0.0004990559708961534,0.0011323011860883553,-0.007298025000487485
1740,0.3129907315192062,18.41209635069211,-0.0020190671408005377,-0.7151577906449763,-0.08233902002268759,-0.035499315990990446,49.5775746552857,0.31474930957641106,18.389490101555474,0.002316895941825609,-0.7099633177058582,-0.08284885398726338,-0.03353690484728256,49.57671917739956,0.0017585780572048626,-0.022606249136636336,0.004335963082626147,0.005194472939118122,-0.0005098339645757954,0.001962411143707883,-0.0008554778861409318
1741,0.31317228314293516,18.376769249540846,0.00916152342448021,-0.697911929096401,-0.08369741332264036,-0.018836416007120178,49.55177566094329,0.299803993579667,18.370598194787892,0.006882911989409918,-0.6992217894937071,-0.08386112135055779,-0.018220265117140828,49.549519537170745,-0.013368289563268132,-0.006171054752954319,-0.0022786114350702913,-0.001309860397306073,-0.00016370802791743078,0.00061615088997935,-0.002256123772546914
1742,0.3137889702072023,18.342291262441606,0.015460132981540087,-0.6811935654950118,-0.0842193540527744,-0.0020412131982419403,49.52600768971231,0.31244604000944803,18.342209673869515,0.01231909453708283,-0.6865796695426326,-0.08555003850975451,-0.0027639576530121947,49.51762456179108,-0.0013429301977542774,-8.158857209039638e-05,-0.0031410384444572562,-0.005386104047620854,-0.0013306844569801052,-0.0007227444547702544,-0.00838312792122764
1743,0.31463478312210735,18.308633377405723,0.01839968068084371,-0.6651082133649732,-0.08389493617087707,0.015017928474135418,49.50027588567186,0.30002837213958505,18.29894971342626,0.02935107609025372,-0.6614986625368912,-0.08465233877901968,0.016708199449171075,49.494661672544225,-0.0146064109825223,-0.009683663979462409,0.010951395409410012,0.0036095508280820088,-0.00075740260814261,0.001690270975035657,-0.005614213127635992
1744,0.3156639500684129,18.275749739801977,0.02286415444390625,-0.6502239260947039,-0.08273060098633742,0.031555478907450675,49.47460953766247,0.3193888150461522,18.268562592717547,0.030607432836617793,-0.6378046100790846,-0.08143155374217548,0.031350238592323984,49.470970572480816,0.003724864977739273,-0.007187147084430023,0.007743278392711543,0.012419316015619297,0.0012990472441619383,-0.000205240315126691,-0.003638965181650633
1745,0.3168063982413154,18.241691193218102,0.022969844495519098,-0.7121046730066846,-0.08082535028590809,0.044654549109722254,49.45284643139644,0.3201892155698729,18.239105008558557,0.022617229301300622,-0.7046743000115797,-0.0806520692857049,0.04443676724628934,49.4520213558681,0.003382817328557497,-0.0025861846595454097,-0.0003526151942184752,0.00743037299510485,0.00017328100020319592,-0.00021778186343291567,-0.0008250755283398803
1746,0.3179714975370077,18.20651403819017,0.023855060317565444,-0.6949679223644414,-0.07821261827301981,0.0598547314058087,49.42707473744791,0.3109653399291588,18.197566916551068,0.030834727139972345,-0.7124799442779385,-0.07929946853344738,0.059471625102067445,49.42675826971143,-0.007006157607848895,-0.008947121639103273,0.006979666822406902,-0.0175120219134971,-0.0010868502604275687,-0.0003831063037412555,-0.0003164677364821955
1747,0.31921837736816805,18.172204435948306,0.02630409255811537,-0.6774026221420367,-0.07485308864234252,0.07452645382128288,49.40128547481834,0.3072581131181459,18.16750897999266,0.030348825178448877,-0.6581890258015631,-0.07555167091756942,0.0761253340160927,49.402244963311965,-0.011960264250022168,-0.0046954559556446895,0.004044732620333506,0.019213596340473593,-0.0006985822752269,0.001598880194809818,0.0009594884936277026
1748,0.320541467718049,18.138705927444974,0.026961394384737138,-0.6625233051904899,-0.07079221162230567,0.08790862698019093,49.37563672169882,0.3361967172426723,18.13849443801653,0.03091504647243396,-0.6556000997370356,-0.07039718912041693,0.0896388718985709,49.3754520444071,0.015655249524623327,-0.00021148942844462226,0.003953652087696824,0.006923205453454262,0.00039502250188874766,0.0017302449183799612,-0.00018467729172044756
1749,0.321810689544256,18.10594840603028,0.024202442104998886,-0.6477613172973601,-0.06610331752303415,0.09964713699066978,49.349997665808694,0.3298136563640767,18.10472238474369,0.031186064039846285,-0.6574329592931699,-0.06624989110946444,0.09833677959853275,49.3465071018638,0.008002966819820712,-0.0012260212865911058,0.0069836219348474,-0.009671641995809832,-0.00014657358643029028,-0.0013103573921370293,-0.0034905639448936654
1750,0.3229920346212128,18.073931569085214,0.02349321093752242,-0.6328948999728939,-0.06085854114115641,0.1101439182844399,49.32435721372257,0.33672482683208377,18.070569135760813,0.017974927385262723,-0.6465929757819496,-0.061959879139982466,0.11098184492495175,49.324495618651106,0.013732792210870981,-0.003362433324401337,-0.005518283552259699,-0.013698075809055688,-0.0011013379988260574,0.0008379266405118546,0.0001384049285348965
1751,0.32409307213945304,18.040752608499222,0.02095646751244566,-0.6942465544212328,-0.0551560484461557,0.11795578951558841,49.3025879440211,0.3271539541865104,18.038478304744828,0.040144733100578096,-0.6939027454175227,-0.05464765157701068,0.11922916410194027,49.29754883053798,0.003060882047057345,-0.0022743037543939693,0.019188265588132438,0.000343809003710116,0.0005083968691450211,0.0012733745863518636,-0.005039113483121582
1752,0.3249674592579277,18.006457779357,0.014533216543154311,-0.6775251096496647,-0.04908279379341618,0.12497439659399244,49.27686003166747,0.3151575706050528,18.00691895686782,0.008892288598908643,-0.672771348545725,-0.04988562066327207,0.12407749616720967,49.269622514074555,-0.00980988865287491,0.00046117751082164204,-0.005640927944245668,0.004753761103939769,-0.0008028268698558882,-0.0008969004267827679,-0.007237517592912468
1753,0.3254843771974828,17.972972999143987,0.006682606877589106,-0.6618439726900998,-0.04269041462117988,0.13072077029545945,49.25118892051911,0.3216066826217874,17.968109900777858,0.025434131243047192,-0.6582831587011065,-0.0423417040908558,0.13026687388009645,49.24240395408986,-0.003877694575695423,-0.004863098366129748,0.018751524365458086,0.0035608139889932167,0.0003487105303240784,-0.0004538964153630032,-0.008784966429253416
1754,0.325579626134578,17.940253547091565,-0.002313379902161128,-0.6469086105228419,-0.03606759419666291,0.13419204668521945,49.22555725783555,0.32803380681170935,17.935403124198334,-0.0027966052972336064,-0.6526985156434496,-0.03782287462971823,0.13529753880376436,49.21560509222341,0.0024541806771313235,-0.004850422893230899,-0.0004832253950724785,-0.00578990512060773,-0.0017552804330553187,0.0011054921185449096,-0.009952165612133967
1755,0.32521959007334267,17.90827454163939,-0.01151718893611024,-0.6322259406980549,-0.02930206027650452,0.13642931012111625,49.19994269702491,0.31558211109615825,17.916764812478682,-0.018800488022554667,-0.6297264801115586,-0.02860047743596761,0.13733291606754766,49.18446196464134,-0.009637478977184422,0.008490270839292435,-0.007283299086444426,0.002499460586496305,0.0007015828405369101,0.0009036059464314072,-0.01548073238356551
1756,0.32436929892517596,17.875109407871868,-0.022006449794361733,-0.6943528037517602,-0.02248710610942481,0.13616885656207217,49.17822355190638,0.32104498634627376,17.883522394126746,-0.007622094222878725,-0.6913415783867434,-0.02218342288173414,0.13641982853420606,49.15555329761013,-0.0033243125789022,0.008412986254878518,0.014384355571483008,0.0030112253650168563,0.0003036832276906709,0.0002509719721338899,-0.022670254296244252
1757,0.32286140728258333,17.840803710270173,-0.037737891214723394,-0.6778438601518741,-0.015732879633070112,0.13400020249211575,49.15251874592712,0.3347202301366776,17.847313431792156,-0.03847077713965995,-0.6833845039105839,-0.01650513228638273,0.13287340503246636,49.138285217291774,0.011858822854094286,0.006509721521982925,-0.0007328859249365535,-0.0055406437587097734,-0.0007722526533126169,-0.0011267974596493868,-0.014233528635344328
1758,0.3209875558264024,17.80732136059924,-0.03664410099625987,-0.66143817473899,-0.008959312896139188,0.13694246698512122,49.12683524241676,0.31427076677811294,17.803191653674038,-0.04074904373118378,-0.6616334594539027,-0.006637116610103355,0.1379345638676736,49.10983841858314,-0.006716789048289484,-0.004129706925201759,-0.004104942734923907,-0.00019528471491270238,0.0023221962860358325,0.0009920968825523901,-0.016996823833622443
1759,0.3195400808290625,17.77462757031773,-0.020665414881382422,-0.6463174945728135,-0.0019441198253940936,0.14366525584468254,49.10120950418194,0.3147659695674777,17.77504887508067,-0.01739552303968332,-0.6439353010388708,-0.00414068342638485,0.1459746927404934,49.08315894231514,-0.004774111261584779,0.00042130476294133246,0.0032698918416991032,0.002382193533942756,-0.0021965636009907566,0.002309436895810868,-0.018050561866800763
1760,0.31851750496482006,17.740780210661597,-0.019725100278710266,-0.707562481959921,0.00522370617203593,0.14304778405251845,49.07946841488656,0.31318508553590274,17.738570709147886,-0.008713121557726147,-0.7011792180789813,0.005048376076577377,0.1425001213290996,49.06736327265677,-0.005332419428917323,-0.002209501513711132,0.011011978720984118,0.0063832638809396824,-0.00017533009545855297,-0.0005476627234188569,-0.01210514222979242
1761,0.3174041187422583,17.705836670508464,-0.024212178184158585,-0.6901600547195426,0.01229278479342497,0.13971536080304323,49.053746550604394,0.31368221712374683,17.696130536132298,-0.0038606009961393607,-0.698031341901327,0.011119439304601464,0.1404218961605283,49.03484210547155,-0.0037219016185114917,-0.00970613437616663,0.020351577188019224,-0.007871287181784425,-0.001173345488823507,0.0007065353574850775,-0.01890444513284706
1762,0.3160419056018769,17.67175938200547,-0.029695892514231617,-0.6729113133473156,0.019152237029771774,0.13466272865082893,49.028036119216814,0.31717254079504853,17.66763930992122,-0.021240154370293755,-0.6836477163190243,0.019771332617927406,0.13455395031166573,49.0033107266834,0.0011306351931716363,-0.00412007208424825,0.008455738143937862,-0.010736402971708747,0.0006190955881556319,-0.00010877833916320134,-0.024725392533412105
1763,0.3147841423275462,17.63852570643427,-0.02004807891050348,-0.6564322967053872,0.025865603694529955,0.13387193793949836,49.00236609685302,0.3031675183034251,17.626457093476354,-0.015145050202171603,-0.6643416956501611,0.028185257405816788,0.1348380112287813,48.98043919696346,-0.011616624024121114,-0.012068612957914837,0.004903028708331876,-0.007909398944773938,0.002319653711286833,0.0009660732892829427,-0.021926899889557205
1764,0.31391459417952555,17.60609408026963,-0.014176398024557606,-0.6408258363238977,0.03247999377023268,0.13070366508861078,48.97674679546444,0.31918866813176955,17.60814368865918,-0.01934233879073073,-0.6418674446822693,0.03190013321450813,0.12902282357210676,48.956508401718196,0.005274073952243996,0.002049608389548041,-0.005165940766173126,-0.0010416083583716373,-0.0005798605557245512,-0.0016808415165040225,-0.02023839374624714
1765,0.3133996826356406,17.574415008964916,-0.005880160815559357,-0.6263305231344222,0.03891094778320346,0.1265344954302205,48.951187557802676,0.30222204217871135,17.581141302513835,-0.0040337007924327924,-0.6087925943740938,0.0391811052680322,0.12519991598059946,48.93274531134662,-0.011177640456929261,0.00672629354891896,0.0018464600231265643,0.017537928760328336,0.0002701574848287397,-0.0013345794496210373,-0.01844224645605408
1766,0.31330383248913535,17.541533349116165,0.0024854004130586207,-0.6889266404915868,0.04510608360272664,0.12127093735070656,48.929535645698614,0.32148650472835777,17.537074262624273,-0.01760489377505152,-0.6736814603516094,0.04518778849318039,0.12063511528795717,48.915623670295666,0.008182672239222422,-0.0044590864918916395,-0.02009029418811014,0.015245180139977443,8.170489045375429e-05,-0.0006358220627493832,-0.013911975402947974
1767,0.3134756999649674,17.507492443041443,0.0048844289014077225,-0.6726989455496061,0.05097290093016675,0.11340175574689804,48.903899337917345,0.30531610881586524,17.497500553283523,-0.012683911472061382,-0.6853986445471797,0.05013218867655489,0.11530630284239672,48.90117773505834,-0.008159591149102141,-0.009991889757920092,-0.017568340373469105,-0.012699698997573616,-0.0008407122536118611,0.0019045470954986848,-0.0027216028590046903
1768,0.3138781473854471,17.47427947890195,0.011671471570232645,-0.6558080550428057,0.05641262591899169,0.10418724380609955,48.87823387325245,0.30018066585728426,17.480211212947534,-0.012757824903360897,-0.656497533782003,0.0579128268636353,0.10390878758143703,48.86769616940111,-0.013697481528162858,0.005931734045585557,-0.024429296473593543,-0.0006894787391973356,0.0015002009446436135,-0.00027845622466252107,-0.010537703851341007
1769,0.3145368946309168,17.441874670741164,0.015092951751117854,-0.6403700498251438,0.06134036436773363,0.09292229414357803,48.852646401295594,0.2996384184765287,17.43630726903838,0.025753424535666605,-0.6545097023581872,0.059421354943263616,0.09240291417553267,48.83156241145692,-0.014898476154388052,-0.005567401702784025,0.010660472784548751,-0.01413965253304339,-0.001919009424470014,-0.0005193799680453526,-0.021083989838672323
1770,0.3153251021721274,17.410239397920275,0.016802072461868368,-0.6250274808201007,0.06569347811978185,0.08120225593835068,48.82706794611719,0.30879031287287956,17.408394811454176,0.01814895338144958,-0.6345871360436394,0.06404664643328406,0.08119671732869459,48.79600782477485,-0.006534789299247834,-0.0018445864660989741,0.0013468809195812115,-0.009559655223538632,-0.0016468316864977905,-5.5386096560888776e-06,-0.031060121342342484
1771,0.3161454640811341,17.37934609222163,0.016326879270647684,-0.6106905847034871,0.0694315936675599,0.0683223659727711,48.80154455372491,0.31507550123241534,17.373930916816786,0.009560089557647686,-0.6112592426382215,0.0705437834250291,0.06934198407255156,48.77109710541137,-0.0010699628487187418,-0.005415175404845485,-0.006766789712999998,-0.0005686579347343734,0.001112189757469198,0.0010196180997804616,-0.03044744831353796
1772,0.3169604521330044,17.347252557992018,0.01649428675936267,-0.6730361721370272,0.07253873318217909,0.05596321461199661,48.779901939281224,0.3084327990358439,17.350900273827317,0.016026485012709268,-0.6677981235881307,0.07292285743847415,0.056263367316681086,48.746409145779424,-0.00852765309716047,0.0036477158352994365,-0.00046780174665340263,0.0052380485488964235,0.0003841242562950681,0.0003001527046844754,-0.03349279350180012
1773,0.3177972614956683,17.314001559835635,0.017182071770879388,-0.656988548051871,0.07495750692872763,0.040787735249945084,48.75430022055179,0.31676384637759514,17.323045375327663,0.020792664397549232,-0.6513802600668158,0.07402247731579381,0.04197917176094959,48.72658801600406,-0.0010334151180731443,0.009043815492027818,0.0036105926266698438,0.005608287985055194,-0.0009350296129338187,0.0011914365110045066,-0.02771220454773271
1774,0.3185710622735222,17.281533593880226,0.01390964832509026,-0.6417154514936096,0.07661291686233192,0.025428662094226423,48.728741990117484,0.3136961661898343,17.280403909709772,-0.001080950005880675,-0.6407194468809542,0.0759709733674665,0.027163330863065837,48.700199072177746,-0.004874896083687907,-0.001129684170454226,-0.014990598330970935,0.0009960046126554767,-0.0006419434948654185,0.001734668768839414,-0.028542917939738288
1775,0.3192716020941581,17.24981682785074,0.014185963759177089,-0.626940899956799,0.07749275456991234,0.009764846208990194,48.70321307281932,0.3297657484148899,17.253295664470265,0.009733112766893709,-0.6328159314796103,0.07869848668216628,0.010789557039603935,48.67825125804801,0.010494146320731812,0.003478836619525083,-0.00445285099228338,-0.005875031522811325,0.0012057321122539433,0.0010247108306137408,-0.02496181477130932
1776,0.3198832570980386,17.218829490454716,0.010287419255355448,-0.6125387087922822,0.07757269102557596,-0.006567387982445098,48.67770651803941,0.30926875706473095,17.226679380755634,-0.004309360500793261,-0.62503994872149,0.07496149572359245,-0.006501362275522048,48.6483946721052,-0.010614500033307661,0.00784989030091765,-0.014596779756148709,-0.012501239929207819,-0.0026111953019835044,6.602570692305042e-05,-0.029311845934209657
1777,0.3203766473493767,17.186661648536983,0.009401975117471713,-0.674161967223965,0.0769251696861687,-0.01933346559384507,48.65604584973825,0.32424664170302525,17.19431940161363,-0.006472577867211413,-0.6635663365867189,0.07791548419942362,-0.01839186863804908,48.61751438060453,0.0038699943536485426,0.007657753076646401,-0.015874552984683127,0.010595630637246112,0.0009903145132549168,0.0009415969557959904,-0.038531469133715746
1778,0.32075038636398556,17.153352533874116,0.00543259892108471,-0.6581897307397073,0.07556321735585772,-0.0351446276185946,48.63046909378471,0.32419109528839,17.162396668066997,-0.007505856809816382,-0.6734700881522645,0.07680239475018746,-0.03365846280001603,48.59251062800379,0.0034407089244044564,0.009044134192880193,-0.012938455730901091,-0.015280357412557177,0.0012391773943297435,0.0014861648185785642,-0.037958465780924655
1779,0.3209204643506666,17.120855220117555,0.0011900046824445867,-0.6416902984524118,0.07342189189970633,-0.05050839062746111,48.60487002704489,0.32914641675672596,17.12141691845229,-0.00810064313475856,-0.6546344911975583,0.07353704608913514,-0.04823502675891833,48.56639140247496,0.008225952406059334,0.0005616983347351834,-0.009290647817203146,-0.012944192745146577,0.00011515418942881217,0.00227336386854278,-0.03847862456992601
1780,0.32105342059340053,17.08916041641335,0.003884335404356852,-0.6260890222116838,0.07053928918120969,-0.06479571811240406,48.579320933583155,0.3141988564999901,17.08441290860605,-0.008232768420681009,-0.6231131084700623,0.07006501236850404,-0.06445412555765015,48.535158422229976,-0.0068545640934104535,-0.00474750780729849,-0.012117103825037862,0.0029759137416215387,-0.0004742768127056485,0.00034159255475391115,-0.0441625113531785
1781,0.3212544998934423,17.056315088885487,0.003907427256873789,-0.6877111692409628,0.06702134661555002,-0.07592198451398255,48.55767479561988,0.32229454179886996,17.05553315184301,-6.55185412868995e-05,-0.6842112457786174,0.06549833232871238,-0.0769487484684282,48.52121983832044,0.0010400419054276688,-0.0007819370424755334,-0.003972945798160689,0.0034999234623454,-0.00152301428683764,-0.0010267639544456475,-0.036454957299440593
1782,0.3214914851911182,17.022358354389254,0.005225855770189279,-0.6705436199024623,0.06293013419885167,-0.08772651215395161,48.532055514551416,0.3119221346813174,17.018811086866336,-0.0021206187756037894,-0.6617347544522061,0.06304731315282641,-0.08744296788577162,48.50265262594013,-0.00956935050980079,-0.0035472675229186734,-0.007346474545793069,0.008808865450256165,0.00011717895397474198,0.0002835442681799888,-0.029402888611286926
1783,0.32182395702902866,16.989233304164284,0.007679247184497293,-0.6544436973159495,0.05826971976758888,-0.09869006509656014,48.50649429102419,0.32793574378964463,16.975029702251515,0.0038140574035537065,-0.6608795664546858,0.05898950435215511,-0.09732980914850962,48.482163746578664,0.006111786760615967,-0.014203601912768704,-0.003865189780943586,-0.006435869138736283,0.0007197845845662298,0.0013602559480505177,-0.02433054444552596
1784,0.32226449887704633,16.95691352614631,0.009505207024957463,-0.6383320081082361,0.05309076375177767,-0.10846817553588838,48.48093654261169,0.333539170095776,16.95846731311097,0.007430946741403571,-0.6215265890997964,0.052167570331373536,-0.10969700779547407,48.459521362682814,0.01127467121872966,0.00155378696466002,-0.002074260283553892,0.01680541900843968,-0.0009231934204041309,-0.0012288322595856993,-0.021415179928872874
1785,0.3228501780948251,16.923458229978007,0.013522411136812117,-0.6998629999900849,0.04750298485486043,-0.11504298034080111,48.45929942832628,0.30268526057094153,16.928729329146663,-0.0019659366494613004,-0.6930429167660499,0.045647211160637635,-0.11546581622061544,48.42762478068292,-0.020164917523883552,0.005271099168655979,-0.015488347786273417,0.006820083224035045,-0.0018557736942227954,-0.0004228358798143289,-0.031674647643363585
1786,0.32373923200575394,16.888907260456154,0.021539388024777447,-0.6821550931628968,0.041605976802355005,-0.12083734175941581,48.43366762588987,0.31517153255984864,16.890804195426757,0.03347125350843681,-0.6746192005573285,0.04221444891087334,-0.1230404261108282,48.40193685367878,-0.008567699445905297,0.001896934970602615,0.011931865483659366,0.007535892605568306,0.000608472108518332,-0.0022030843514123932,-0.03173077221109111
1787,0.3246015975726458,16.855217973399444,0.012422150109346906,-0.6654146271689219,0.03527754644165384,-0.13229987266863077,48.40808479824149,0.3099729597379887,16.845893684746837,0.005025947719585703,-0.6548083083141109,0.03456713594050331,-0.13400991572391852,48.38466779518641,-0.014628637834657066,-0.009324288652607038,-0.0073962023897612035,0.010606318854811003,-0.0007104105011505255,-0.001710043055287741,-0.023417003055079988
1788,0.325481581653931,16.822343120384097,0.02221308177011065,-0.6495552453226267,0.028599607676747546,-0.13481767792762087,48.38255262600895,0.3188418692426256,16.811464860631336,0.02160745983636641,-0.6530592130531884,0.027272016312150704,-0.13400077946816633,48.36119498288734,-0.0066397124113053985,-0.010878259752761466,-0.0006056219337442423,-0.003503967730561719,-0.0013275913645968418,0.0008168984594545403,-0.021357643121611147
1789,0.32644617899593625,16.79026159368832,0.015787071904003764,-0.6336993843024687,0.021681370408079166,-0.1419118128191144,48.35702716580334,0.32089431821720915,16.801557715280637,0.02527088953730155,-0.6181371638520948,0.019826621284750434,-0.1416624285441157,48.336697777030906,-0.005551860778727102,0.01129612159231641,0.009483817633297788,0.01556222045037392,-0.001854749123328732,0.00024938427499870963,-0.0203293887724314
1790,0.3272271371027569,16.758929960388617,0.014844430695002507,-0.6195571550109785,0.014462582477839927,-0.14683970439045513,48.331593430175204,0.33142929369668633,16.759601592275303,0.01354128100830157,-0.6166722515923586,0.013960585581030749,-0.1469470773064766,48.30609509029949,0.004202156593929418,0.0006716318866857307,-0.0013031496867009374,0.0028849034186199107,-0.0005019968968091783,-0.00010737291602147536,-0.025498339875710485
1791,0.3280514453942271,16.72830427076317,0.0175028980177951,-0.6054605978702295,0.007040409280495988,-0.15004722350330246,48.30616651843427,0.32981506887878753,16.728897253444895,0.03502971033595607,-0.6068526174630283,0.006269539342322439,-0.14942917497617556,48.286023258427875,0.0017636234845604393,0.0005929826817236972,0.017526812318160966,-0.0013920195927987766,-0.0007708699381735488,0.0006180485271269076,-0.02014326000639244
1792,0.32854893689316655,16.69647517730688,0.0018510231884321625,-0.6677105942018193,-0.0006239561781436059,-0.1565273948422813,48.284576281361836,0.3184513777929898,16.695528843614163,-0.01842075067924212,-0.671738152125884,-0.0012196964686466139,-0.1566605781749613,48.269362410624396,-0.010097559100176734,-0.0009463336927169053,-0.020271773867674283,-0.0040275579240646175,-0.0005957402905030079,-0.0001331833326800036,-0.015213870737440516
1793,0.3291317295560369,16.66350415735328,0.0208159455077672,-0.6510922905820665,-0.0082538710292777,-0.14866919920308247,48.25901372742987,0.3260780528025843,16.669031718865913,0.0032874325788487075,-0.6449963714126558,-0.007775384866605783,-0.14738142242244717,48.24431061788211,-0.0030536767534526388,0.005527561512632673,-0.01752851292891849,0.006095919169410768,0.00047848616267191606,0.0012877767806352969,-0.014703109547760107
1794,0.330212788218434,16.63134050835152,0.021805536440388792,-0.6354374905295342,-0.015613503397374473,-0.14571609552078843,48.233521509501294,0.33042465006620353,16.63658454193015,0.02763881656493248,-0.6427158808991809,-0.015695781903632522,-0.1460715499329282,48.205747692101504,0.00021186184776955663,0.005244033578630791,0.005833280124543688,-0.0072783903696466146,-8.227850625804924e-05,-0.0003554544121397718,-0.027773817399790346
1795,0.33100858317953896,16.599952253907922,0.00941082246338908,-0.620095616749316,-0.022936197464998018,-0.1471916671841533,48.20804003101811,0.345103157394838,16.589933818586356,-0.0020524988442861877,-0.6113485658065635,-0.022387091509081358,-0.14745826056488442,48.18895999455594,0.014094574215299027,-0.010018435321565988,-0.011463321307675267,0.008747050942752521,0.0005491059559166594,-0.0002665933807311227,-0.019080036462170824
1796,0.33120900614631454,16.56929469055886,-0.00201036536178688,-0.6062078827234033,-0.030283318482388983,-0.1466931735114853,48.1826380618552,0.342827899645987,16.576548628185677,-0.0017070120151211413,-0.6104999958806582,-0.029400405853044376,-0.14645395524410554,48.158433916778236,0.011618893499672434,0.007253937626817475,0.0003033533466657388,-0.004292113157254862,0.0008829126293446073,0.00023921826737977048,-0.024204145076964778
1797,0.3308967564883867,16.539331105994,-0.011089566354274508,-0.5923343623455176,-0.037556541682545505,-0.14423575449477563,48.15724278746972,0.32219202535449726,16.539971846928,-0.008191704516523596,-0.5874111619588743,-0.037124937199615626,-0.14350847807023023,48.13278898595903,-0.00870473113388942,0.0006407409340027925,0.002897861837750912,0.004923200386643289,0.00043160448292987874,0.0007272764245453978,-0.024453801510688322
1798,0.3302969179169458,16.508147137683927,-0.013410365554795139,-0.6550195245682846,-0.04466963819368196,-0.14028810595068236,48.135708367152084,0.3418640007589223,16.512919159056537,-0.004616565886727519,-0.6542452630240142,-0.043713989598584746,-0.14018714295382603,48.122613397447005,0.011567082841976495,0.0047720213726094585,0.00879379966806762,0.0007742615442704048,0.000955648595097211,0.0001009629968563297,-0.013094969705079507
1799,0.3294698256540124,16.4758019126766,-0.02025185583225459,-0.6387835901164584,-0.051522750227922645,-0.13383637541894502,48.11020594410115,0.3301708901514169,16.473473669009373,-0.025497115613466806,-0.6331549530245492,-0.05040563409913856,-0.13219342970615608,48.09967243938153,0.00070106449740448,-0.0023282436672289464,-0.005245259781212215,0.005628637091909194,0.001117116128784082,0.0016429457127889457,-0.010533504719624887
1800,0.32833949028938714,16.44424369456385,-0.025507893709101358,-0.6235368949086183,-0.05800610608754366,-0.12549785896589571,48.0847585518706,0.3296594712123756,16.444681356597695,-0.02288762720516291,-0.6215869520861919,-0.05748856074372366,-0.1270163674845293,48.07841229456734,0.0013199809229884618,0.00043766203384620894,0.002620266503938446,0.0019499428224264426,0.0005175453438200014,-0.0015185085186335823,-0.006346257303256664
1801,0.3270510871222958,16.41343469341319,-0.026534746170259044,-0.6088124387407828,-0.06402462566795107,-0.11524292425040064,48.05934246645677,0.3443873378932478,16.411346492136047,-0.02762344148563618,-0.6169092435425735,-0.06439072041484062,-0.11715979331330784,48.04245189510425,0.017336250770952022,-0.0020882012771430425,-0.0010886953153771348,-0.008096804801790647,-0.0003660947468895476,-0.001916869062907195,-0.016890571352519146
1802,0.3257097044166696,16.383356072243828,-0.02758005644341041,-0.594319525222478,-0.06948482527937158,-0.10316506020641981,48.03394264160747,0.3208338980603452,16.388736884995375,-0.018146372991259922,-0.5886790504373635,-0.06981737769765273,-0.10290075355891057,48.029593527493326,-0.004875806356324397,0.005380812751546671,0.009433683452150489,0.005640474785114535,-0.0003325524182811457,0.0002643066475092465,-0.004349114114141628
1803,0.3243392042211665,16.35208008168463,-0.027587572863625155,-0.6567069526564727,-0.07435766107801424,-0.09174837173928677,48.012414046787754,0.32723724076346383,16.343719030541266,-0.0190043911078096,-0.6521649104743097,-0.07370248585052241,-0.09179799178352027,48.00898408395138,0.002898036542297311,-0.008361051143364051,0.008583181755815555,0.004542042182163031,0.0006551752274918249,-4.9620044233505967e-05,-0.003429962836371203
1804,0.32298170934568116,16.319653952716955,-0.02706910115268515,-0.6403240651513236,-0.07858267951195208,-0.07725236561822699,47.98692790926277,0.337055647259483,16.3172754294707,-0.047060952597014025,-0.646562658964302,-0.07763013405985131,-0.07782735594177646,47.98228084917915,0.014073937913801848,-0.00237852324625365,-0.019991851444328874,-0.006238593812978421,0.0009525454521007726,-0.0005749903235494763,-0.004647060083620147
1805,0.32169253606986586,16.288040365093018,-0.02479139482430675,-0.6242048145560772,-0.08205676813042664,-0.06171117912075557,47.96145912503902,0.34062621496641254,16.298309854047226,-0.010041151948967257,-0.6307104773002234,-0.08221815199185567,-0.06208448694562753,47.9481256358897,0.01893367889654668,0.010269488954207873,0.014750242875339492,-0.006505662744146212,-0.0001613838614290264,-0.00037330782487195874,-0.013333489149317757
1806,0.3205220570013507,16.257212439901572,-0.0222530867604899,-0.6088972396596294,-0.08472967487764681,-0.04520509076805099,47.93603511114937,0.3341379450675072,16.25328593310303,-0.02479130248190325,-0.6332981913526795,-0.08541806273165076,-0.045095611842092514,47.923373537326874,0.01361588806615649,-0.003926506798542562,-0.0025382157214133526,-0.02440095169305012,-0.0006883878540039495,0.00010947892595847275,-0.01266157382249844
1807,0.3195177688694635,16.227154063242406,-0.01807292501440714,-0.5934228906012581,-0.08655714055877956,-0.027893536477258972,47.91060658444881,0.31806224529456417,16.234069489539372,0.010973481318381443,-0.5884786811554839,-0.08587547669793638,-0.026101144774147312,47.89570115097344,-0.001455523574899309,0.006915426296966842,0.02904640633278858,0.004944209445774228,0.0006816638608431735,0.00179239170311166,-0.014905433475369989
1808,0.3187509454398134,16.195925094930672,-0.012675012725883977,-0.6557224236241384,-0.08758888779680123,-0.01337635304360806,47.88909128345305,0.3192686793679176,16.19992859860085,-0.020647954306032515,-0.6419177651726317,-0.08958769196157901,-0.012324220973562677,47.87285049875579,0.0005177339281041693,0.004003503670176656,-0.007972941580148538,0.01380465845150669,-0.0019988041647777816,0.0010521320700453834,-0.01624078469725987
1809,0.3182972000289254,16.163537314025767,-0.005494324322386522,-0.6397748278731747,-0.08780282938555682,0.004818689493384135,47.86364710607079,0.31012933154230193,16.14477443071057,-0.007680907595410284,-0.6375542942171376,-0.08858271308345511,0.004735033427221994,47.85253047518889,-0.008167868486623486,-0.018762883315197598,-0.002186583273023762,0.002220533656037138,-0.0007798836978982898,-8.365606616214053e-05,-0.011116630881900846
1810,0.3181911911618845,16.131943429618573,0.0013100290437909256,-0.6239671472461578,-0.08711899542714675,0.022534668843018607,47.83821461499695,0.3101749836482219,16.131867293530913,-0.004276088328444401,-0.6157146414997401,-0.08666969979062822,0.022562696693492947,47.82162245049701,-0.00801620751366261,-7.613608766021684e-05,-0.005586117372235327,0.008252505746417671,0.00044929563651853466,2.802785047434017e-05,-0.016592164499940054
1811,0.31832748125447513,16.101112590856463,0.004271851365087148,-0.6092531830699208,-0.08556821976582656,0.03949635760978905,47.812841640522215,0.3154522348135999,16.094771401714905,0.003970963623712256,-0.6096353918132478,-0.08496418712722065,0.03984900998151162,47.80909150196395,-0.002875246440875223,-0.0063411891415583455,-0.0003008877413748917,-0.00038220874332695054,0.0006040326386059086,0.0003526523717225713,-0.003750138558267224
1812,0.3185739354986681,16.071011859508083,0.00578673499923143,-0.5947628282631048,-0.08318652870490646,0.05577128482701477,47.78748422002835,0.3225248317947309,16.057509723106907,0.0020421992975684722,-0.5928330913989597,-0.08339012647179844,0.055718866545477454,47.78975602502929,0.0039508962960628224,-0.01350213640117559,-0.003744535701662958,0.001929736864145104,-0.00020359776689198028,-5.2418281537319755e-05,0.0022718050009444823
1813,0.3189117827094525,16.039725630927723,0.007949769505616008,-0.6566738015934217,-0.08006530235644872,0.06907776911129479,47.765967501759384,0.32324144165433893,16.02373064050753,3.605389192671638e-05,-0.6540835221518014,-0.08144941551183127,0.06810746007619128,47.77183264021898,0.004329658944886461,-0.015994990420193034,-0.007913715613689292,0.002590279441620269,-0.0013841131553825464,-0.000970309035103506,0.005865138459597574
1814,0.31937333344257685,16.00731235449133,0.010835683079327899,-0.6398442540201257,-0.07623392788734637,0.08417720965279919,47.74050131626637,0.3157133565501047,16.012092979528692,0.018908212279895965,-0.6258363803282778,-0.0767230783918409,0.08403554977023715,47.7459658148574,-0.003659976892472161,0.00478062503736254,0.008072529200568066,0.01400787369184786,-0.0004891505044945232,-0.00014165988256203965,0.005464498591031486
1815,0.31995491175681606,15.97570537496686,0.012810352815722969,-0.624420540747698,-0.0716868445087298,0.09770612549186397,47.715109908141024,0.3174911378757075,15.973414300601844,0.014325215602061028,-0.6370285499504199,-0.07026946271294499,0.09888257151257317,47.710031025475644,-0.0024637738811085774,-0.002291074365016854,0.0015148627863380594,-0.01260800920272187,0.0014173817957848084,0.001176446020709196,-0.005078882665380036
1816,0.32058964301261644,15.944883174504124,0.013015649029813236,-0.6084505916885681,-0.06651125213371974,0.10931756950853808,47.689694647509036,0.3248716197124801,15.96712971963575,0.014473364957564662,-0.607924494003444,-0.06729221558462406,0.10778124087030819,47.67978340187184,0.004281976699863632,0.02224654513162605,0.001457715927751426,0.0005260976851241272,-0.0007809634509043234,-0.001536328638229889,-0.009911245637198363
1817,0.3211457552555883,15.91482276949657,0.009711150578273384,-0.5939486321170464,-0.060779222756075446,0.11996360559723358,47.664357298076474,0.32349234642198366,15.922414996292002,0.006496482333098417,-0.5999384131680577,-0.06151783388393994,0.11969884962538152,47.654460003482534,0.002346591166395351,0.007592226795431145,-0.0032146682451749667,-0.005989781051011334,-0.0007386111278644969,-0.00026475597185206257,-0.009897294593940842
1818,0.32156454143485,15.88547814228512,0.007563984099236912,-0.5798175776408675,-0.054557383666094736,0.12890995800199498,47.63904208361332,0.3136096147043738,15.89081986317186,0.0006586940781561248,-0.5850100124737228,-0.05546487447903958,0.13055544893355508,47.63631875201338,-0.007954926730476208,0.00534172088674012,-0.006905290021080788,-0.005192434832855253,-0.0009074908129448472,0.0016454909315601063,-0.0027233315999382057
1819,0.32180604050591965,15.85493295083636,0.0025673120301872914,-0.6419711209603968,-0.04795923249277165,0.13501608893092862,47.6175572755366,0.32071018100113363,15.851308625405412,0.0014446527489002702,-0.6210725897032005,-0.04927131480019353,0.13663672859547404,47.61204268362314,-0.0010958595047860231,-0.003624325430948261,-0.0011226592812870213,0.020898531257196318,-0.0013120823074218857,0.0016206396645454257,-0.005514591913460265
1820,0.32172470526338043,15.823215025797378,-0.005240311449806186,-0.626723041740293,-0.04107329234279085,0.14042151706830325,47.592192765658254,0.32544678693460766,15.820217752573718,-0.006351344273590234,-0.635813564492051,-0.04012738177839825,0.13992101840847823,47.58331934458528,0.0037220816712272287,-0.0029972732236593913,-0.0011110328237840476,-0.009090522751757923,0.0009459105643925964,-0.0005004986598250161,-0.00887342107297684
1821,0.32124590797162433,15.792276584158703,-0.013311086086239989,-0.6107874149247728,-0.03398120554391691,0.14326195488665433,47.56679467129657,0.32778779861242746,15.796259261181167,-0.008757042564390114,-0.5920424224853671,-0.03349428980715352,0.1441746403354704,47.56499962100123,0.006541890640803127,0.003982677022463577,0.004554043521849875,0.01874499243940575,0.00048691573676339084,0.0009126854488160641,-0.0017950502953425485
1822,0.32026138479157623,15.762080375566665,-0.025464839844370972,-0.5970317965371726,-0.026794620368048715,0.14420145214807353,47.5415082648016,0.3256842929522152,15.766028062909399,-0.023289761217924643,-0.5780222262844648,-0.027520954730507086,0.14538885113086752,47.54026913559567,0.005422908160638951,0.003947687342733985,0.0021750786264463293,0.019009570252707886,-0.000726334362458371,0.0011873989827939913,-0.0012391292059277248
1823,0.31869963654026745,15.730666714238243,-0.036490966878932767,-0.6594877735199359,-0.019599017408351193,0.14362266623982728,47.52004700507694,0.3087532779965532,15.741292296954434,-0.050479818095536796,-0.664049069179852,-0.020228782829858183,0.14441504325754573,47.52073436041207,-0.009946358543714229,0.010625582716190962,-0.01398885121660403,-0.0045612956599160315,-0.0006297654215069899,0.0007923770177184486,0.0006873553351312012
1824,0.3173686451591156,15.698122274866334,-0.016118903980146433,-0.6423012379561877,-0.012155825861295072,0.15410499564241753,47.4945849583487,0.33143672020179493,15.68642254925205,-0.035812537701305706,-0.6509994847072673,-0.012228642475736962,0.15259528624107993,47.497488337353374,0.014068075042679318,-0.011699725614283452,-0.019693633721159273,-0.008698246751079663,-7.281661444188958e-05,-0.0015097094013376,0.0029033790046710806
1825,0.3166624113871396,15.666431850601125,-0.011476992053273648,-0.6253018091169738,-0.004412444462166734,0.15563026032271596,47.46915687491424,0.33033725821289756,15.662488633005383,-0.021128476002968584,-0.6148858334416338,-0.003891792145124473,0.15658201185634268,47.47190938480064,0.01367484682575798,-0.003943217595741899,-0.009651483949694936,0.010415975675339917,0.0005206523170422613,0.0009517515336267268,0.0027525098863989683
1826,0.316070609670863,15.635546460704823,-0.01154120681022893,-0.6100964428295494,0.0033465125799695848,0.1547280213627368,47.44382248352981,0.31797862179863295,15.634375182850576,-0.011358894396879787,-0.6034443992605635,0.00432499618754445,0.15442186482687134,47.45286698735195,0.0019080121277699758,-0.0011712778542474211,0.00018231241334914355,0.006652043568985966,0.000978483607574865,-0.000306156535865465,0.009044503822146055
1827,0.3153635837448576,15.605407668213633,-0.016094940553378692,-0.595435000673262,0.011003180745471623,0.15153870525734475,47.41851861735585,0.32105087946685956,15.604489758403954,-0.023247497570550932,-0.5923919872798566,0.0103143728016164,0.14922677467000425,47.42712090796475,0.005687295722001939,-0.0009179098096794291,-0.00715255701717224,0.0030430133934054027,-0.0006888079438552228,-0.0023119305873404994,0.0086022906088985
1828,0.3148693179198456,15.575986269945448,-0.003036587179992308,-0.5814225048491767,0.01862312840841102,0.15325920126023113,47.393245355356626,0.3170490993840649,15.574080078279316,-0.0028466766082073155,-0.5881127738191186,0.018618096342637447,0.1534828347030227,47.389184665856426,0.002179781464219266,-0.001906191666131818,0.00018991057178499235,-0.006690268969941959,-5.032065773572653e-06,0.00022363344279158204,-0.004060689500199999
1829,0.3145772552268017,15.54726107526517,-0.0080157382984014,-0.567561160472559,0.026106395572226323,0.14607148529238098,47.36798778919108,0.3138750522546513,15.548083149611779,-0.015095623182666362,-0.5833594254145039,0.02619494065365746,0.14545239960658837,47.368828858935316,-0.0007022029721504008,0.0008220743466083036,-0.007079884884264961,-0.015798264941944917,8.854508143113851e-05,-0.0006190856857926086,0.0008410697442329251
1830,0.31444722231359934,15.51922468914089,0.0034193735905929286,-0.553889694707174,0.03334277498668612,0.14338369128601083,47.34274431059207,0.32380149356442195,15.51413661755576,0.006380696104244684,-0.5557080286376247,0.03267019872945687,0.14359665758539095,47.353484088782686,0.00935427125082261,-0.005088071585129583,0.0029613225136517554,-0.0018183339304507218,-0.0006725762572292529,0.0002129662993801129,0.010739778190618665
1831,0.31438021137504785,15.489951557945833,-0.0056050091406008445,-0.6170114236022938,0.040277792772834144,0.13401702015991024,47.32134698373695,0.32864005751354625,15.486975076845141,0.002432599800102568,-0.6012893049309462,0.0408514961204256,0.1346254704933807,47.32310292401076,0.0142598461384984,-0.002976481100692041,0.008037608940703413,0.01572211867134754,0.0005737033475914574,0.0006084503334704561,0.001755940273810097
1832,0.3143391813827133,15.459467995627666,0.004510051953086635,-0.6023211645061224,0.046809383258391256,0.12724659926237436,47.29606340131464,0.3049976630930693,15.457715099073546,-0.0060419478243366204,-0.5912965529140816,0.04559096286074027,0.12750603257226387,47.30207964723097,-0.009341518289643969,-0.0017528965541195873,-0.010551999777423255,0.011024611592040823,-0.0012184203976509864,0.0002594333098895063,0.006016245916327989
1833,0.31469192479011365,15.429707456407137,0.010117076342650815,-0.5880902645097763,0.05297313901673825,0.11930363107150549,47.27080697009381,0.3096179740048654,15.429201948893347,0.011198046433296428,-0.5957480577346318,0.052821061095497335,0.1182719455142732,47.270965073554656,-0.005073950785248249,-0.0005055075137896381,0.001080970090645613,-0.007657793224855491,-0.00015207792124091735,-0.0010316855572322925,0.00015810346084776938
1834,0.31537319053230645,15.4006643781242,0.017611962347095306,-0.5736201193655077,0.05868970378251702,0.10935895955964513,47.24554330904134,0.3152226768094029,15.406423278008623,0.011943819586552563,-0.5904505834191615,0.057371645543308425,0.11076694588247855,47.24411024922195,-0.0001505137229035336,0.00575889988442313,-0.005668142760542743,-0.016830464053653738,-0.0013180582392085943,0.0014079863228334266,-0.0014330598193907917
1835,0.3163645882818716,15.372338544959407,0.022479036172407384,-0.5593998802854983,0.06387895873030633,0.0982112383519275,47.22029636730514,0.32247361068427755,15.373914584068649,0.00439101161689766,-0.5648644874539471,0.0641055323212747,0.09665044221695307,47.21789293374783,0.006109022402405961,0.001576039109242089,-0.018088024555509723,-0.005464607168448876,0.00022657359096836527,-0.0015607961349744237,-0.0024034335573119847
1836,0.31744296684713785,15.342804656439839,0.02098689111918353,-0.6219416778367692,0.06851662381038336,0.08729536485115363,47.19889330112049,0.3302081019200296,15.354928921052,0.0031115283054060586,-0.6243886319253653,0.06712492413974802,0.0886339771297948,47.21106247939143,0.012765135072891731,0.01212426461216154,-0.017875362813777475,-0.002446954088596076,-0.0013916996706353352,0.0013386122786411686,0.012169178270937664
1837,0.31847233372512074,15.312107846448537,0.02052737512766335,-0.6059158556811504,0.07253911043026595,0.07360409994415046,47.173564569744116,0.3208208920721965,15.29841493391935,0.014322033437211907,-0.6067815161848871,0.07134065765198239,0.0736510179055124,47.18978774495897,0.0023485583470757576,-0.01369291252918714,-0.006205341690451442,-0.0008656605037367093,-0.0011984527782835652,4.691796136194193e-05,0.01622317521485428
1838,0.31943840736572265,15.282191867317952,0.018394828064736683,-0.5907080506904415,0.07585116800537464,0.058878203060197275,47.14828070206804,0.3185102763413662,15.27762899931422,0.021146173949873344,-0.5765576166379949,0.07653839403837459,0.058170809836044085,47.164932948029275,-0.00092813102435646,-0.004562868003731069,0.0027513458851366607,0.014150434052446648,0.0006872260329999491,-0.0007073932241531897,0.01665224596123238
1839,0.3202384584077401,15.252998568341768,0.013821000756774247,-0.5770080875270872,0.0783950650305645,0.04287767794739672,47.123075631897,0.32500005235631924,15.242379897401051,0.015291086375001046,-0.5820748534039295,0.07805222701162284,0.04429964635255143,47.152946114112005,0.0047615939485791126,-0.010618670940717223,0.001470085618226799,-0.005066765876842294,-0.0003428380189416519,0.001421968405154711,0.02987048221500288
1840,0.32081978642739556,15.224499185977995,0.009578205822656295,-0.5629520844421942,0.08013168260066442,0.026587024856600347,47.09785705886331,0.3239076837346936,15.209303082886436,-0.003217254826138294,-0.563769827550696,0.07920567143671642,0.027040602118616423,47.13545961551757,0.0030878973072980265,-0.01519610309155972,-0.012795460648794589,-0.0008177431085018005,-0.0009260111639479984,0.00045357726201607565,0.0376025566542566
1841,0.3212321862274442,15.19479270962337,0.006988114412612137,-0.6252934736070331,0.08111356379436423,0.012688222891391848,47.076461307755565,0.3200920887779759,15.189364284209079,-0.005310597964005445,-0.6256001512697221,0.08165047037389961,0.0138292792228984,47.10711545749083,-0.0011400974494683025,-0.005428425414290672,-0.012298712376617582,-0.0003066776626889922,0.0005369065795353817,0.001141056331506551,0.030654149735262592
1842,0.321452753951497,15.163935027854434,0.0018523395905173518,-0.6089997726521096,0.08132324836462183,-0.004300840081087845,47.05113915748354,0.31751060282771826,15.175847576984673,0.004264451098554091,-0.6119271425599453,0.0810766518995063,-0.004828208133804104,47.08103001248802,-0.003942151123778714,0.011912549130238759,0.002412111508036739,-0.0029273699078357085,-0.00024659646511553113,-0.0005273680527162587,0.02989085500448141
1843,0.32145897835280485,15.133875288454632,-0.0016562382036135344,-0.5933764127507573,0.08069164705401864,-0.020963212343039838,47.02585498838765,0.321943393153785,15.13261762521274,-0.010995539681882575,-0.5952781256787414,0.08027897853626875,-0.020887093517253073,47.05409893338958,0.00048441480098015965,-0.0012576632418923595,-0.00933930147826904,-0.0019017129279841338,-0.00041266851774988955,7.611882578676538e-05,0.028243945001932502
1844,0.32128571682670914,15.104576877539575,-0.005396721832809723,-0.5785470821685698,0.07923807023995696,-0.03717986021942704,47.00061488424332,0.31947856350381054,15.11163176639651,0.007950309302831622,-0.5732931863755074,0.07891724769712605,-0.03601805405162214,47.02581610137866,-0.0018071533228986025,0.007054888856934838,0.013347031135641344,0.0052538957930623464,-0.0003208225428309175,0.0011618061678049033,0.02520121713533996
1845,0.3209387300058221,15.075992682094645,-0.0086718915569791,-0.5648081864241679,0.0769858701869562,-0.05290814190060346,46.975433502070615,0.32452694275037863,15.07634714605143,-0.0272937136182986,-0.5738457973961812,0.07671511595017666,-0.05368018495832767,46.99691102916175,0.003588212744556507,0.00035446395678562226,-0.0186218220613195,-0.009037610972013388,-0.00027075423677953847,-0.0007720430577242143,0.02147752709113604
1846,0.3204590780967041,15.0480967582119,-0.010767569487578297,-0.5510160898183688,0.07396960468520333,-0.06774247816951098,46.95025392803699,0.3268931213714154,15.051509536755596,-0.017962714019208126,-0.5589533776342783,0.07240401519495565,-0.06713072676771091,46.97062100484627,0.00643404327471131,0.003412778543696149,-0.007195144531629829,-0.007937287815909522,-0.001565589490247682,0.000611751401800073,0.020367076809279183
1847,0.31994783289230233,15.018984323485352,-0.009944471635413754,-0.6134686869626154,0.07029490145749395,-0.07924565093886439,46.928885671418634,0.3254168868763831,15.027751990150888,-0.024380117786920636,-0.6168245313963012,0.07114412390625757,-0.07786466121726589,46.94565895650507,0.005469053984080763,0.008767666665535856,-0.014435646151506882,-0.0033558444336858617,0.0008492224487636202,0.0013809897215985023,0.01677328508643683
1848,0.3194339871333808,14.988710299552805,-0.010971444959261306,-0.5974793223146493,0.06600437437524231,-0.09237543235120133,46.90360515250573,0.311456002019036,14.987537347428772,-0.0037195207225803745,-0.5926350136300148,0.0657150225298837,-0.09238326467180344,46.91870646258558,-0.007977985114344777,-0.001172952124033344,0.007251924236680932,0.00484430868463448,-0.0002893518453586097,-7.832320602113585e-06,0.015101310079849384
1849,0.31890566351727534,14.959206246618969,-0.010574676975707391,-0.582668326513746,0.06109794406998611,-0.10388177985904691,46.87838764166642,0.31966631879920177,14.96162273212373,-0.015550891461147028,-0.5802363728737178,0.062312041009144004,-0.10348612252603777,46.89068078356728,0.0007606552819264256,0.0024164855047619227,-0.004976214485439636,0.0024319536400282393,0.0012140969391578951,0.00039565733300914174,0.012293141900855176
1850,0.3184422615938438,14.93042753355146,-0.00842042704122772,-0.5684653665533641,0.0556434512229695,-0.1142979340216174,46.85320458975785,0.30884275892388907,14.942916614130896,-0.000993373732460395,-0.5805047122604906,0.05685574975939911,-0.1124430885927382,46.875590048414175,-0.00959950266995474,0.012489080579435097,0.007427053308767325,-0.012039345707126503,0.0012122985364296096,0.0018548454288792038,0.022385458656323465
1851,0.31826965205234564,14.902360392259505,0.0010132060845740622,-0.5542039779671082,0.049707253168325596,-0.12314998816413886,46.82802252185742,0.32681990776935665,14.90800232570114,0.008122618010765791,-0.550520177805753,0.05049252968512308,-0.12463848653804814,46.84934544859911,0.008550255717011013,0.005641933441635771,0.007109411926191729,0.0036838001613551663,0.0007852765167974812,-0.0014884983739092833,0.02132292674168923
1852,0.3184813543569719,14.873082241235,0.007004054688146459,-0.6169053058630217,0.043400601280062526,-0.12911608736638416,46.80668369499527,0.33590575532378014,14.871997947706827,0.017152881300053678,-0.606898282090349,0.04353987762858802,-0.12945259665567263,46.82713615961806,0.01742440096680825,-0.0010842935281729638,0.010148826611907219,0.010007023772672707,0.00013927634852549386,-0.0003365092892884669,0.02045246462278527
1853,0.3191777782120202,14.842627046352476,0.020292661062679414,-0.6012816931389567,0.0368167129277263,-0.13423944672706478,46.78144055729441,0.3226363916385573,14.83517330526048,0.03635767633571466,-0.5845385626795525,0.03859908489941155,-0.13536011729216807,46.80166711087664,0.0034586134265370827,-0.007453741091996591,0.01606501527303525,0.016743130459404232,0.001782371971685251,-0.0011206705651032878,0.020226553582233464
1854,0.3200110594576458,14.812924401450706,0.01245423093073068,-0.586822989828446,0.02984987308053272,-0.1444341471606785,46.756255728439704,0.30788134586045607,14.82202815235579,0.02069149533116096,-0.5907048172035024,0.029268974067625297,-0.14420758503875386,46.77779241851772,-0.012129713597189729,0.00910375090508353,0.00823726440043028,-0.003881827375056379,-0.000580899012907421,0.00022656212192465053,0.021536690078015397
1855,0.32047303343391337,14.783954381653224,0.0054007870355708065,-0.5719726752885386,0.022442136744062133,-0.15187530629814494,46.731058963213094,0.30846625883059753,14.808775578557793,0.0184332145759909,-0.5636826432648789,0.02129537269208548,-0.1530315980635269,46.752939390677994,-0.01200677460331584,0.02482119690456841,0.013032427540420093,0.008290032023659633,-0.0011467640519766537,-0.001156291765381956,0.021880427464900265
1856,0.321052543147193,14.75569400317821,0.01712413085266548,-0.5584345364347333,0.014720285865590488,-0.1569987288407209,46.70593317671451,0.33052884747337896,14.755841213421348,0.014326139970889431,-0.5455925350667808,0.016115400422054726,-0.15712477412942874,46.73658216451307,0.009476304326185958,0.00014721024313857356,-0.00279799088177605,0.012842001367952438,0.0013951145564642387,-0.00012604528870782672,0.03064898779855696
1857,0.3219026659301304,14.726203192344958,0.01631588788482907,-0.6211901207791363,0.006792372074446527,-0.1601178228050375,46.68461472874239,0.32002355505253643,14.722564193671825,0.017928731980723388,-0.6176359580868716,0.005909756133050781,-0.16149946103888288,46.71690276314502,-0.0018791108775939591,-0.003638998673132221,0.001612844095894319,0.0035541626922647174,-0.0008826159413957459,-0.001381638233845378,0.03228803440263306
1858,0.3227454825043162,14.695553138772832,0.016718784653952313,-0.6047992049244367,-0.0012335045776776608,-0.16091724327993,46.65935632795191,0.3161177518537815,14.707758018983617,-0.00026244787983219914,-0.60807239305537,-0.0011302229734173608,-0.1616833335755596,46.696062283489894,-0.00662773065053468,0.012204880210784808,-0.016981232533784512,-0.0032731881309332467,0.00010328160426029999,-0.0007660902956296012,0.036705955537982504
1859,0.323636149292904,14.665711274074145,0.018231311000952974,-0.5888605612286368,-0.0092484473263561,-0.15968046666720756,46.63412461213612,0.32380328530389396,14.66701404527629,-0.0004278813296846734,-0.5984844684510766,-0.009193799780545575,-0.15795221790697128,46.66535092748883,0.00016713601098994335,0.0013027712021447257,-0.018659192330637647,-0.009623907222439776,5.464754581052493e-05,0.0017282487602362784,0.031226315352711254
1860,0.3246329230143315,14.636654575051574,0.0209736495299545,-0.5733900012184907,-0.017146728759513393,-0.15625079065908418,46.60892003904831,0.3247858868373698,14.648867543083309,0.009063463849804674,-0.5663180895054312,-0.016355192448044065,-0.1554458808152187,46.64568557689586,0.00015296382303831013,0.012212968031734661,-0.011910185680149827,0.007071911713059542,0.0007915363114693284,0.00080490984386547,0.036765537847550434
1861,0.32539322261763787,14.608328117929252,0.008781448250292648,-0.5596722608003268,-0.024987003949384218,-0.15736021693574886,46.58379808159802,0.3138796596077985,14.601658711195928,-0.0007545022700575156,-0.5451344746403678,-0.025757665856218637,-0.15734954104583232,46.61696499809339,-0.011513563009839356,-0.006669406733324834,-0.009535950520350164,0.014537786159959043,-0.0007706619068344189,1.067588991654489e-05,0.03316691649536807
1862,0.32563495319491975,14.578776777943837,0.0003297433644067673,-0.6223797945297925,-0.03282172933676476,-0.15602879855947294,46.56249145289491,0.33735580570791024,14.581328714637928,-0.010650165099738658,-0.6162179238711611,-0.033912880976398885,-0.15619310498037597,46.600804202586524,0.011720852512990487,0.0025519366940915944,-0.010979908464145425,0.006161870658631385,-0.001091151639634122,-0.0001643064209030376,0.038312749691613135
1863,0.3255552467486384,14.548068154686238,-0.0041677394694054765,-0.6059617152424659,-0.04052728180424811,-0.15219330013986113,46.537249535767614,0.3356517764089901,14.553593390432207,-0.005831837960159373,-0.5994520406199728,-0.03869300193171732,-0.15058246923752278,46.57317002652808,0.010096529660351683,0.0055252357459689705,-0.0016640984907538969,0.006509674622493078,0.0018342798725307918,0.0016108309023383505,0.03592049076046777
1864,0.32514462535666216,14.518159699578026,-0.012887801947286824,-0.5903732418004157,-0.0480096954626187,-0.14710324619496226,46.51205274580053,0.3246356747403395,14.51912678099155,-0.0050767533592074926,-0.6152177333107951,-0.048131472001863074,-0.14707581974455122,46.554032478282465,-0.0005089506163226676,0.0009670814135240846,0.007811048588079332,-0.024844491510379374,-0.00012177653924437537,2.742645041103886e-05,0.04197973248193421
1865,0.32440176207999155,14.489052707700552,-0.017431447636835372,-0.5738986285426461,-0.05517209597215899,-0.13939277418664936,46.486818274738276,0.32066275079292356,14.502357921153294,-0.012377379922812593,-0.5839509395822741,-0.057480843406715554,-0.13898428891822906,46.52602319178225,-0.003739011287067995,0.013305213452742493,0.005054067714022779,-0.010052311039628004,-0.0023087474345565642,0.0004084852684203,0.039204917043974774
1866,0.3235184028418287,14.46073090643474,-0.018468320315335247,-0.5589613522161878,-0.061885855985395484,-0.1291576263428105,46.46166562710379,0.33449059357715105,14.455937724867324,-0.01436260330441758,-0.5742013578438414,-0.06321942601414987,-0.1287467803638358,46.5036832311408,0.010972190735322351,-0.004793181567416482,0.004105717010917668,-0.015240005627653597,-0.001333570028754387,0.0004108459789746999,0.042017604037006606
1867,0.3227272567385682,14.43314512271984,-0.013697978242920864,-0.5444569629550154,-0.06805123137816946,-0.11745738936814856,46.43653877042841,0.32275661990558396,14.422863972764409,-0.004368647013717197,-0.5451894788197909,-0.06794287804874166,-0.11752665463856207,46.484530594044976,2.9363167015739045e-05,-0.01028114995543028,0.009329331229203666,-0.0007325158647754071,0.00010835332942779607,-6.926527041350994e-05,0.04799182361656307
1868,0.32204325606703904,14.404361363434667,-0.014061499136943498,-0.6068809611682388,-0.07365105693326034,-0.10653563283548664,46.41524370655288,0.3200161848711892,14.399547912396299,-0.02757329472481402,-0.6137822427558737,-0.0728794968619857,-0.10649940977119897,46.453573926234235,-0.0020270711958498278,-0.004813451038367944,-0.013511795587870521,-0.006901281587634922,0.0007715600712746434,3.62230642876743e-05,0.03833021968135597
1869,0.32135107271722374,14.3744304613812,-0.01404572115049442,-0.5903408390173823,-0.07862042674757663,-0.09223915973716512,46.390024154086234,0.3080154364356108,14.388099034798223,-0.012449184553998635,-0.5801827936796118,-0.07928183717662485,-0.09382228384967581,46.42985743848843,-0.01333563628161294,0.013668573417023211,0.0015965365964957842,0.010158045337770538,-0.0006614104290482148,-0.0015831241125106865,0.039833284402199354
1870,0.3207722671089755,14.345284676615366,-0.009462363853468879,-0.5754748566739891,-0.08283575220552378,-0.07637385858072071,46.364891703535285,0.3231729251278286,14.345366760970272,0.006716877645129644,-0.576218655996638,-0.08227360182545773,-0.07570689887116193,46.41155187150564,0.0024006580188530857,8.208435490608679e-05,0.01617924149859852,-0.000743799322648897,0.0005621503800660455,0.0006669597095587815,0.04666016797035155
1871,0.3204538156313926,14.316878865851786,-0.0035642154020943447,-0.5607424364407095,-0.0862439383205365,-0.05995358601978833,46.339770129574894,0.32535242540300524,14.310424776468752,0.003917288204937021,-0.5698455617784125,-0.08848682108226669,-0.05945224008373297,46.377084761353565,0.004898609771612661,-0.006454089383034045,0.007481503607031366,-0.009103125337702966,-0.0022428827617301805,0.0005013459360553585,0.03731463177867056
1872,0.3204055149397384,14.28920117066526,0.0014178267516933756,-0.5463493523936921,-0.08879218332912149,-0.041976214323611205,46.31466858067247,0.32447114171700453,14.289064249602157,-0.000277568181040435,-0.5571305523201253,-0.0907907441317346,-0.04156095335728313,46.34683074230718,0.004065626777266129,-0.00013692106310259078,-0.0016953949327338106,-0.010781199926433227,-0.0019985608026131113,0.00041526096632807374,0.03216216163471586
1873,0.3206971570586805,14.262227188694492,0.01010801292157425,-0.5325945954750999,-0.09043004473756619,-0.023538242014176643,46.289602771721064,0.32301501198748384,14.245970906416321,-0.006589037720302877,-0.5320783970276115,-0.0891536081311517,-0.02535610166301021,46.314711913114685,0.00231785492880332,-0.016256282278170886,-0.016697050641877126,0.0005161984474884029,0.0012764366064144939,-0.0018178596488335683,0.02510914139362086
1874,0.32126934815536473,14.234024437811845,0.01272279791848178,-0.5955022591199507,-0.09122836501144045,-0.008394568940793682,46.26835262270878,0.3150754033440798,14.222506200895667,0.02165675146929337,-0.6013993259851647,-0.09112706047449892,-0.0071508379222426305,46.29574560470814,-0.006193944811284935,-0.011518236916177926,0.00893395355081159,-0.005897066865213962,0.00010130453694152941,0.0012437310185510518,0.02739298199935547
1875,0.3220405007722861,14.204650093253465,0.018125423891348066,-0.5794576743460704,-0.09119232459157986,0.009836185735217306,46.24318222542365,0.32388364100651296,14.205261009257299,0.03087197431695833,-0.5955364836140375,-0.09127120445378756,0.009498854657500048,46.262312003550974,0.001843140234226881,0.0006109160038345607,0.012746550425610265,-0.01607880926796712,-7.887986220769805e-05,-0.0003373310777172577,0.019129778127322083
1876,0.3230272369649545,14.176070315852282,0.021423454111856567,-0.5637200944716182,-0.09024918403152224,0.02788943666708764,46.218031292066975,0.32390502620261746,14.173930112043896,0.021634944633252183,-0.537796971204612,-0.09186817396871083,0.028298016495483243,46.23836750917382,0.0008777892376629626,-0.0021402038083859765,0.00021149052139561586,0.025923123267006187,-0.0016189899371885919,0.0004085798283956048,0.020336217106844856
1877,0.32419267175226185,14.146318592942475,0.025320359724828087,-0.626336926550528,-0.08847285171911605,0.043163855829160006,46.19677711155195,0.3231073575649451,14.13331164454564,0.03579883282270989,-0.6199580721861985,-0.08852202428276978,0.04189464685447778,46.230646998813874,-0.001085314187316777,-0.013006948396833806,0.010478473097881802,0.0063788543643295,-4.91725636537349e-05,-0.0012692089746822247,0.03386988726192186
1878,0.3255146553525393,14.115428932310218,0.027777480817947616,-0.6092366766099827,-0.08588915392313115,0.06018405601023567,46.171567375722084,0.3244161358918518,14.118988242353439,0.03608641406115355,-0.6089333136578741,-0.08599258299850687,0.06137176808187057,46.19554588046296,-0.0010985194606875082,0.0035593100432205205,0.008308933243205936,0.0003033629521086434,-0.00010342907537572166,0.0011877120716348999,0.023978504740874484
1879,0.32687320211356685,14.085379969299444,0.026852864980745163,-0.5927088222795079,-0.08247709545276016,0.07629828280460378,46.14639036282003,0.3235047731023464,14.09151515575541,0.027985103621526994,-0.6015079107244692,-0.08296552113990163,0.07711340884387512,46.16721116611302,-0.003368429011220475,0.00613518645596578,0.001132238640781831,-0.008799088444961245,-0.0004884256871414694,0.0008151260392713355,0.02082080329299174
1880,0.32819991288660644,14.05614845333491,0.026569678441400724,-0.5765384928054794,-0.07828347315432588,0.09144660913276781,46.12123530461554,0.334513438599275,14.046474507024179,0.032303573209808686,-0.5777519076815197,-0.07729494287873662,0.09144787186970225,46.13426237569545,0.006313525712668577,-0.009673946310730486,0.005733894768407962,-0.0012134148760403196,0.000988530275589261,1.262736934445896e-06,0.013027071079910968
1881,0.32956279407918015,14.027695999320068,0.028358434554791964,-0.5615444245894048,-0.07337674728418071,0.10482242567303894,46.096142660392815,0.32324638185856314,14.021995409068737,0.03681125747054487,-0.5671206911175896,-0.07534033851226418,0.10539969719451704,46.10065692252657,-0.006316412220617018,-0.0057005902513314055,0.008452822915752903,-0.00557626652818477,-0.0019635912280834694,0.000577271521478101,0.004514262133753277
1882,0.33097136488018114,13.999979809913976,0.028452122709897946,-0.5470884810638258,-0.06781824804001267,0.11751754409368298,46.071080959830056,0.33467871359772366,14.005799655330447,0.019083341713541455,-0.5606067720868316,-0.06856507893505803,0.1168880427123388,46.075699346844715,0.0037073487175425246,0.005819845416471736,-0.00936878099635649,-0.013518291023005835,-0.0007468308950453612,-0.000629501381344183,0.00461838701465922
1883,0.3323887755440137,13.972978301808817,0.028760962474166527,-0.5329546781682021,-0.06167351580614977,0.128271745260833,46.046038902451656,0.3200218161796193,13.973390134429502,0.0260339048611863,-0.5295164631856029,-0.06260684930333538,0.12845267642302946,46.049853694157726,-0.012366959364394414,0.00041183262068500426,-0.002727057612980227,0.003438214982599219,-0.0009333334971856067,0.00018093116219647376,0.0038147917060697978
1884,0.3337947808911921,13.94475866063094,0.027950089114998446,-0.5958136676021549,-0.05506922913095134,0.13589972174710443,46.02482112569718,0.3427148776689708,13.936454898484579,0.025536513883257506,-0.5884723561006063,-0.05412975894792815,0.1381032553599183,46.02525478071702,0.008920096777778719,-0.008303762146361748,-0.00241357523174094,0.0073413115015485975,0.0009394701830231847,0.0022035336128138627,0.0004336550198402733
1885,0.3350830171292027,13.915355841781844,0.024167279264044834,-0.5802757759285083,-0.04811037968477754,0.14245425609984744,45.99971514391696,0.34473644919326657,13.909211090081827,0.01247162279006478,-0.5842520779089097,-0.049239046192453007,0.1423525825808664,45.9942422372804,0.009653432064063883,-0.006144751700016826,-0.011695656473980055,-0.003976301980401331,-0.0011286665076754646,-0.00010167351898104915,-0.005472906636555308
1886,0.3361377116117602,13.88672466122927,0.018633091662287812,-0.5649476016778648,-0.04085762583136864,0.1476558980365087,45.974623610429475,0.3538588952359926,13.891839697015332,0.008689355177293079,-0.5585798078492338,-0.03946377828558578,0.14859527802836303,45.967987282619845,0.017721183624232417,0.005115035786062094,-0.009943736484994734,0.006367793828631063,0.00139384754578286,0.0009393799918543388,-0.006636327809630416
1887,0.33675283186167404,13.858825977944903,0.006597567515525529,-0.5509708670244937,-0.033414165103550116,0.15008253107623237,45.94959939282964,0.35770579396205476,13.854727839570263,-0.0036999828315273063,-0.5603576784586691,-0.033536905158698005,0.1497353170671469,45.94045853870323,0.020952962100380723,-0.00409813837464057,-0.010297550347052835,-0.009386811434175413,-0.00012274005514788938,-0.00034721400908546696,-0.009140854126407305
1888,0.3367339540474583,13.831628571339557,-0.0067187871540376025,-0.5368955575190845,-0.02588959449592821,0.15090029322864376,45.924573646174395,0.33467582690645054,13.827904473599384,0.001659156891410031,-0.5426645605757356,-0.025685401326763113,0.15172936462622144,45.91206895933552,-0.0020581271410077817,-0.003724097740173349,0.008377944045447634,-0.0057690030566511785,0.00020419316916509694,0.0008290713975776798,-0.012504686838873624
1889,0.3360234766846678,13.805111599553664,-0.021068755134219783,-0.5237508582807637,-0.018378208047760664,0.14955516469805807,45.89959529853163,0.33780816930719265,13.802673282519802,-0.009415890740035035,-0.530040998277608,-0.017161968285654527,0.14999908015392083,45.88369178472132,0.0017846926225248416,-0.002438317033861992,0.011652864394184748,-0.006290139996844246,0.001216239762106136,0.0004439154558627534,-0.015903513810307857
1890,0.33463582218191407,13.777348612937818,-0.03390780711245267,-0.5867376022082255,-0.010977790382440653,0.14646154191474237,45.87839336331187,0.3320769271031507,13.780631992166395,-0.043408169050932796,-0.5820038086289804,-0.010741421390096928,0.1458919077214851,45.86444936413613,-0.00255889507876339,0.0032833792285771324,-0.009500361938480126,0.0047337935792450825,0.00023636899234372524,-0.0005696341932572568,-0.013943999175744182
1891,0.333358511357744,13.748389195001621,-0.01655207747371741,-0.5716468256953434,-0.003464321219112323,0.15407722461839082,45.85332333566343,0.3294790578123026,13.744302532043397,0.004980582565868599,-0.5783520253702125,-0.002580960419580336,0.15474255742654353,45.83278364904959,-0.003879453545441447,-0.004086662958224352,0.02153266003958601,-0.0067051996748690446,0.0008833607995319872,0.0006653328081527021,-0.02053968661384431
1892,0.33199649765522565,13.720175080006054,-0.037294762336014475,-0.5568774183217219,0.004045427406635283,0.14631272041151344,45.8282659979904,0.33736400289585355,13.718557204442336,-0.020519615786336418,-0.5755254214021044,0.004107551861369796,0.14501503325708023,45.80760657138799,0.005367505240627901,-0.0016178755637188402,0.016775146549678058,-0.018648003080382503,6.212445473451327e-05,-0.001297687154433208,-0.02065942660240694
1893,0.33005218420874594,13.692707549754394,-0.039867309203316575,-0.5418046042336409,0.011285773496817562,0.14330112319577773,45.803218712824766,0.33160115230533355,13.693540646144319,-0.034998206425381366,-0.5450035525489738,0.010320600958143356,0.14456471628644627,45.78720696528119,0.0015489680965876107,0.0008330963899254584,0.0048691027779352095,-0.003198948315332961,-0.0009651725386742062,0.0012635930906685355,-0.016011747543572596
1894,0.3283963651482067,13.665953653502228,-0.02576247340932028,-0.528352196618761,0.018494931243120724,0.14506518665634882,45.77824929071881,0.325923443425121,13.663545020199946,-0.03352351124131714,-0.5384141925510713,0.019315982362979156,0.14409310222491328,45.75580803828813,-0.0024729217230857192,-0.002408633302282581,-0.007761037831996859,-0.010061995932310275,0.0008210511198584319,-0.0009720844314355381,-0.022441252430681402
1895,0.3273817242929955,13.639865841823537,-0.014218172929026416,-0.5151574824463988,0.025730561594483933,0.14436002739817963,45.75330007815258,0.32494262425347586,13.635489025126908,-0.025574215673840727,-0.5098909332196978,0.02550161039122134,0.1433522474805635,45.725762001838284,-0.002439100039519637,-0.004376816696629149,-0.011356042744814311,0.0052665492267010006,-0.00022895120326259233,-0.0010077799176161362,-0.02753807631429339
1896,0.3269364974659457,13.61251941071606,-0.0030842468518789638,-0.5786952017455127,0.03289707844953779,0.14230064680397467,45.732156463473125,0.3230715583258462,13.599737076127408,-0.003519018125217656,-0.5794885366076181,0.03277960722456674,0.14334253567690358,45.70605057086316,-0.0038649391400994992,-0.012782334588651523,-0.0004347712733386924,-0.0007933348621054215,-0.00011747122497104967,0.0010418888729289144,-0.02610589260996221
1897,0.32691509460999435,13.58396846448255,0.002818271379212235,-0.5633357629002824,0.03989900835518414,0.13777654942187922,45.70711093064001,0.33981877653984827,13.587753987182763,0.003312900214436115,-0.565415095038127,0.04028279954290337,0.13923207332156692,45.68173352566257,0.012903681929853916,0.0037855227002125957,0.0004946288352238796,-0.002079332137844614,0.00038379118771923043,0.0014555238996876996,-0.025377404977440676
1898,0.3271785663862316,13.556168649331964,0.008285706327727214,-0.5486471257012976,0.04662270305914808,0.13117123873667824,45.68210381704875,0.3484295786651578,13.54808545507782,0.0219810402109802,-0.5357638039931667,0.04741536386955891,0.13040027409949356,45.67088539775503,0.021251012278926174,-0.008083194254144388,0.013695333883252985,0.01288332170813089,0.0007926608104108362,-0.000770964637184679,-0.01121841929371925
1899,0.32727144586856066,13.529061817427458,-0.004048248440444416,-0.5355957591613028,0.05280772489047317,0.1162296345163254,45.65716998522119,0.33467995519321136,13.513293569772257,-0.020262419877153322,-0.5265131285845015,0.05359221192056207,0.11907512344785876,45.64694537069877,0.007408509324650703,-0.015768247655200796,-0.016214171436708905,0.009082630576801254,0.000784487030088904,0.0028454889315333576,-0.010224614522421405
1900,0.3270819897307524,13.50260364441373,-0.003063432433799381,-0.5227178654564896,0.05837028302391277,0.10627269082125859,45.63226141973774,0.3255908599991971,13.508373745126338,-0.013441628627815557,-0.5174603211659364,0.05838877905065587,0.1047155462938282,45.62692409015652,-0.0014911297315552963,0.005770100712608084,-0.010378196194016176,0.00525754429055314,1.849602674310058e-05,-0.0015571445274303874,-0.005337329581216466
1901,0.32693554280163917,13.474892794655274,-0.002432814172970199,-0.5857033384602539,0.06344720825961579,0.09680431860686246,45.61111088068585,0.3309952821838344,13.475171971129402,0.01618187712437422,-0.58220013824022,0.06329607268942006,0.09772721802848135,45.61310259635317,0.0040597393821952266,0.00027917647412856184,0.01861469129734442,0.0035032002200339196,-0.00015113557019573454,0.0009228994216188835,0.001991715667323035
1902,0.32677046000544474,13.446001083433904,-0.003788761300277111,-0.5699501660497996,0.06797208158200904,0.08419061428886768,45.586068453350535,0.32456587980868334,13.45926568427128,0.003826223582602522,-0.571059305143389,0.06825304798712173,0.08199172598421849,45.590093511288,-0.0022045801967613965,0.013264600837375795,0.007614984882879633,-0.0011091390935893397,0.000280966405112687,-0.002198888304649191,0.004025057937468546
1903,0.32653231175809116,13.41788346953087,-0.005411224400885909,-0.5547388949379286,0.07183754288104323,0.07042783767250001,45.56105675304488,0.3231674017164477,13.426041487740138,0.017790560134629263,-0.5444744091478533,0.07034281966076383,0.07181744208209992,45.563757363921404,-0.003364910041643465,0.00815801820926687,0.02320178453551517,0.010264485790075328,-0.0014947232202793953,0.0013896044095999122,0.0027006108765235126
1904,0.32619560994449853,13.390493863344151,-0.007790699853401146,-0.54083032652067,0.07500255478300354,0.056172638405912294,45.536113679656935,0.31883877805588917,13.39209293414793,-0.015318025730753478,-0.5318457306539875,0.07449634830845264,0.05747339722086312,45.540304340058334,-0.007356831888609361,0.0015990708037794121,-0.007527325877352332,0.008984595866682432,-0.0005062064745508937,0.0013007588149508281,0.004190660401398816
1905,0.3257402155768482,13.363784661939247,-0.010220742217269343,-0.5275225585802852,0.07743328657170159,0.04105663314201025,45.51120417253071,0.3281637281499895,13.369411226479063,-0.012911925047224056,-0.5394933441622478,0.07833922774596269,0.041308230455777396,45.50672755911565,0.0024235125731413287,0.005626564539815249,-0.002691182829954713,-0.011970785581962629,0.000905941174261099,0.00025159731376714345,-0.004476613415057784
1906,0.3251523808971484,13.337749852584597,-0.013153373130155766,-0.5138546156770071,0.07908473307461247,0.025001226974424903,45.48628038519016,0.3110666782628164,13.33397323961047,-0.012719546564091872,-0.5201653085502029,0.07967003608466605,0.025996967721274678,45.48099773440345,-0.014085702634331954,-0.0037766129741267918,0.0004338265660638937,-0.006310692873195856,0.0005853030100535783,0.000995740746849775,-0.005282650786710974
1907,0.3244186015448441,13.3123750613751,-0.016126466604063087,-0.5011224917789024,0.07992934441980452,0.00878322683325735,45.461407025332264,0.3300392257336688,13.32091124787406,-0.022868499884835587,-0.4937934293275783,0.08022282870311859,0.008318935948313037,45.4573389922888,0.005620624188824697,0.008536186498959708,-0.0067420332807725004,0.007329062451324142,0.0002934842833140633,-0.00046429088494431316,-0.004068033043466812
1908,0.32363995556745984,13.285722402976333,-0.015012906100410289,-0.5649710886398097,0.08002505717500302,-0.004954716625317313,45.44032295457894,0.3123155513033816,13.288928534777375,-0.03525430195587049,-0.5706744007623107,0.08022080534750797,-0.003286473267060845,45.43480986838247,-0.011324404264078214,0.0032061318010416784,-0.020241395855460198,-0.00570331212250097,0.00019574817250495036,0.0016682433582564681,-0.005513086196465622
1909,0.32278730939842476,13.257856481250892,-0.019147618396088965,-0.5496523274905524,0.07937490096079987,-0.021051531942808704,45.415330464740606,0.3173577494946674,13.263094573282467,-0.024989621325861612,-0.5477633438255356,0.08002871031122494,-0.02223711709712319,45.400730919574464,-0.005429559903757375,0.0052380920315755475,-0.005842002929772647,0.0018889836650167746,0.0006538093504250692,-0.0011855851543144842,-0.014599545166142036
1910,0.3217458916424307,13.23072763359529,-0.022630707162670256,-0.535488674524863,0.07792535233760065,-0.03693041298515998,45.390399151659054,0.3145459181569523,13.234429314511326,-0.014505817768119341,-0.5430448684532109,0.07687609267459594,-0.03654312245416951,45.3781833783563,-0.007199973485478406,0.0037016809160359543,0.008124889394550914,-0.007556193928347832,-0.0010492596630047035,0.00038729053099046534,-0.01221577330275636
1911,0.32055869591903585,13.204302179369028,-0.025043626894620655,-0.5215164595847941,0.07570612128103399,-0.05183882927750655,45.36548194286574,0.3237996903198661,13.201426924077504,-0.03279224892725131,-0.5169337742801403,0.07591932715253913,-0.05331787191585022,45.366114600689485,0.003240994400830255,-0.0028752552915243257,-0.007748622032630659,0.0045826853046537774,0.00021320587150513992,-0.0014790426383436694,0.0006326578237434433
1912,0.3192552482135945,13.17854456103227,-0.027341893239029746,-0.5087755436486746,0.07275400614995767,-0.06624577596554644,45.340629658874526,0.31838349165797436,13.184468958327079,-0.025506938700504533,-0.505304758723104,0.07269488025127169,-0.06491096710563315,45.35340271169413,-0.0008717565556201623,0.00592439729480887,0.0018349545385252138,0.0034707849255706247,-5.912589868597995e-05,0.0013348088599132862,0.012773052819603947
1913,0.31803809708014585,13.151526036906098,-0.02160247678665591,-0.571953348441551,0.06915653543550558,-0.07765305261253677,45.31953076279157,0.3052293163394714,13.163010033129058,-0.025771395760789892,-0.573170731879082,0.06773022332678291,-0.07655448886238496,45.33238397727637,-0.01280878074067443,0.011483996222960258,-0.0041689189741339824,-0.0012173834375309722,-0.0014263121087226688,0.0010985637501518125,0.01285321448479948
1914,0.3170929299460556,13.123319250555184,-0.016558444777088434,-0.5563036206336835,0.06497365987632078,-0.08966196975485528,45.29454349260573,0.31735059047567304,13.111635065640087,-0.00994830857911284,-0.5744425041842461,0.06528055130195742,-0.08965066507180605,45.299709491209754,0.0002576605296174539,-0.011684184915097262,0.006610136197975593,-0.01813888355056259,0.0003068914256366406,1.1304683049231934e-05,0.005165998604020672
1915,0.3163806873090414,13.095897075540526,-0.012334387529366445,-0.5405690244742684,0.060208215039249106,-0.10095582372801187,45.26955616430525,0.3227818401654808,13.086485243026639,-0.01765163728990836,-0.5416820396957247,0.05934191217823104,-0.10197085755890722,45.27314398719951,0.006401152856439385,-0.00941183251388722,-0.005317249760541914,-0.0011130152214563482,-0.0008663028610180687,-0.001015033830895351,0.0035878228942607393
1916,0.31585645720939537,13.069220824103416,-0.009079457221617324,-0.5264646063232226,0.05492299342895789,-0.11045304068363658,45.24465301958281,0.316591815337858,13.07246173567889,-0.01689177524898686,-0.5378222997887644,0.05538264773609747,-0.11056126010478182,45.24367104131314,0.0007353581284626487,0.00324091157547457,-0.007812318027369536,-0.01135769346554183,0.0004596543071395745,-0.00010821942114523642,-0.0009819782696709467
1917,0.31550459742191694,13.043244755058968,-0.005476809331701915,-0.512561069879192,0.049192370955136344,-0.11877185826922539,45.219763759449215,0.31737221203987254,13.027380083905305,-0.0012571638791283382,-0.5113825495275239,0.047359076327992966,-0.11960202447720808,45.211189082214865,0.001867614617955593,-0.015864671153662968,0.004219645452573577,0.0011785203516680998,-0.001833294627143378,-0.0008301662079826938,-0.008574677234349792
1918,0.3154419394502039,13.016044182372832,0.002536366503598666,-0.5754435098329833,0.043124648555385905,-0.12393703772079226,45.198666173056985,0.30097578894830296,13.017518032144466,-0.004608199769900646,-0.5690988721398615,0.043050943840514666,-0.124663259717006,45.19606382989137,-0.01446615050190092,0.0014738497716333399,-0.007144566273499312,0.0063446376931217685,-7.370471487123942e-05,-0.0007262219962137356,-0.002602343165612808
1919,0.31574885906744005,12.987658771876571,0.009207395327375344,-0.5599517600861477,0.03680696859868353,-0.12877016054730292,45.173705207125046,0.3169759615915415,12.97965761471813,-0.0007570081751992232,-0.560526906146537,0.037081017927924176,-0.12820289850062383,45.1703804647229,0.0012271025241014644,-0.008001157158441075,-0.009964403502574567,-0.000575146060389331,0.00027404932924064707,0.0005672620466790901,-0.003324742402142533
1920,0.3164256846171738,12.960037520424805,0.017316394276246448,-0.5448755529077639,0.030288538749310076,-0.13196703342763522,45.14876793053823,0.3251552940164998,12.946149890434365,0.012461580355777374,-0.5359784732187776,0.029777165355910018,-0.13174344326928195,45.14348834101487,0.008729609399325988,-0.013887629990440686,-0.004854813920469074,0.008897079688986342,-0.000511373393400058,0.00022359015835327067,-0.005279589523354389
1921,0.3176327917536742,12.933138950008377,0.030407774907451647,-0.5310420530341241,0.023659796085949182,-0.1331826731068005,45.123894155159526,0.30404926796566956,12.94042818351361,0.02157333027098305,-0.5230754592584423,0.02184026468976974,-0.13304038997142115,45.11322752960632,-0.013583523788004648,0.007289233505233028,-0.008834444636468597,0.007966593775681763,-0.0018195313961794427,0.00014228313537933968,-0.010666625553206188
1922,0.3190916859708164,12.906918004341724,0.02737813948349537,-0.5177871923790489,0.01686566219766128,-0.13858268242471558,45.09905709460544,0.3286584592123208,12.903701740861775,0.0317837022488115,-0.490928613567111,0.01665707427829899,-0.1378351463669998,45.09293827818456,0.0095667732415044,-0.0032162634799490775,0.004405562765316132,0.026858578811937928,-0.00020858791936229082,0.0007475360577157697,-0.00611881642088008
1923,0.3199907830322574,12.87942867963243,0.00807964926514778,-0.5817951859016469,0.009716389672678922,-0.14738821857457868,45.07801436290986,0.32922911599886795,12.8956240862107,0.010967345234054644,-0.5646178518305979,0.009577093820650528,-0.14561126544965874,45.066208311960615,0.00923833296661053,0.016195406578271232,0.0028876959689068636,0.017177334071049044,-0.00013929585202839337,0.0017769531249199333,-0.011806050949246583
1924,0.3203507229077176,12.850723664299318,0.005692626105298318,-0.5663944021168783,0.0022985664742062786,-0.149324709364327,45.05308075623894,0.30520746369315005,12.844067590564325,-0.0032620662909835316,-0.5608049200561074,0.0031995694485926762,-0.14814632245598122,45.0494494991922,-0.01514325921456755,-0.0066560737349927734,-0.00895469239628185,0.005589482060770923,0.0009010029743863977,0.001178386908345791,-0.0036312570467416094
1925,0.32062930140061463,12.822785898047199,0.004821067624797057,-0.5511034842816274,-0.005169251686848272,-0.149388017077855,45.028156885259484,0.311062213272053,12.808027686136091,0.006535280200464098,-0.5459881255988197,-0.006175324432720508,-0.1483198909103928,45.02337314619325,-0.009567088128561607,-0.014758211911107821,0.0017142125756670406,0.005115358682807658,-0.0010060727458722357,0.0010681261674622133,-0.00478373906623375
1926,0.32098631741100025,12.795594656110968,0.008835385391244165,-0.5365294401266821,-0.012577000663226503,-0.1469219419772742,45.00327222568306,0.311009453015376,12.788206646168009,0.010948862505768089,-0.5362869189266668,-0.01157276893105319,-0.1477211405216104,45.00403170849508,-0.00997686439562423,-0.007388009942959073,0.002113477114523924,0.00024252120001533317,0.0010042317321733128,-0.0007991985443361882,0.0007594828120147668
1927,0.32106871338632403,12.769115978069715,-0.0061625610810613265,-0.5226223114689409,-0.019984643028030935,-0.14938375261490316,44.97841380763996,0.3067573573726905,12.767232093491195,0.0038857590584391866,-0.5279078778878302,-0.019089277329781495,-0.15046347137324062,44.98585087617774,-0.014311356013633536,-0.0018838845785200675,0.010048320139500513,-0.005285566418889331,0.0008953656982494396,-0.0010797187583374557,0.00743706853778292
1928,0.3204529794370699,12.743324595906248,-0.019094986012798933,-0.509035155192867,-0.027462368801516802,-0.14972527832453156,44.953578112604504,0.31751553118003534,12.739353918430925,-0.03687066594464061,-0.5064779440607556,-0.026584889400460554,-0.15017134282501804,44.960654211738465,-0.0029374482570345695,-0.003970677475322759,-0.01777567993184168,0.002557211132111381,0.0008774794010562477,-0.0004460645004864816,0.007076099133961122
1929,0.3197449274843726,12.718188687147387,-0.00983953053688359,-0.49637884353151024,-0.03474376144463694,-0.141530427400274,44.92879813825236,0.3338002789176734,12.71592279901017,-0.018908303469760347,-0.487725363871507,-0.03515008024195776,-0.14250803878970972,44.931188773052014,0.014055351433300778,-0.0022658881372166206,-0.009068772932876756,0.008653479660003238,-0.00040631879732081627,-0.000977611389435723,0.0023906347996529576
1930,0.3191275373846846,12.691779243351238,-0.015352555704824633,-0.5599943006147113,-0.041735239909102065,-0.13812871117833078,44.9077777089775,0.3189793395969669,12.688966782422085,-0.011431512675689206,-0.5504740739476817,-0.041760837507555326,-0.1365577027530036,44.90829017380866,-0.00014819778771768544,-0.0028124609291531044,0.0039210430291354275,0.009520226667029674,-2.5597598453261372e-05,0.001571008425327175,0.0005124648311607416
1931,0.318370106339706,12.66415180770348,-0.015514115455383741,-0.545096919685931,-0.048496926478005985,-0.1323387515778261,44.88289589018994,0.3164183219079388,12.661302989510745,-0.02362662547407605,-0.5362411249915726,-0.04895771393214998,-0.13246250988161526,44.87700923959511,-0.001951784431767245,-0.002848818192735081,-0.00811251001869231,0.008855794694358377,-0.0004607874541439974,-0.00012375830378916208,-0.005886650594831622
1932,0.31755310302453776,12.637252044823647,-0.017705771326689088,-0.5308846915401269,-0.05491978070414205,-0.12457541746761645,44.858053113484935,0.3258117517615219,12.625839776447254,-0.01720876492325935,-0.5255376715931844,-0.05535568013915659,-0.12513090591508427,44.845954492278246,0.00825864873698412,-0.011412268376393087,0.0004970064034297388,0.005347019946942422,-0.00043589943501454176,-0.0005554884474678196,-0.012098621206689586
1933,0.31666687293536855,12.611050016385505,-0.01824694033725458,-0.5171857915700359,-0.060913638198889994,-0.11517888232230136,44.83324025614618,0.31960601362887653,12.606131737907106,-0.018092152032245,-0.510957514084857,-0.061544648850943684,-0.11416221723945204,44.821845074729445,0.00293914069350798,-0.004918278478399429,0.00015478830500958302,0.006228277485178846,-0.0006310106520536901,0.0010166650828493246,-0.011395181416737898
1934,0.3157422059749996,12.585515338435712,-0.019199812853155893,-0.5041889817697016,-0.06639795502345901,-0.10419379066045897,44.808466432752084,0.31194097407354765,12.581247409470492,-0.01182812807370241,-0.49865064280248805,-0.06610476044788882,-0.10549932369491975,44.8036427003263,-0.003801231901451929,-0.00426792896521988,0.0073716847794534825,0.005538338967213563,0.00029319457557018536,-0.001305533034460779,-0.004823732425784044
1935,0.3147673213874806,12.560616269172158,-0.02020677750403111,-0.49176080389719723,-0.0713045094043237,-0.09206838457412873,44.783724775339394,0.31640276535430845,12.57045314939313,-0.003650947908797218,-0.4894389170941478,-0.07125782243603096,-0.09249192071148865,44.77599640352088,0.0016354439668278542,0.009836880220971622,0.01655582959523389,0.0023218868030494555,4.668696829274177e-05,-0.00042353613735991724,-0.007728371818515711
1936,0.3138494919097583,12.534443090718831,-0.01681472535495091,-0.5551536453024786,-0.07562406433908721,-0.08071381281641155,44.762717189476035,0.3123041405982979,12.534829364809775,-0.0042769954270554375,-0.5643520842842866,-0.07575676742626669,-0.08166465331396137,44.756212976048424,-0.0015453513114603856,0.0003862740909443829,0.012537729927895473,-0.009198438981808055,-0.00013270308717948376,-0.0009508404975498291,-0.006504213427611205
1937,0.313051243708861,12.507079175672308,-0.015424941912861336,-0.5393883235295497,-0.07929464111348215,-0.06610925815938652,44.73781977134457,0.29469413709140746,12.508170074650684,-0.0034308727770070626,-0.5422899094160603,-0.07800908860728617,-0.0652481141394094,44.73207768749477,-0.018357106617453545,0.001090898978375776,0.011994069135854274,-0.0029015858865105715,0.0012855525061959833,0.0008611440199771253,-0.005742083849796131
1938,0.31231890541979285,12.480476616834327,-0.014115263914130451,-0.5246996954210014,-0.08222349127656908,-0.051044748364090634,44.71297944245307,0.3178607826085931,12.474146225246665,-0.012294951077403905,-0.5547343264021982,-0.08254054857475923,-0.05139675123968345,44.70832656204322,0.005541877188800226,-0.006330391587662021,0.0018203128367265467,-0.030034630981196853,-0.0003170572981901487,-0.00035200287559281757,-0.004652880409850013
1939,0.3117120904789954,12.45462474462274,-0.010338885603666938,-0.5093603080410122,-0.08437109479105057,-0.034859392215168955,44.688110922182545,0.31180332038447045,12.447817406506834,-0.00659195451750825,-0.5083957103438477,-0.08438600122488982,-0.03460516498635351,44.68574557236091,9.122990547505427e-05,-0.0068073381159052815,0.003746931086158688,0.0009645976971645043,-1.4906433839251276e-05,0.00025422722881544846,-0.002365349821637608
1940,0.31126378496241003,12.429482695170917,-0.0077051100353390575,-0.496307171143531,-0.08570288119135083,-0.018412063796841918,44.663358894632125,0.3127533321402182,12.434037715354773,-0.021499515953641725,-0.4837054949662863,-0.08446249088144331,-0.01994100370654884,44.658953604142475,0.0014895471778081926,0.004555020183856229,-0.013794405918302667,0.012601676177244725,0.0012403903099075242,-0.001528939909706921,-0.0044052904896503264
1941,0.31094463050937265,12.403079193032399,-0.005102174854457195,-0.5598200562737989,-0.08627619117949671,-0.004520335728993,44.64237456991713,0.31540160017925817,12.396036523978902,0.024395615549113132,-0.5646168530862927,-0.0873932822153356,-0.004129281188692243,44.64351082716941,0.004456969669885513,-0.007042669053497264,0.029497790403570326,-0.0047967968124937865,-0.001117091035838888,0.0003910545403007573,0.001136257252277062
1942,0.3107719467173844,12.375486245086291,-0.0017883741705492537,-0.543884069746574,-0.08607806667897397,0.012445315749902824,44.61748906396651,0.31508102804809907,12.3717504396437,0.0058239384634751305,-0.567576946708649,-0.08683597516410613,0.014509558414494044,44.62005782561829,0.00430908133071467,-0.0037358054425915554,0.007612312634024385,-0.023692876962075005,-0.0007579084851321582,0.0020642426645912197,0.002568761651779994
1943,0.3107569823904051,12.348694507412272,0.0012775216566983365,-0.5277720260659731,-0.08503795202813672,0.029159270283587085,44.592599126609336,0.3080632533215419,12.353049500312544,-0.008750843395121732,-0.5222036664310761,-0.08573724805120442,0.02772804868579576,44.602489509503066,-0.0026937290688632265,0.004354992900271526,-0.010028365051820068,0.005568359634896991,-0.0006992960230677026,-0.0014312215977913267,0.009890382893729566
1944,0.3110171118590352,12.322652710906764,0.009281794587299084,-0.5138867738639382,-0.08317296386071638,0.04544025641322638,44.56782276340734,0.3020828352757831,12.310172682712075,0.014093821047384686,-0.5138246769900678,-0.0831833381393805,0.046789470356846004,44.579509492449354,-0.008934276583252077,-0.012480028194689297,0.004812026460085602,6.209687387037643e-05,-1.037427866412699e-05,0.0013492139436196218,0.011686729042011734
1945,0.3114720591362527,12.2972959855806,0.009139131099777896,-0.5003688751269683,-0.08051779168418206,0.0607666306481459,44.543068812790274,0.3173953696924541,12.29765845291593,0.0228950440303432,-0.5128634647826125,-0.08264469482653114,0.060572329736190374,44.55439256740955,0.005923310556201378,0.00036246733533040754,0.013755912930565304,-0.012494589655644206,-0.0021269031423490764,-0.0001943009119555264,0.011323754619276372
1946,0.3120468153169697,12.272614128313817,0.014136537488652916,-0.48689253953079864,-0.07710466844140287,0.07575829906302167,44.51832090849611,0.30689588294711934,12.282180296756408,0.013478918184532623,-0.5028551554085018,-0.07878516426779214,0.0773165624756545,44.52780353130648,-0.0051509323698503695,0.00956616844259095,-0.0006576193041202931,-0.015962615877703146,-0.0016804958263892666,0.001558263412632821,0.009482622810374153
1947,0.31276405332402657,12.248593786813547,0.014899772450514218,-0.47390757120473875,-0.07297112160003474,0.0895835745917034,44.493601371069495,0.28945958351308543,12.245302295503661,0.008090130595905342,-0.4663943974107293,-0.07296394644824078,0.09030654228212698,44.50369349150373,-0.023304469810941142,-0.003291491309886041,-0.006809641854608877,0.007513173794009453,7.1751517939644405e-06,0.0007229676904235843,0.010092120434237017
1948,0.31347749993061536,12.223296812603259,0.013974812013459587,-0.537957589475581,-0.06823424223312208,0.09989160008480315,44.4726678160184,0.3101232052419069,12.224797355841199,0.004029885827846688,-0.5396768028260881,-0.06944066645151858,0.1026251975475195,44.48852789459566,-0.003354294688708459,0.0015005432379400219,-0.0099449261856129,-0.001719213350507065,-0.0012064242183965068,0.0027335974627163556,0.015860078577262016
1949,0.31410617027590926,12.196771320854063,0.01161603490796657,-0.5230461218234623,-0.06296162295631864,0.11101317098733438,44.44786178975353,0.3210386983346797,12.192850475085887,0.023599114726147077,-0.5192713804217605,-0.06353990846136703,0.10849472584336858,44.459090517515,0.006932528058770426,-0.0039208457681763065,0.011983079818180507,0.0037747414017018643,-0.0005782855050483898,-0.0025184451439657918,0.01122872776146977
1950,0.31486152764319114,12.170965797671618,0.01908071006412115,-0.5091566551368732,-0.05717737842208376,0.12035661038206114,44.423109329890885,0.31177145043026316,12.176454684348966,0.005727380116547628,-0.5136454922285089,-0.05805346198776906,0.12162938299754553,44.447587288427115,-0.0030900772129279774,0.005488886677348148,-0.013353329947573522,-0.004488837091635611,-0.0008760835656853039,0.001272772615484391,0.024477958536230915
1951,0.31564544455155746,12.145848856379041,0.012798538981400504,-0.49550124905272896,-0.05096447191024616,0.12815965009144267,44.39837184274587,0.3054588791654176,12.13727854146211,0.011546171791548581,-0.49956541376805785,-0.05074151233392232,0.12700921185605327,44.41704705747179,-0.010186565386139879,-0.008570314916932276,-0.0012523671898519231,-0.0040641647153288885,0.00022295957632383762,-0.001150438235389406,0.01867521472592415
1952,0.31616234680991906,12.121396564080179,0.008428373032627643,-0.482567688104665,-0.0444129870728748,0.1338997434034118,44.373672209803686,0.30449209493592644,12.117487872059632,0.006311240866905188,-0.49095340628178696,-0.04510167178405,0.13351102497907338,44.39239557807939,-0.011670251873992621,-0.003908692020546667,-0.0021171321657224547,-0.00838571817712197,-0.000688684711175204,-0.00038871842433840786,0.01872336827570109
1953,0.3163897264281478,12.097580150219121,0.0012380665936411418,-0.4700646435925546,-0.03761399232559702,0.13806004648769937,44.34899694855621,0.3081655032662034,12.07940945750416,-0.006182480698488063,-0.46823716062920306,-0.038657853756403515,0.13652203435542812,44.365885635882314,-0.008224223161944377,-0.018170692714960524,-0.007420547292129205,0.0018274829633515566,-0.0010438614308064947,-0.0015380121322712548,0.016888687326101604
1954,0.3162495689480736,12.072478807899406,-0.006348839047727105,-0.5339661738654484,-0.030659776335613197,0.14010859311165358,44.32807259823432,0.3212227110568269,12.062828774346675,4.840987032566496e-05,-0.5239332454165541,-0.030966198197245554,0.1386519356625137,44.33720596640331,0.004973142108753326,-0.009650033552730974,0.0063972489180527696,0.010032928448894363,-0.0003064218616323569,-0.001456657449139892,0.009133368168988909
1955,0.3155585960948618,12.046132269872492,-0.020698276338009407,-0.5198662770453962,-0.02364785313286737,0.14036833499817947,44.303323214081075,0.32018134997264863,12.06622364700727,-0.028297568383699602,-0.512149345696676,-0.023804722718816063,0.14142599775443934,44.30999866598178,0.004622753877786823,0.02009137713477749,-0.007599292045690195,0.007716931348720202,-0.0001568695859486928,0.001057662756259875,0.006675451900704843
1956,0.31458285595717045,12.020480039966115,-0.0177317077924399,-0.5062125846962372,-0.016511154463372587,0.14509961178161193,44.27860755278411,0.3259512784311042,12.027908772446777,-0.020733676108396423,-0.5044715297986142,-0.01756547054863633,0.14473801060777716,44.2859393081204,0.01136842247393377,0.007428732480661893,-0.003001968315956522,0.0017410548976229956,-0.0010543160852637436,-0.0003616011738347691,0.007331755336288381
1957,0.31378906181459637,11.99550194782725,-0.013405667030141382,-0.49289931548351995,-0.00918219579085982,0.1480587351188988,44.25391295457071,0.31388641822737684,11.982078327044004,-0.011764768153560128,-0.505111340738118,-0.009740003829932675,0.14799125602738508,44.26491577627484,9.735641278046936e-05,-0.013423620783246548,0.0016408988765812538,-0.01221202525459808,-0.000557808039072856,-6.747909151372244e-05,0.011002821704131804
1958,0.3130849641538505,11.971191710048442,-0.01413489943701933,-0.47949556655009956,-0.0017595971986766618,0.14884520856842753,44.2292181397834,0.30289760545307065,11.96024329665516,-0.023891274771063842,-0.4809375991547016,-0.0018656971861572558,0.14739649270462196,44.23702339823394,-0.010187358700779858,-0.010948413393283118,-0.009756375334044512,-0.001442032604602017,-0.00010609998748059395,-0.001448715863805572,0.007805258450538588
1959,0.3124962111406837,11.945636589321794,-0.008889295556006285,-0.5426939120148497,0.0056552847107232684,0.14775006780756966,44.208281048243826,0.31944588205054236,11.946643626793126,-0.011337616156856176,-0.5416115155922977,0.004828147693026974,0.14735260994191066,44.21287181604028,0.006949670909858652,0.0010070374713322394,-0.002448320600849891,0.0010823964225520344,-0.0008271370176962944,-0.00039745786565900665,0.004590767796450734
1960,0.3120864344348121,11.91888232096484,-0.006886601781211605,-0.5274578440369784,0.01296283434685645,0.14455191763775752,44.183503976737406,0.3080664440158304,11.913906433949327,-0.006005784376144239,-0.517859300351428,0.01435730216533404,0.1445722630156726,44.18572212694945,-0.0040199904189817115,-0.004975887015513436,0.0008808174050673658,0.009598543685550354,0.0013944678184775912,2.0345377915093055e-05,0.002218150212044634
1961,0.31155334300279214,11.89285956750944,-0.013840788904880011,-0.5134293457462712,0.020046346158069456,0.13878855481076283,44.158788150247496,0.3137242644735019,11.881403960385438,-0.002427366715473188,-0.5070104188271977,0.020500444692590047,0.13634689617737658,44.16348292883019,0.0021709214707097413,-0.011455607124002398,0.011413422189406823,0.006418926919073531,0.000454098534520591,-0.0024416586333862456,0.004694778582695847
1962,0.3106703928795809,11.867525206475374,-0.020908681224530958,-0.4999214295397847,0.026801318221421903,0.13141032772333502,44.134101115523556,0.30108701961451767,11.86290300018418,-0.019723193635383333,-0.4944878932043724,0.02615731848384728,0.13115139339443263,44.15297477971696,-0.009583373265063255,-0.004622206291193365,0.0011854875891476255,0.00543353633541227,-0.0006439997375746222,-0.00025893432890239376,0.01887366419340708
1963,0.30995408329982116,11.842852816686502,-0.007202049002961522,-0.4869693105562407,0.03331067701896186,0.1289640241782632,44.10944564273649,0.3037244073038949,11.836451492352955,-0.007072733338568766,-0.4947532412715015,0.034066810186421215,0.1302468279933065,44.130785036701795,-0.006229675995926276,-0.006401324333547009,0.00012931566439275573,-0.0077839307152607895,0.000756133167459358,0.0012828038150433096,0.02133939396530593
1964,0.3097329184061157,11.818830074462362,-0.0011137275844335121,-0.4739322530668004,0.03964288262175283,0.12432419993337562,44.084792020015435,0.3013415473587481,11.831197992183013,-0.012712129803132712,-0.4803061206259805,0.03967816010666603,0.1248654814206945,44.11229285471171,-0.008391371047367646,0.012367917720650823,-0.0115984022186992,-0.006373867559180069,3.52774849132001e-05,0.0005412814873188704,0.0275008346962764
1965,0.3097789421148118,11.79544192735689,0.003462974334961408,-0.4615843341573527,0.04570699839035786,0.11824043081082594,44.060176675336145,0.2952800125437284,11.797129332411972,-0.0076526375384954985,-0.46161753233829683,0.045545822153929105,0.1191339045250634,44.08378918693575,-0.014498929571083397,0.00168740505508147,-0.011115611873456907,-3.3198180944105093e-05,-0.0001611762364287575,0.0008934737142374527,0.023612511599608865
1966,0.3100340473612745,11.770766447835852,0.0071496207653134886,-0.5254249321500125,0.051457141640358015,0.11176529918918011,44.0392952386688,0.3116630154165231,11.768308719726015,0.010014108548152595,-0.531609618896175,0.0507315117139564,0.11294302257382538,44.06018344325619,0.001628968055248592,-0.0024577281098370207,0.0028644877828391067,-0.00618468674616246,-0.0007256299264016136,0.0011777233846452656,0.02088820458739349
1967,0.3104520582883656,11.744869426946199,0.010022040289777224,-0.5104437989909407,0.05681747111384085,0.10264787975013326,44.01456015058628,0.309149266095052,11.73729404258204,0.0317745618673158,-0.49045500966022376,0.05669202557971964,0.10253503459984382,44.03951633052664,-0.0013027921933135844,-0.007575384364159277,0.021752521577538576,0.01998878933071696,-0.0001254455341212074,-0.00011284515028943398,0.024956179940360812
1968,0.310589230822006,11.719663236219962,-0.004136846695843976,-0.497776236006301,0.061525193589192693,0.08566101926394062,43.98992780477524,0.31389406088238,11.717518663718383,-0.006978873056524105,-0.521473915593314,0.06219527889254994,0.08482434714394264,44.01371136948224,0.0033048300603739644,-0.002144572501578068,-0.002842026360680129,-0.02369767958701302,0.0006700853033572499,-0.0008366721199979804,0.02378356470699572
1969,0.31053119884366215,11.695137375908892,0.0021485514505870705,-0.48324354123728375,0.0655103716027906,0.0737461012799758,43.9652230097449,0.31867335514627926,11.705986244006521,-0.0020142328789141883,-0.47309368745384367,0.06482116629725043,0.07393631829038325,43.99171876783974,0.00814215630261711,0.010848868097628639,-0.004162784329501259,0.010149853783440077,-0.0006892053055401748,0.0001902170104074452,0.02649575809483906
1970,0.3106538465743857,11.669393533329105,0.003000834159523118,-0.5464970457008894,0.06893209772334367,0.06312294354214704,43.944327262585276,0.3068843359521526,11.678666658509949,0.010282455603609825,-0.5455848294078061,0.06859987201126216,0.06320313537016574,43.97134140274654,-0.00376951062223313,0.009273125180843778,0.007281621444086707,0.0009122162930833566,-0.0003322257120815103,8.01918280187025e-05,0.027014140161263356
1971,0.3107518382494573,11.642463224734836,0.0011566358676784465,-0.5307004242105552,0.07174979254178633,0.049584849195559236,43.91956886005712,0.3107106347113028,11.645040013945588,0.014296552550752906,-0.5299461640030773,0.07126668088092902,0.050627323372669085,43.94920437354473,-4.120353815451061e-05,0.002576789210751329,0.01313991668307446,0.0007542602074779303,-0.0004831116608573077,0.0010424741771098492,0.029635513487612286
1972,0.31073632129328793,11.616304121784047,-0.0015981206764480128,-0.5156488720977743,0.07387529761093373,0.03543535357033662,43.89485086585604,0.3075626164841414,11.619300019757109,0.0004751527116997646,-0.5119936703015585,0.07592718165625101,0.03614790954758124,43.92679437509564,-0.003173704809146527,0.0029958979730615454,0.0020732733881477774,0.0036552017962158123,0.0020518840453172815,0.0007125559772446222,0.031943509239596324
1973,0.3105158552719335,11.590875533856376,-0.007102845701316538,-0.5014796476787021,0.0752670015250904,0.020232802995930315,43.8701793590869,0.30627909257547037,11.587258214435481,0.005630733673134228,-0.49570903822425993,0.07567763081319345,0.019886321032182387,43.907499205387936,-0.004236762696463114,-0.003617319420895271,0.012733579374450766,0.005770609454442188,0.000410629288103051,-0.00034648196374792786,0.03731984630103824
1974,0.31022852208052526,11.566136478249824,-0.004337957241920875,-0.488068284634428,0.07590415278820381,0.0052532475286062395,43.84554940753774,0.30812883566303423,11.562366116081,-0.01219828666136719,-0.4968575335651935,0.07846579413497645,0.005384580543694579,43.88076443703723,-0.0020996864174910312,-0.003770362168824093,-0.007860329419446314,-0.008789248930765547,0.0025616413467726418,0.0001313330150883394,0.03521502949948996
1975,0.3098996215243575,11.542069500218247,-0.008828259955071178,-0.47459701997332115,0.07577824549053332,-0.010289539435425776,43.820920007276726,0.3075590272870647,11.537527380574225,-0.017822639601563172,-0.4777005372229804,0.0754318942426373,-0.010271409884240437,43.859585160896906,-0.0023405942372928257,-0.004542119644021625,-0.008994379646491994,-0.003103517249659238,-0.0003463512478960179,1.81295511853391e-05,0.03866515362017964
1976,0.3095213078516884,11.51865346068356,-0.006378634596437564,-0.462031022955324,0.07490051273227555,-0.02481977089488508,43.796339839871194,0.31988753766518463,11.516013030557417,-0.021284721399195117,-0.4591451883474008,0.07586378284683537,-0.025852223042634757,43.82739924152108,0.01036622981349622,-0.0026404301261422347,-0.014906086802757554,0.002885834607923188,0.0009632701145598221,-0.0010324521477496768,0.031059401649883966
1977,0.3091990760679435,11.493959537552309,-0.006620746302586324,-0.5257140403419222,0.07335165932407237,-0.03713436543324223,43.77548901811316,0.30519963155151664,11.49358534368556,0.0009809025820825858,-0.5489451939847407,0.07445908386340427,-0.036221881129226634,43.806807494514906,-0.003999444516426864,-0.0003741938667491951,0.00760164888466891,-0.02323115364281858,0.0011074245393319082,0.0009124843040155955,0.03131847640174357
1978,0.3088397224905754,11.469977109501102,-0.007973036128208023,-0.4335682682262098,0.07108702556361879,-0.05345098498490078,43.74702955193549,0.29741950113531623,11.46205224940777,-0.013459802032374703,-0.44391973559553216,0.07213276807983382,-0.05292554363925046,43.77537523393397,-0.011420221355259164,-0.007924860093330821,-0.00548676590416668,-0.010351467369322354,0.0010457425162150313,0.0005254413456503224,0.028345681998480643
1979,0.3084221401646233,11.446691078965276,-0.00893991141131938,-0.4978613237085292,0.06813393113402552,-0.06467279219883,43.72621564352077,0.2962111343860369,11.443159292890147,-0.0016302812297646126,-0.4997636376141353,0.06702393133521944,-0.06504291105183875,43.757049436336835,-0.012211005778586415,-0.003531786075129162,0.007309630181554767,-0.001902313905606079,-0.0011099997988060772,-0.0003701188530087496,0.03083379281606824
1980,0.3080243255934178,11.42214133504474,-0.007269447777183421,-0.4841141924714812,0.06460485024135573,-0.07649044350796134,43.70159450005142,0.30243445752300685,11.421271504857948,0.008122420535331867,-0.49581282708997115,0.06473692043675427,-0.07684406017076374,43.73405840280588,-0.005589868070410953,-0.0008698301867919866,0.015391868312515287,-0.011698634618489967,0.0001320701953985426,-0.00035361666280239734,0.03246390275445776
1981,0.3077495263310744,11.398274625166609,-0.004067882828309827,-0.4705399182618948,0.06050204140843939,-0.08762190980869214,43.67698587299286,0.3167681562287066,11.397024549975495,0.0022072345486785485,-0.48826374547736373,0.06071438889037628,-0.09005650070884773,43.71444255903364,0.009018629897632191,-0.0012500751911144192,0.006275117376988376,-0.017723827215468946,0.00021234748193688785,-0.0024345909001555893,0.03745668604078389
1982,0.30766644253653147,11.375078075812784,0.00035494019583790296,-0.45730682693614105,0.05587299532005305,-0.09753993372676172,43.65239785238622,0.30836772953775693,11.365293051176447,0.010101140177147873,-0.44123315566193544,0.05718344867102809,-0.09680736212461342,43.68413537583764,0.0007012870012254591,-0.009785024636336459,0.00974619998130997,0.016073671274205614,0.0013104533509750438,0.0007325716021482909,0.03173752345141878
